full_sq,life_sq,floor,max_floor,build_year,num_room,kitch_sq,sub_area,price_doc
42,28.0,8.0,9.0,1969.0,2.0,6.0,Pechatniki,7100000
55,41.0,4.0,5.0,1960.0,3.0,5.0,Dorogomilovo,11500000
43,29.0,4.0,5.0,1960.0,2.0,5.0,Ivanovskoe,5800000
62,35.0,15.0,22.0,1985.0,2.0,10.0,Jasenevo,11400000
80,55.0,15.0,24.0,2017.0,3.0,12.0,Nagatinskij Zaton,12697154
42,18.0,19.0,23.0,2006.0,1.0,10.0,Rjazanskij,2000000
32,18.0,1.0,9.0,1970.0,1.0,6.0,Caricyno,5700000
37,19.0,7.0,17.0,1986.0,1.0,7.0,Kon'kovo,7850000
51,40.0,6.0,9.0,1969.0,3.0,5.0,Ivanovskoe,9500000
37,19.0,5.0,16.0,1984.0,1.0,9.0,Vyhino-Zhulebino,6100000
79,77.0,9.0,17.0,2013.0,3.0,1.0,Nekrasovka,7257928
75,44.0,15.0,16.0,1980.0,3.0,10.0,Jasenevo,10800000
77,75.0,1.0,6.0,2014.0,3.0,11.0,Poselenie Sosenskoe,7251160
36,19.0,10.0,17.0,1993.0,1.0,7.0,Mitino,6650000
38,20.0,10.0,14.0,1997.0,1.0,8.0,Matushkino,1100000
38,19.0,11.0,16.0,1981.0,1.0,8.0,Ostankinskoe,8200000
43,28.0,5.0,5.0,1964.0,2.0,5.0,Nagatinskij Zaton,6920000
73,44.0,4.0,17.0,1985.0,3.0,10.0,Krylatskoe,15300000
55,32.0,12.0,16.0,1979.0,2.0,8.0,Otradnoe,9000000
59,44.0,9.0,9.0,1970.0,3.0,5.0,Ivanovskoe,7600000
34,19.0,3.0,12.0,1969.0,1.0,9.0,Mozhajskoe,5800000
90,48.0,3.0,20.0,2004.0,3.0,11.0,Teplyj Stan,17300000
30,18.0,5.0,5.0,1960.0,1.0,6.0,Ivanovskoe,1200000
77,0.0,16.0,22.0,0.0,3.0,0.0,Poselenie Shherbinka,5615703
37,19.0,13.0,17.0,2006.0,1.0,7.0,Juzhnoe Medvedkovo,7100000
77,46.0,20.0,22.0,1994.0,3.0,9.0,Butyrskoe,14100000
34,19.0,12.0,,,,,Birjulevo Zapadnoe,4700000
44,28.0,1.0,9.0,1972.0,2.0,6.0,Ivanovskoe,6500000
55,32.0,22.0,27.0,2006.0,2.0,7.0,Horoshevo-Mnevniki,14050000
37,18.0,2.0,,,,,Orehovo-Borisovo Juzhnoe,5900000
66,66.0,5.0,6.0,2014.0,2.0,0.0,Ramenki,10630400
38,,12.0,,,,,Poselenie Voskresenskoe,3839320
43,43.0,4.0,12.0,2013.0,2.0,1.0,Poselenie Sosenskoe,4546500
1,1.0,1.0,1.0,1.0,1.0,1.0,Poselenie Voskresenskoe,7820575
117,66.0,8.0,23.0,2010.0,3.0,12.0,Mitino,6400000
94,52.0,8.0,20.0,2012.0,3.0,11.0,Nagatino-Sadovniki,9000000
38,19.0,12.0,16.0,1976.0,1.0,10.0,Golovinskoe,2000000
150,80.0,6.0,16.0,2000.0,3.0,25.0,Krylatskoe,36500000
31,18.0,3.0,5.0,1966.0,1.0,5.0,Savelovskoe,5950000
38,37.0,5.0,17.0,2015.0,1.0,10.0,Nekrasovka,4033260
58,32.0,8.0,17.0,1989.0,2.0,10.0,Brateevo,6000000
76,45.0,5.0,17.0,1987.0,3.0,10.0,Orehovo-Borisovo Juzhnoe,13200000
84,62.0,4.0,6.0,1932.0,4.0,7.0,Krasnosel'skoe,15200000
68,46.0,3.0,16.0,1977.0,3.0,7.0,Bogorodskoe,9000000
76,44.0,5.0,17.0,1986.0,3.0,10.0,Krylatskoe,16000000
39,20.0,12.0,12.0,1983.0,1.0,8.0,Birjulevo Vostochnoe,5500000
74,43.0,9.0,17.0,1993.0,3.0,10.0,Vyhino-Zhulebino,11600000
44,30.0,5.0,5.0,1962.0,2.0,5.0,Severnoe Izmajlovo,2250000
38,23.0,9.0,12.0,1969.0,2.0,6.0,Preobrazhenskoe,7250000
62,32.0,8.0,17.0,2008.0,2.0,12.0,Beskudnikovskoe,10600000
62,62.0,5.0,20.0,0.0,2.0,0.0,Poselenie Vnukovskoe,6844024
38,23.0,7.0,14.0,1969.0,2.0,6.0,Sviblovo,6900000
102,63.0,22.0,22.0,2003.0,4.0,10.0,Hovrino,18500000
56,40.0,3.0,9.0,1965.0,3.0,4.0,Danilovskoe,9250000
36,19.0,14.0,17.0,1990.0,1.0,7.0,Severnoe Butovo,7050000
39,,14.0,0.0,,1.0,0.0,Sviblovo,8159000
41,41.0,12.0,13.0,2014.0,1.0,1.0,Poselenie Voskresenskoe,4631820
68,34.0,10.0,20.0,2008.0,2.0,14.0,Moskvorech'e-Saburovo,12200000
34,19.0,5.0,14.0,1971.0,1.0,9.0,Chertanovo Juzhnoe,5700000
32,18.0,9.0,9.0,1978.0,1.0,6.0,Otradnoe,5500000
43,29.0,5.0,5.0,1960.0,2.0,5.0,Presnenskoe,9200000
39,23.0,8.0,12.0,1964.0,2.0,6.0,Presnenskoe,9500000
77,,3.0,25.0,,3.0,1.0,Poselenie Moskovskij,7071250
45,29.0,3.0,5.0,1966.0,2.0,5.0,Akademicheskoe,7900000
109,50.0,5.0,40.0,2012.0,2.0,24.0,Akademicheskoe,22630000
39,22.0,2.0,12.0,1974.0,2.0,6.0,Ochakovo-Matveevskoe,7200000
66,36.0,11.0,17.0,2014.0,2.0,16.0,Poselenie Sosenskoe,4473000
44,30.0,3.0,5.0,1961.0,2.0,5.0,Kotlovka,7300000
79,79.0,14.0,17.0,0.0,3.0,1.0,Nekrasovka,8333550
32,20.0,2.0,5.0,1964.0,1.0,5.0,Metrogorodok,5000000
74,74.0,16.0,,,,,Nekrasovka,6255627
61,,14.0,17.0,2014.0,2.0,1.0,Tverskoe,6973392
133,79.0,5.0,18.0,2012.0,4.0,14.0,Begovoe,7000000
50,30.0,2.0,12.0,2000.0,2.0,8.0,Juzhnoe Butovo,7450000
34,34.0,2.0,5.0,0.0,1.0,0.0,Poselenie Novofedorovskoe,2394300
57,40.0,10.0,10.0,1969.0,3.0,6.0,Vyhino-Zhulebino,7000000
25,14.0,7.0,9.0,1972.0,1.0,5.0,Veshnjaki,4750000
42,42.0,9.0,,,,,Krjukovo,4389000
34,31.0,14.0,1.0,2016.0,1.0,1.0,Mitino,6480273
84,59.0,6.0,8.0,1959.0,3.0,8.0,Lomonosovskoe,20000000
34,19.0,11.0,16.0,1975.0,1.0,9.0,Birjulevo Zapadnoe,5450000
54,32.0,6.0,14.0,1993.0,2.0,8.0,Krjukovo,6630000
97,69.0,2.0,5.0,1957.0,4.0,7.0,Sokolinaja Gora,12500000
38,19.0,7.0,17.0,1987.0,1.0,8.0,Orehovo-Borisovo Juzhnoe,6500000
49,28.0,1.0,9.0,1977.0,2.0,9.0,Juzhnoe Medvedkovo,7600000
42,28.0,4.0,9.0,1968.0,2.0,6.0,Severnoe Tushino,7200000
51,30.0,3.0,17.0,2008.0,2.0,9.0,Babushkinskoe,3127850
54,31.0,14.0,16.0,1979.0,2.0,8.0,Lianozovo,9750000
58,34.0,1.0,2.0,1992.0,10.0,10.0,Krjukovo,6000000
44,27.0,2.0,9.0,1969.0,2.0,5.0,Tekstil'shhiki,6450000
49,29.0,1.0,12.0,1971.0,2.0,7.0,Koptevo,8550000
36,20.0,3.0,12.0,1967.0,1.0,9.0,Nagornoe,6870000
39,,4.0,12.0,2013.0,2.0,1.0,Poselenie Filimonkovskoe,4033260
79,47.0,8.0,17.0,2000.0,3.0,10.0,Horoshevskoe,18900000
80,1.0,16.0,1.0,2015.0,3.0,1.0,Mitino,11125983
33,15.0,12.0,14.0,2003.0,1.0,7.0,Juzhnoe Butovo,5300000
47,31.0,9.0,12.0,1969.0,2.0,8.0,Altuf'evskoe,7000000
30,17.0,5.0,,,,,Ramenki,7300000
38,19.0,11.0,17.0,2006.0,1.0,7.0,Beskudnikovskoe,6400000
44,27.0,5.0,,,,,Jasenevo,990000
52,31.0,7.0,12.0,1981.0,2.0,9.0,Kapotnja,6600000
62,36.0,1.0,5.0,1956.0,2.0,7.0,Ochakovo-Matveevskoe,8500000
51,51.0,5.0,0.0,0.0,2.0,0.0,Poselenie Vnukovskoe,6168965
74,74.0,14.0,1.0,1.0,1.0,1.0,Nekrasovka,7419500
35,19.0,11.0,12.0,1967.0,1.0,9.0,Zapadnoe Degunino,6150000
46,30.0,9.0,9.0,1975.0,2.0,6.0,Chertanovo Central'noe,7300000
32,32.0,8.0,9.0,1972.0,1.0,1.0,Chertanovo Juzhnoe,5630000
62,22.0,18.0,19.0,2010.0,1.0,12.0,Izmajlovo,4517245
47,30.0,3.0,12.0,1972.0,2.0,6.0,Chertanovo Severnoe,8800000
30,17.0,1.0,5.0,1966.0,1.0,5.0,Preobrazhenskoe,1000000
51,30.0,4.0,14.0,1995.0,2.0,8.0,Mar'ino,3000000
82,54.0,6.0,8.0,1960.0,3.0,10.0,Ajeroport,19500000
63,30.0,4.0,4.0,2015.0,2.0,12.0,Poselenie Voskresenskoe,6570520
88,,13.0,22.0,,2.0,1.0,Poselenie Moskovskij,9880696
31,21.0,1.0,9.0,1965.0,1.0,5.0,Vyhino-Zhulebino,4950000
73,73.0,12.0,17.0,2016.0,2.0,1.0,Poselenie Sosenskoe,7375220
76,45.0,9.0,17.0,1987.0,3.0,10.0,Novokosino,10300000
42,27.0,1.0,5.0,1964.0,2.0,5.0,Akademicheskoe,7000000
68,30.0,7.0,,,,,Nagatino-Sadovniki,13186113
72,,23.0,25.0,,2.0,0.0,Nekrasovka,6906500
39,22.0,8.0,12.0,1971.0,2.0,6.0,Horoshevo-Mnevniki,8770000
50,34.0,9.0,9.0,1969.0,3.0,6.0,Severnoe Medvedkovo,9200000
51,30.0,4.0,17.0,1988.0,2.0,8.0,Moskvorech'e-Saburovo,9150000
32,21.0,6.0,9.0,1964.0,1.0,5.0,Bogorodskoe,5250000
41,20.0,12.0,14.0,1985.0,1.0,8.0,Strogino,8000000
35,18.0,3.0,4.0,1958.0,1.0,8.0,Mozhajskoe,5900000
39,21.0,8.0,,,,,Birjulevo Vostochnoe,5400000
67,30.0,9.0,22.0,2006.0,2.0,10.0,Kuncevo,13100000
41,20.0,4.0,14.0,1985.0,1.0,8.0,Brateevo,6800000
35,19.0,1.0,14.0,1975.0,1.0,9.0,Ochakovo-Matveevskoe,5300000
38,16.0,2.0,14.0,1977.0,1.0,9.0,Vojkovskoe,7500000
47,31.0,3.0,,,,,Ochakovo-Matveevskoe,6500000
46,28.0,6.0,9.0,1973.0,2.0,6.0,Orehovo-Borisovo Severnoe,7800000
89,48.0,12.0,25.0,2012.0,2.0,14.0,Poselenie Moskovskij,4985156
73,45.0,17.0,17.0,1994.0,3.0,9.0,Chertanovo Juzhnoe,11000000
53,50.0,2.0,12.0,1973.0,2.0,9.0,Vyhino-Zhulebino,7450000
33,18.0,4.0,9.0,1969.0,1.0,6.0,Chertanovo Severnoe,6500000
56,40.0,2.0,5.0,1966.0,3.0,5.0,Severnoe Butovo,1200000
74,,14.0,22.0,2015.0,2.0,1.0,Nagornoe,13149382
79,45.0,5.0,17.0,2003.0,3.0,12.0,Ljublino,3000000
45,45.0,2.0,10.0,2016.0,2.0,10.0,Horoshevskoe,6979860
28,15.0,3.0,5.0,1965.0,1.0,5.0,Kotlovka,5300000
35,19.0,9.0,16.0,1976.0,1.0,8.0,Bibirevo,2000000
64,64.0,6.0,9.0,0.0,2.0,1.0,Poselenie Vnukovskoe,8474131
77,77.0,13.0,17.0,2014.0,3.0,1.0,Poselenie Vnukovskoe,8279966
57,42.0,2.0,9.0,1968.0,3.0,5.0,Ochakovo-Matveevskoe,11150000
37,19.0,10.0,16.0,1983.0,1.0,9.0,Golovinskoe,2000000
36,20.0,12.0,12.0,1965.0,1.0,9.0,Mozhajskoe,5500000
45,28.0,4.0,12.0,1966.0,2.0,5.0,Zjuzino,7700000
47,27.0,7.0,9.0,1973.0,2.0,6.0,Ivanovskoe,6400000
54,28.0,12.0,16.0,1974.0,2.0,11.0,Teplyj Stan,9500000
80,47.0,3.0,,,,,Ajeroport,4566666
83,46.0,7.0,17.0,2003.0,3.0,10.0,Mar'ino,12300000
87,50.0,14.0,16.0,1999.0,3.0,12.0,Mitino,14500000
62,32.0,4.0,12.0,2005.0,2.0,12.0,Kosino-Uhtomskoe,9000000
37,19.0,15.0,17.0,2010.0,1.0,7.0,Otradnoe,4268000
43,32.0,3.0,5.0,1960.0,2.0,5.0,Jakimanka,8400000
34,34.0,2.0,5.0,2016.0,1.0,12.0,Poselenie Novofedorovskoe,2221760
73,43.0,2.0,22.0,1990.0,3.0,10.0,Ostankinskoe,14400000
38,19.0,15.0,17.0,2002.0,1.0,7.0,Severnoe Butovo,7900000
46,,2.0,17.0,2014.0,1.0,1.0,Tverskoe,5347960
54,27.0,2.0,16.0,1975.0,2.0,11.0,Staroe Krjukovo,7000000
46,28.0,12.0,,,,,Taganskoe,1350000
62,38.0,1.0,9.0,1969.0,3.0,8.0,Preobrazhenskoe,8400000
62,33.0,11.0,14.0,2006.0,2.0,11.0,Kosino-Uhtomskoe,9150000
110,55.0,3.0,22.0,2007.0,3.0,17.0,Fili Davydkovo,25400000
45,,1.0,1.0,,1.0,1.0,Poselenie Vnukovskoe,4210817
45,,11.0,,,,,Poselenie Sosenskoe,3809700
85,54.0,4.0,12.0,2001.0,3.0,10.0,Basmannoe,16000000
107,107.0,10.0,10.0,2015.0,3.0,0.0,Ramenki,17471400
39,20.0,1.0,12.0,1979.0,1.0,8.0,Otradnoe,990000
138,89.0,3.0,3.0,2013.0,1.0,42.0,Poselenie Pervomajskoe,5490000
45,30.0,4.0,12.0,1972.0,2.0,6.0,Birjulevo Vostochnoe,3000000
34,27.0,6.0,12.0,1982.0,1.0,7.0,Nizhegorodskoe,6640000
66,39.0,5.0,12.0,1975.0,3.0,8.0,Bibirevo,10000000
33,17.0,5.0,5.0,1950.0,1.0,7.0,Lefortovo,6550000
53,28.0,15.0,23.0,2007.0,2.0,8.0,Ramenki,13800000
54,32.0,8.0,17.0,1997.0,2.0,9.0,Mitino,8250000
39,26.0,9.0,5.0,1965.0,2.0,5.0,Bogorodskoe,7800000
42,28.0,7.0,9.0,1968.0,2.0,5.0,Hovrino,7400000
38,20.0,6.0,22.0,2007.0,1.0,10.0,Severnoe,6250000
82,76.0,5.0,,,,,Mitino,11478846
37,18.0,7.0,22.0,2001.0,1.0,10.0,Kon'kovo,8500000
30,17.0,2.0,5.0,1966.0,1.0,5.0,Novogireevo,5450000
33,17.0,5.0,5.0,2005.0,1.0,6.0,Poselenie Marushkinskoe,3600000
37,37.0,7.0,15.0,2015.0,1.0,37.0,Poselenie Shherbinka,3140280
85,,5.0,17.0,,3.0,1.0,Poselenie Vnukovskoe,9349748
41,20.0,9.0,12.0,1983.0,1.0,8.0,Juzhnoe Medvedkovo,6700000
86,70.0,37.0,38.0,2011.0,1.0,0.0,Horoshevskoe,9366623
62,62.0,23.0,24.0,2014.0,2.0,10.0,Poselenie Vnukovskoe,7551312
60,42.0,10.0,12.0,1974.0,3.0,6.0,Taganskoe,10500000
89,,9.0,,,,,Pokrovskoe Streshnevo,12864950
36,19.0,8.0,17.0,2002.0,1.0,6.0,Cheremushki,10000000
33,19.0,1.0,9.0,1971.0,1.0,6.0,Veshnjaki,5000000
84,49.0,4.0,6.0,1951.0,3.0,11.0,Juzhnoportovoe,14200000
80,45.0,3.0,25.0,1981.0,3.0,10.0,Tverskoe,13500000
81,81.0,8.0,10.0,1955.0,4.0,11.0,Mar'ina Roshha,15200000
33,18.0,5.0,3.0,1960.0,1.0,6.0,Zapadnoe Degunino,5100000
38,19.0,14.0,,,,,Ljublino,5900000
55,32.0,5.0,14.0,1970.0,2.0,8.0,Babushkinskoe,10750000
31,30.0,9.0,,,,,Presnenskoe,1000000
75,44.0,2.0,17.0,1985.0,3.0,10.0,Troparevo-Nikulino,13600000
37,22.0,9.0,9.0,1961.0,2.0,7.0,Zamoskvorech'e,9300000
53,30.0,9.0,12.0,1974.0,2.0,8.0,Bibirevo,8400000
54,53.0,2.0,,,,,Nizhegorodskoe,5700000
38,20.0,1.0,14.0,2002.0,1.0,8.0,Bibirevo,5850000
17,13.0,5.0,5.0,1961.0,1.0,0.0,Sokolinaja Gora,3000000
66,44.0,10.0,12.0,1969.0,3.0,9.0,Golovinskoe,2000000
58,43.0,4.0,5.0,1962.0,3.0,5.0,Mar'ina Roshha,9500000
45,28.0,4.0,14.0,1973.0,2.0,5.0,Pechatniki,6400000
39,18.0,12.0,14.0,1974.0,1.0,8.0,Pokrovskoe Streshnevo,6650000
34,19.0,4.0,9.0,1973.0,1.0,8.0,Teplyj Stan,6300000
63,44.0,3.0,9.0,1969.0,3.0,7.0,Kon'kovo,10400000
32,18.0,6.0,9.0,1970.0,1.0,6.0,Losinoostrovskoe,5300000
63,38.0,8.0,9.0,1977.0,3.0,8.0,Juzhnoe Medvedkovo,11900000
79,,15.0,17.0,,3.0,1.0,Poselenie Vnukovskoe,8354856
41,20.0,7.0,12.0,1985.0,1.0,8.0,Perovo,6050000
72,41.0,9.0,12.0,1981.0,3.0,9.0,Silino,4000000
54,34.0,4.0,4.0,1956.0,2.0,8.0,Donskoe,2000000
51,31.0,14.0,17.0,1991.0,2.0,8.0,Mar'ino,8900000
37,17.0,15.0,23.0,1987.0,1.0,7.0,Nagatinskij Zaton,7000000
59,1.0,1.0,1.0,1.0,1.0,1.0,Nekrasovka,6028200
37,15.0,1.0,6.0,1952.0,1.0,6.0,Donskoe,11730000
31,19.0,5.0,5.0,1966.0,1.0,6.0,Tverskoe,7350000
43,28.0,2.0,,,,,Novogireevo,5250000
74,45.0,10.0,17.0,1990.0,3.0,10.0,Severnoe Butovo,11400000
60,60.0,11.0,,,,,Nekrasovka,5455000
84,46.0,6.0,24.0,2012.0,2.0,12.0,Mitino,8797000
32,19.0,8.0,9.0,1977.0,1.0,6.0,Jasenevo,5740000
59,59.0,1.0,,,,,Poselenie Moskovskij,4194444
57,35.0,3.0,14.0,2002.0,2.0,8.0,Obruchevskoe,11300000
55,29.0,12.0,25.0,2001.0,2.0,9.0,Brateevo,8800000
50,29.0,12.0,14.0,1987.0,2.0,8.0,Novokosino,8000000
58,32.0,16.0,17.0,1984.0,2.0,10.0,Kuncevo,9300000
52,30.0,14.0,14.0,1985.0,2.0,8.0,Brateevo,7400000
31,19.0,3.0,5.0,1963.0,1.0,5.0,Cheremushki,5225000
46,29.0,5.0,9.0,1972.0,2.0,5.0,Chertanovo Juzhnoe,1000000
73,73.0,5.0,5.0,0.0,2.0,1.0,Tverskoe,9009389
186,86.0,3.0,3.0,2010.0,4.0,32.0,Timirjazevskoe,15000000
46,28.0,1.0,9.0,1970.0,2.0,6.0,Hovrino,2000000
77,51.0,2.0,8.0,1957.0,3.0,8.0,Gagarinskoe,21500000
65,43.0,4.0,12.0,1972.0,3.0,6.0,Ostankinskoe,11500000
40,16.0,7.0,1.0,,1.0,12.0,Poselenie Voskresenskoe,5265572
66,46.0,13.0,16.0,1983.0,3.0,7.0,Basmannoe,13300000
35,18.0,2.0,12.0,1980.0,1.0,6.0,Altuf'evskoe,5600000
46,27.0,9.0,12.0,1973.0,2.0,6.0,Ostankinskoe,9100000
53,28.0,6.0,8.0,1962.0,2.0,9.0,Presnenskoe,2000000
36,,11.0,1.0,2014.0,1.0,1.0,Strogino,7644175
32,18.0,6.0,9.0,1990.0,1.0,6.0,Veshnjaki,5400000
29,17.0,5.0,5.0,1964.0,1.0,5.0,Preobrazhenskoe,4750000
74,41.0,7.0,14.0,1994.0,3.0,8.0,Caricyno,14250000
30,18.0,2.0,5.0,1960.0,1.0,6.0,Presnenskoe,5450000
37,19.0,17.0,17.0,1991.0,1.0,8.0,Krjukovo,4500000
31,15.0,1.0,9.0,1969.0,1.0,6.0,Pechatniki,1000000
52,30.0,11.0,17.0,1990.0,2.0,8.0,Babushkinskoe,6500000
38,18.0,17.0,25.0,2001.0,1.0,9.0,Brateevo,6800000
82,76.0,23.0,23.0,1990.0,3.0,1.0,Mitino,11754864
53,30.0,11.0,16.0,1980.0,2.0,8.0,Lianozovo,9000000
77,52.0,7.0,14.0,1995.0,3.0,11.0,Krjukovo,1300000
39,17.0,6.0,17.0,2008.0,1.0,8.0,Beskudnikovskoe,5550000
38,19.0,4.0,16.0,1974.0,1.0,9.0,Bogorodskoe,6800000
80,40.0,5.0,30.0,2012.0,2.0,13.0,Zjuzino,14634800
58,32.0,11.0,17.0,1990.0,2.0,10.0,Krjukovo,6800000
62,38.0,4.0,9.0,1976.0,3.0,7.0,Danilovskoe,2200000
110,,26.0,,,,,Juzhnoportovoe,16118400
35,19.0,4.0,12.0,1976.0,1.0,7.0,Birjulevo Vostochnoe,4500000
97,56.0,16.0,23.0,2007.0,3.0,10.0,Kurkino,3000000
39,39.0,8.0,,,,,Poselenie Sosenskoe,3940200
42,26.0,1.0,5.0,1964.0,2.0,6.0,Pechatniki,5300000
75,43.0,5.0,14.0,1995.0,3.0,10.0,Matushkino,1000000
78,44.0,4.0,17.0,2002.0,3.0,12.0,Moskvorech'e-Saburovo,13250000
64,1.0,7.0,15.0,2015.0,2.0,1.0,Poselenie Sosenskoe,5566140
84,57.0,5.0,,,,,Taganskoe,16200000
132,70.0,24.0,25.0,2009.0,3.0,18.0,Poselenie Moskovskij,6700000
32,16.0,8.0,12.0,1973.0,1.0,7.0,Ivanovskoe,5500000
62,32.0,3.0,17.0,2014.0,2.0,10.0,Poselenie Desjonovskoe,5654553
54,32.0,11.0,17.0,2000.0,2.0,9.0,Mar'ino,11100000
38,20.0,8.0,12.0,1983.0,1.0,8.0,Birjulevo Vostochnoe,5100000
74,45.0,2.0,17.0,1989.0,3.0,10.0,Juzhnoportovoe,10850000
59,44.0,4.0,9.0,1970.0,2.0,6.0,Veshnjaki,1000000
58,58.0,2.0,17.0,2013.0,2.0,10.0,Poselenie Desjonovskoe,5361876
42,17.0,5.0,17.0,1998.0,1.0,12.0,Ramenki,11200000
41,21.0,4.0,12.0,1983.0,1.0,8.0,Ljublino,6250000
30,18.0,1.0,5.0,1963.0,1.0,5.0,Bogorodskoe,3900000
62,62.0,2.0,22.0,2015.0,1.0,1.0,Poselenie Shherbinka,5069673
33,18.0,1.0,12.0,1971.0,1.0,9.0,Caricyno,5100000
103,103.0,24.0,,,,,Poselenie Moskovskij,8269489
36,36.0,1.0,17.0,1986.0,1.0,7.0,Kon'kovo,5650000
36,17.0,18.0,22.0,2012.0,1.0,9.0,Zjuzino,2000000
86,86.0,13.0,1.0,1.0,3.0,1.0,Poselenie Sosenskoe,9239506
59,,19.0,21.0,,2.0,1.0,Tverskoe,6146400
73,43.0,11.0,16.0,1982.0,3.0,10.0,Troparevo-Nikulino,13500000
20,14.0,4.0,,,,,Solncevo,2716000
61,32.0,15.0,17.0,2008.0,2.0,12.0,Poselenie Moskovskij,3965000
44,29.0,3.0,4.0,1890.0,3.0,6.0,Krasnosel'skoe,12500000
84,,13.0,22.0,0.0,3.0,1.0,Poselenie Vnukovskoe,9982898
35,34.0,4.0,10.0,2013.0,1.0,10.0,Poselenie Filimonkovskoe,2503764
44,28.0,3.0,9.0,1973.0,2.0,5.0,Gol'janovo,6800000
54,38.0,5.0,,,,,Ljublino,6100000
75,44.0,14.0,17.0,2015.0,3.0,10.0,Nekrasovka,6993600
45,26.0,9.0,,,,,Jaroslavskoe,1000000
91,87.0,3.0,4.0,0.0,3.0,12.0,Poselenie Pervomajskoe,5955300
58,54.0,7.0,,,,,Mitino,7670520
44,30.0,2.0,5.0,1960.0,2.0,5.0,Horoshevo-Mnevniki,7200000
79,51.0,1.0,5.0,1959.0,3.0,8.0,Timirjazevskoe,10925000
31,19.0,3.0,5.0,1961.0,1.0,5.0,Pokrovskoe Streshnevo,6700000
65,35.0,7.0,12.0,1.0,2.0,1.0,Zapadnoe Degunino,5415070
40,18.0,2.0,17.0,2004.0,1.0,8.0,Severnoe Butovo,7250000
38,,17.0,17.0,,1.0,1.0,Tverskoe,4370781
31,16.0,5.0,5.0,1960.0,1.0,5.0,Akademicheskoe,6600000
50,34.0,6.0,9.0,1968.0,3.0,6.0,Kuz'minki,7050000
39,39.0,9.0,17.0,2015.0,1.0,1.0,Poselenie Filimonkovskoe,3205282
36,22.0,5.0,,,,,Caricyno,5200000
61,1.0,8.0,17.0,2014.0,2.0,1.0,Poselenie Sosenskoe,8020375
53,30.0,7.0,,,,,Fili Davydkovo,8400000
62,62.0,16.0,17.0,1.0,2.0,1.0,Poselenie Moskovskij,5294087
41,26.0,5.0,5.0,1965.0,2.0,8.0,Severnoe Izmajlovo,5400000
56,42.0,4.0,5.0,1964.0,3.0,5.0,Ljublino,8100000
37,,10.0,17.0,,1.0,1.0,Solncevo,3860454
55,28.0,18.0,18.0,2006.0,2.0,9.0,Bogorodskoe,10750000
47,45.0,9.0,9.0,1976.0,2.0,6.0,Cheremushki,2000000
38,19.0,9.0,17.0,2000.0,1.0,8.0,Beskudnikovskoe,1000000
65,64.0,11.0,12.0,2015.0,3.0,11.0,Poselenie Filimonkovskoe,4605291
32,21.0,8.0,9.0,1962.0,1.0,5.0,Ostankinskoe,2000000
33,33.0,2.0,9.0,1970.0,1.0,6.0,Chertanovo Central'noe,5600000
79,47.0,3.0,9.0,2003.0,3.0,8.0,Juzhnoe Butovo,10900000
47,31.0,1.0,12.0,1967.0,2.0,8.0,Preobrazhenskoe,7550000
39,,9.0,20.0,2016.0,1.0,10.0,Nagornoe,8630820
30,18.0,4.0,5.0,1962.0,1.0,5.0,Horoshevo-Mnevniki,5100000
31,18.0,4.0,9.0,1963.0,1.0,7.0,Juzhnoportovoe,7100000
58,31.0,4.0,,,,,Jasenevo,9200000
51,51.0,3.0,17.0,0.0,2.0,1.0,Tverskoe,6192373
74,,1.0,0.0,,2.0,0.0,Poselenie Vnukovskoe,6330265
58,42.0,7.0,9.0,1974.0,3.0,6.0,Staroe Krjukovo,7500000
35,18.0,6.0,9.0,1976.0,1.0,8.0,Zamoskvorech'e,8750000
42,29.0,1.0,,,,,Kon'kovo,5600000
37,19.0,13.0,14.0,1974.0,1.0,9.0,Perovo,6500000
55,37.0,5.0,5.0,1962.0,3.0,5.0,Filevskij Park,5000000
59,59.0,4.0,25.0,,2.0,1.0,Poselenie Moskovskij,5876815
82,82.0,4.0,10.0,0.0,3.0,8.0,Ochakovo-Matveevskoe,1100000
77,46.0,9.0,14.0,1993.0,3.0,10.0,Vyhino-Zhulebino,11000000
43,28.0,5.0,5.0,1963.0,2.0,5.0,Losinoostrovskoe,5800000
36,16.0,4.0,12.0,1986.0,1.0,7.0,Otradnoe,7000000
52,52.0,17.0,17.0,2014.0,2.0,1.0,Poselenie Vnukovskoe,6124801
36,17.0,14.0,17.0,1981.0,1.0,10.0,Birjulevo Vostochnoe,5000000
120,1.0,6.0,6.0,2014.0,3.0,1.0,Izmajlovo,23975728
57,,20.0,1.0,1.0,2.0,1.0,Mitino,9704567
39,20.0,1.0,12.0,1980.0,1.0,8.0,Strogino,6350000
39,,17.0,1.0,,1.0,1.0,Nekrasovka,4542500
35,17.0,5.0,12.0,1978.0,1.0,6.0,Otradnoe,4500000
64,64.0,2.0,17.0,,2.0,1.0,Poselenie Moskovskij,5861293
31,19.0,2.0,5.0,1962.0,1.0,5.0,Juzhnoe Tushino,5250000
31,17.0,4.0,5.0,1963.0,1.0,5.0,Metrogorodok,5515000
89,,22.0,22.0,2013.0,3.0,1.0,Chertanovo Severnoe,13194708
43,26.0,3.0,5.0,1967.0,2.0,5.0,Golovinskoe,7700000
40,,17.0,17.0,,1.0,1.0,Poselenie Moskovskij,3800280
35,19.0,4.0,3.0,1974.0,1.0,8.0,Gagarinskoe,8900000
62,,15.0,,,,,Nekrasovka,5541804
58,44.0,9.0,9.0,1972.0,3.0,5.0,Chertanovo Juzhnoe,7950000
40,,6.0,1.0,1.0,1.0,1.0,Nekrasovka,5139000
32,18.0,4.0,9.0,1979.0,1.0,5.0,Strogino,6000000
38,19.0,13.0,14.0,1992.0,1.0,8.0,Krjukovo,5150000
48,32.0,5.0,5.0,1965.0,3.0,5.0,Fili Davydkovo,7900000
44,30.0,5.0,5.0,1961.0,2.0,5.0,Marfino,6200000
52,30.0,6.0,14.0,1994.0,2.0,8.0,Mar'ino,9300000
32,18.0,5.0,5.0,1963.0,1.0,5.0,Metrogorodok,5250000
36,22.0,2.0,9.0,1962.0,2.0,7.0,Vostochnoe Izmajlovo,3000000
43,27.0,1.0,,,,,Jaroslavskoe,5700000
52,29.0,7.0,14.0,1976.0,2.0,8.0,Preobrazhenskoe,11300000
58,32.0,8.0,17.0,1997.0,2.0,10.0,Brateevo,8800000
43,43.0,6.0,,,,,Krjukovo,4498010
31,1.0,3.0,5.0,1965.0,1.0,1.0,Zjuzino,1000000
60,60.0,17.0,25.0,0.0,2.0,0.0,Poselenie Moskovskij,6471885
45,19.0,3.0,5.0,2013.0,1.0,1.0,Poselenie Krasnopahorskoe,2938008
47,30.0,11.0,12.0,1975.0,2.0,6.0,Orehovo-Borisovo Severnoe,7000000
59,59.0,24.0,1.0,2012.0,2.0,1.0,Strogino,11309400
35,19.0,10.0,16.0,1976.0,1.0,8.0,Bibirevo,6700000
97,93.0,15.0,17.0,2015.0,3.0,1.0,Nagornoe,17619922
76,43.0,7.0,12.0,1986.0,3.0,8.0,Metrogorodok,12600000
82,41.0,8.0,18.0,2005.0,2.0,12.0,Kurkino,16100000
78,52.0,3.0,9.0,1956.0,3.0,8.0,Lomonosovskoe,21000000
45,29.0,3.0,5.0,1964.0,2.0,5.0,Severnoe Tushino,3000000
41,21.0,4.0,12.0,1990.0,1.0,8.0,Nagatino-Sadovniki,7400000
76,45.0,8.0,17.0,1987.0,3.0,10.0,Krylatskoe,14700000
44,27.0,8.0,,,,,Birjulevo Zapadnoe,5600000
87,56.0,7.0,9.0,1954.0,3.0,9.0,Nagatino-Sadovniki,13450000
71,71.0,7.0,1.0,2015.0,3.0,1.0,Nekrasovka,6993600
58,34.0,5.0,17.0,1998.0,2.0,10.0,Mar'ino,9400000
32,18.0,6.0,9.0,1967.0,1.0,6.0,Severnoe Tushino,5800000
69,45.0,6.0,6.0,1927.0,3.0,6.0,Sokolinaja Gora,10400000
46,30.0,5.0,12.0,1966.0,2.0,9.0,Staroe Krjukovo,6250000
30,18.0,4.0,,,,,Sviblovo,5250000
56,,2.0,16.0,2014.0,2.0,1.0,Poselenie Shherbinka,5483590
28,26.0,2.0,,,,,Poselenie Filimonkovskoe,1932166
34,21.0,1.0,4.0,1972.0,1.0,5.0,Vostochnoe,4900000
48,16.0,4.0,17.0,2015.0,1.0,13.0,Poselenie Moskovskij,6494997
43,26.0,5.0,5.0,1961.0,2.0,6.0,Zapadnoe Degunino,6000000
45,40.0,2.0,2.0,2014.0,1.0,12.0,Poselenie Voskresenskoe,4951853
38,23.0,8.0,12.0,1968.0,2.0,5.0,Caricyno,6400000
51,30.0,7.0,17.0,2009.0,2.0,9.0,Poselenie Moskovskij,3193000
47,46.0,12.0,12.0,2014.0,2.0,1.0,Poselenie Filimonkovskoe,3837492
37,22.0,2.0,9.0,1964.0,2.0,7.0,Perovo,7300000
44,28.0,5.0,5.0,1959.0,2.0,5.0,Rjazanskij,5600000
42,27.0,1.0,5.0,1964.0,2.0,5.0,Tekstil'shhiki,12000000
64,64.0,1.0,3.0,2014.0,2.0,0.0,Poselenie Filimonkovskoe,5877000
39,19.0,9.0,17.0,2007.0,1.0,7.0,Severnoe,5500000
47,31.0,13.0,14.0,1972.0,2.0,8.0,Zamoskvorech'e,6900000
63,63.0,3.0,0.0,2015.0,2.0,0.0,Nagornoe,14684859
63,44.0,7.0,12.0,1977.0,3.0,6.0,Altuf'evskoe,2500000
38,38.0,15.0,17.0,2014.0,1.0,1.0,Tverskoe,4960532
60,28.0,5.0,9.0,1969.0,2.0,12.0,Savelki,6600000
41,16.0,3.0,25.0,2004.0,1.0,12.0,Birjulevo Vostochnoe,990000
54,32.0,12.0,16.0,1979.0,2.0,9.0,Juzhnoe Medvedkovo,8500000
73,42.0,5.0,7.0,1917.0,3.0,9.0,Meshhanskoe,17250000
41,20.0,4.0,12.0,1981.0,1.0,8.0,Strogino,7450000
134,134.0,3.0,3.0,0.0,3.0,0.0,Poselenie Sosenskoe,13000000
46,46.0,18.0,25.0,2015.0,1.0,10.0,Filevskij Park,10055536
82,82.0,,,,,,Troickij okrug,3493500
58,32.0,13.0,22.0,2002.0,2.0,10.0,Moskvorech'e-Saburovo,11600000
30,18.0,6.0,9.0,1970.0,1.0,5.0,Ivanovskoe,4900000
42,27.0,5.0,7.0,1930.0,2.0,6.0,Tverskoe,13800000
101,63.0,3.0,22.0,1988.0,4.0,10.0,Mar'ino,14200000
43,,14.0,,,,,Poselenie Voskresenskoe,4238000
54,30.0,15.0,17.0,2011.0,2.0,9.0,Poselenie Vnukovskoe,6093750
37,19.0,3.0,16.0,1998.0,1.0,9.0,Strogino,6700000
61,30.0,9.0,12.0,2005.0,2.0,10.0,Akademicheskoe,15000000
38,37.0,2.0,4.0,2015.0,1.0,1.0,Poselenie Filimonkovskoe,2552421
38,21.0,7.0,12.0,1965.0,2.0,6.0,Horoshevo-Mnevniki,1000000
37,,13.0,17.0,2015.0,1.0,10.0,Poselenie Vnukovskoe,4933400
54,32.0,6.0,,,,,Shhukino,9300000
35,19.0,7.0,12.0,1970.0,1.0,9.0,Vyhino-Zhulebino,5650000
106,,2.0,2.0,2014.0,6.0,0.0,Poselenie Pervomajskoe,4980000
38,19.0,3.0,,,,,Severnoe Butovo,7000000
51,30.0,4.0,16.0,1980.0,2.0,8.0,Jaroslavskoe,8500000
41,26.0,1.0,5.0,1964.0,2.0,5.0,Caricyno,6200000
43,43.0,5.0,20.0,1.0,1.0,1.0,Poselenie Vnukovskoe,5347463
71,40.0,5.0,12.0,2011.0,2.0,13.0,Poselenie Sosenskoe,4911450
38,38.0,3.0,17.0,2013.0,1.0,10.0,Poselenie Desjonovskoe,4043090
32,21.0,9.0,9.0,1966.0,1.0,5.0,Ramenki,2000000
58,42.0,3.0,9.0,1974.0,3.0,5.0,Horoshevo-Mnevniki,9600000
42,27.0,9.0,9.0,1974.0,2.0,5.0,Orehovo-Borisovo Juzhnoe,6750000
41,10.0,15.0,17.0,2004.0,2.0,19.0,Troickij okrug,4900000
37,18.0,14.0,14.0,1992.0,1.0,8.0,Vyhino-Zhulebino,1500000
35,20.0,8.0,9.0,1977.0,1.0,6.0,Orehovo-Borisovo Juzhnoe,5400000
54,32.0,13.0,14.0,1997.0,2.0,9.0,Vyhino-Zhulebino,8600000
74,45.0,10.0,17.0,2000.0,3.0,9.0,Vostochnoe Degunino,13000000
56,56.0,12.0,12.0,2013.0,2.0,10.0,Poselenie Desjonovskoe,5102646
59,44.0,1.0,9.0,1974.0,3.0,5.0,Nagatino-Sadovniki,8150000
36,,10.0,12.0,2013.0,1.0,1.0,Poselenie Desjonovskoe,3387323
39,37.0,13.0,17.0,2015.0,1.0,9.0,Nekrasovka,4061390
39,20.0,7.0,12.0,1980.0,1.0,8.0,Chertanovo Juzhnoe,6400000
44,17.0,2.0,24.0,2008.0,1.0,11.0,Obruchevskoe,10300000
34,19.0,2.0,12.0,1972.0,1.0,9.0,Nizhegorodskoe,4500000
32,17.0,12.0,12.0,1966.0,1.0,10.0,Sokol,7600000
38,19.0,8.0,16.0,1979.0,1.0,8.0,Juzhnoe Medvedkovo,2000000
39,19.0,6.0,17.0,1994.0,1.0,8.0,Mitino,1000000
52,30.0,1.0,12.0,1979.0,2.0,9.0,Strogino,8100000
36,18.0,5.0,9.0,1968.0,1.0,9.0,Koptevo,7000000
62,,17.0,,,,,Poselenie Vnukovskoe,4810390
59,44.0,9.0,9.0,1971.0,3.0,5.0,Dmitrovskoe,7600000
54,32.0,6.0,17.0,1988.0,2.0,9.0,Novo-Peredelkino,7500000
39,23.0,12.0,19.0,1967.0,2.0,7.0,Prospekt Vernadskogo,8300000
58,34.0,16.0,22.0,2004.0,2.0,10.0,Solncevo,8300000
32,20.0,1.0,5.0,1965.0,1.0,5.0,Perovo,4800000
33,21.0,4.0,9.0,1966.0,1.0,5.0,Timirjazevskoe,5950000
44,28.0,2.0,9.0,1969.0,2.0,6.0,Gol'janovo,4200000
82,47.0,2.0,10.0,2002.0,3.0,10.0,Juzhnoe Butovo,11500000
44,29.0,4.0,5.0,2013.0,2.0,5.0,Izmajlovo,6750000
40,40.0,11.0,17.0,2014.0,1.0,1.0,Solncevo,3888520
83,83.0,4.0,6.0,2014.0,2.0,10.0,Troickij okrug,7733836
86,51.0,5.0,9.0,2012.0,3.0,11.0,Poselenie Rjazanovskoe,5590000
32,18.0,8.0,9.0,1979.0,1.0,6.0,Dmitrovskoe,5500000
75,46.0,14.0,16.0,1976.0,3.0,10.0,Jasenevo,13200000
51,30.0,7.0,17.0,2003.0,2.0,9.0,Solncevo,7700000
36,19.0,6.0,12.0,1969.0,1.0,9.0,Kuncevo,7800000
30,17.0,6.0,9.0,1974.0,1.0,5.0,Gol'janovo,5400000
45,27.0,3.0,12.0,1974.0,2.0,6.0,Basmannoe,9500000
44,28.0,1.0,9.0,1965.0,2.0,5.0,Meshhanskoe,8400000
43,,10.0,22.0,,1.0,1.0,Poselenie Vnukovskoe,4498697
43,40.0,4.0,1.0,2014.0,1.0,1.0,Poselenie Pervomajskoe,3043800
65,33.0,3.0,3.0,2016.0,2.0,10.0,Zapadnoe Degunino,5672400
40,26.0,5.0,9.0,1960.0,2.0,5.0,Vojkovskoe,8400000
48,32.0,5.0,8.0,1960.0,2.0,8.0,Sokolinaja Gora,8400000
60,38.0,3.0,9.0,1970.0,3.0,8.0,Hovrino,9900000
59,42.0,9.0,9.0,1974.0,3.0,6.0,Orehovo-Borisovo Juzhnoe,990000
44,44.0,22.0,22.0,2013.0,1.0,1.0,Strogino,8963340
66,42.0,7.0,7.0,1937.0,3.0,8.0,Begovoe,14950000
38,19.0,5.0,10.0,1996.0,1.0,8.0,Novokosino,5800000
75,46.0,15.0,16.0,1983.0,3.0,10.0,Strogino,12900000
54,29.0,1.0,4.0,1917.0,2.0,10.0,Tverskoe,2200000
58,44.0,9.0,9.0,1968.0,3.0,5.0,Koptevo,2000000
54,32.0,5.0,17.0,1997.0,2.0,9.0,Novokosino,8100000
59,41.0,5.0,5.0,1967.0,3.0,5.0,Kon'kovo,7900000
66,44.0,4.0,12.0,1973.0,3.0,7.0,Ivanovskoe,9300000
52,30.0,11.0,17.0,2005.0,2.0,9.0,Severnoe Izmajlovo,7000000
34,,2.0,1.0,,1.0,1.0,Poselenie Novofedorovskoe,1983000
40,20.0,5.0,12.0,2004.0,1.0,8.0,Ljublino,5500000
63,39.0,2.0,9.0,1977.0,3.0,8.0,Orehovo-Borisovo Juzhnoe,8770000
49,29.0,9.0,9.0,1989.0,2.0,8.0,Akademicheskoe,1020000
37,19.0,9.0,17.0,2004.0,1.0,7.0,Perovo,1000000
45,,5.0,0.0,,1.0,0.0,Poselenie Moskovskij,5123357
83,45.0,13.0,23.0,2007.0,3.0,10.0,Rjazanskij,14200000
45,30.0,5.0,,,,,Taganskoe,7600000
83,57.0,3.0,36.0,2011.0,2.0,18.0,Izmajlovo,6000000
40,40.0,10.0,17.0,0.0,1.0,0.0,Poselenie Vnukovskoe,4957383
53,32.0,5.0,17.0,1986.0,2.0,9.0,Krylatskoe,12150000
57,38.0,3.0,9.0,1973.0,3.0,5.0,Golovinskoe,8000000
41,20.0,5.0,14.0,2003.0,1.0,8.0,Juzhnoe Butovo,6600000
43,17.0,11.0,25.0,2007.0,1.0,9.0,Rjazanskij,4400000
72,43.0,16.0,17.0,1995.0,3.0,10.0,Caricyno,12400000
64,64.0,14.0,17.0,2015.0,2.0,0.0,Poselenie Vnukovskoe,8056574
35,14.0,5.0,17.0,1997.0,1.0,9.0,Vyhino-Zhulebino,5300000
53,30.0,3.0,12.0,1980.0,2.0,8.0,Kapotnja,6450000
50,34.0,3.0,9.0,1969.0,3.0,6.0,Severnoe Tushino,8670000
37,19.0,1.0,17.0,2000.0,1.0,7.0,Taganskoe,8250000
98,53.0,12.0,22.0,2008.0,3.0,14.0,Bogorodskoe,8200000
44,26.0,1.0,12.0,1967.0,2.0,5.0,Gol'janovo,2000000
44,27.0,9.0,9.0,1970.0,2.0,5.0,Caricyno,6750000
32,18.0,3.0,9.0,1968.0,1.0,6.0,Rostokino,6150000
31,21.0,2.0,9.0,1964.0,1.0,5.0,Obruchevskoe,5500000
50,25.0,3.0,,,,,Golovinskoe,6000000
44,44.0,3.0,10.0,2017.0,1.0,1.0,Ramenki,7864500
46,28.0,4.0,5.0,1973.0,2.0,5.0,Pechatniki,5550000
57,30.0,12.0,16.0,2002.0,2.0,10.0,Troickij okrug,6550000
47,,10.0,,,,,Poselenie Filimonkovskoe,2769158
34,24.0,1.0,8.0,1959.0,2.0,5.0,Ostankinskoe,6400000
41,20.0,8.0,12.0,1978.0,1.0,8.0,Juzhnoe Tushino,6500000
104,,1.0,2.0,0.0,1.0,1.0,Poselenie Pervomajskoe,8446680
56,27.0,14.0,16.0,2006.0,2.0,9.0,Kosino-Uhtomskoe,6000000
44,29.0,2.0,5.0,1961.0,2.0,5.0,Fili Davydkovo,5000000
38,38.0,10.0,17.0,0.0,1.0,0.0,Poselenie Vnukovskoe,5450099
42,29.0,3.0,4.0,1961.0,2.0,6.0,Kuncevo,7150000
54,51.0,2.0,14.0,1973.0,2.0,8.0,Zjuzino,10500000
84,50.0,7.0,14.0,1996.0,3.0,8.0,Mar'ino,11500000
35,20.0,7.0,12.0,1966.0,1.0,9.0,Sviblovo,6500000
42,28.0,1.0,5.0,1964.0,2.0,5.0,Vojkovskoe,7400000
27,27.0,4.0,19.0,2014.0,1.0,7.0,Poselenie Shherbinka,2477925
42,41.0,4.0,8.0,1962.0,2.0,5.0,Sokol,10350000
36,13.0,6.0,12.0,1971.0,1.0,8.0,Sokol,5600000
38,19.0,7.0,17.0,2011.0,1.0,7.0,Poselenie Moskovskij,2640000
38,23.0,1.0,5.0,1960.0,2.0,5.0,Zamoskvorech'e,9600000
31,31.0,2.0,15.0,2015.0,1.0,1.0,Horoshevskoe,5204745
38,38.0,13.0,,,,,Nekrasovka,3951780
50,29.0,1.0,9.0,1967.0,2.0,6.0,Severnoe Izmajlovo,6700000
32,18.0,4.0,9.0,1971.0,1.0,6.0,Veshnjaki,2000000
61,61.0,10.0,17.0,0.0,2.0,0.0,Poselenie Moskovskij,5525766
79,74.0,12.0,,,,,Poselenie Voskresenskoe,6780400
37,,2.0,16.0,2014.0,1.0,1.0,Poselenie Shherbinka,3038922
36,22.0,6.0,9.0,1963.0,2.0,7.0,Juzhnoe Tushino,6700000
57,33.0,2.0,17.0,1999.0,2.0,10.0,Mitino,10000000
57,,17.0,,,,,Poselenie Vnukovskoe,4503212
83,51.0,4.0,14.0,1967.0,3.0,9.0,Lomonosovskoe,17550000
35,19.0,2.0,9.0,1972.0,1.0,6.0,Veshnjaki,5800000
58,32.0,2.0,17.0,2016.0,2.0,12.0,Nekrasovka,6520500
42,17.0,9.0,9.0,2016.0,1.0,12.0,Poselenie Vnukovskoe,6145227
68,64.0,12.0,14.0,1975.0,3.0,9.0,Horoshevo-Mnevniki,12700000
55,40.0,2.0,5.0,1961.0,3.0,5.0,Ajeroport,9300000
41,,24.0,25.0,,1.0,1.0,Poselenie Moskovskij,4304867
27,16.0,2.0,5.0,1965.0,1.0,6.0,Zjuzino,5300000
54,32.0,5.0,16.0,2001.0,2.0,9.0,Taganskoe,2000000
52,51.0,6.0,17.0,2002.0,2.0,9.0,Cheremushki,13100000
40,25.0,2.0,5.0,1962.0,2.0,5.0,Golovinskoe,5700000
50,30.0,12.0,17.0,2003.0,2.0,8.0,Otradnoe,10400000
40,1.0,1.0,1.0,1.0,1.0,1.0,Nekrasovka,4640000
38,18.0,16.0,16.0,1973.0,1.0,9.0,Beskudnikovskoe,990000
99,66.0,4.0,9.0,1962.0,4.0,8.0,Juzhnoportovoe,16900000
34,19.0,3.0,12.0,1975.0,1.0,6.0,Rjazanskij,5400000
80,45.0,9.0,,,,,Birjulevo Vostochnoe,6831825
30,17.0,3.0,5.0,1966.0,1.0,5.0,Solncevo,4520000
63,44.0,4.0,12.0,1972.0,3.0,6.0,Chertanovo Severnoe,3000000
32,19.0,2.0,5.0,1968.0,1.0,5.0,Poselenie Mosrentgen,4070000
41,25.0,4.0,5.0,1962.0,2.0,5.0,Juzhnoe Tushino,6300000
34,19.0,3.0,12.0,1966.0,1.0,9.0,Zjuzino,6500000
36,17.0,2.0,17.0,2002.0,1.0,10.0,Birjulevo Vostochnoe,5500000
32,17.0,1.0,12.0,1967.0,1.0,1.0,Butyrskoe,2000000
65,32.0,4.0,18.0,2012.0,2.0,12.0,Poselenie Sosenskoe,3290508
38,18.0,16.0,,,,,Brateevo,6300000
38,19.0,6.0,17.0,1987.0,1.0,8.0,Chertanovo Severnoe,7400000
135,,2.0,2.0,0.0,3.0,1.0,Poselenie Rogovskoe,6777768
38,38.0,10.0,17.0,2014.0,1.0,1.0,Nekrasovka,4640000
38,19.0,16.0,22.0,1984.0,1.0,9.0,Silino,2000000
44,28.0,5.0,9.0,1970.0,2.0,6.0,Vostochnoe Degunino,6612000
40,25.0,1.0,,,,,Kuncevo,5700000
20,12.0,9.0,9.0,1970.0,1.0,3.0,Gol'janovo,3500000
44,18.0,2.0,12.0,1980.0,2.0,6.0,Severnoe Tushino,5300000
72,54.0,6.0,6.0,2014.0,1.0,20.0,Troickij okrug,6890560
37,37.0,19.0,1.0,2013.0,1.0,1.0,Strogino,7016800
31,19.0,2.0,5.0,1961.0,1.0,5.0,Horoshevo-Mnevniki,6050000
43,21.0,11.0,12.0,1978.0,1.0,8.0,Otradnoe,6900000
32,18.0,5.0,9.0,1976.0,1.0,6.0,Jasenevo,6000000
1,1.0,1.0,1.0,2015.0,1.0,1.0,Nekrasovka,4740000
54,33.0,2.0,5.0,1960.0,2.0,7.0,Izmajlovo,8500000
31,20.0,1.0,5.0,1963.0,1.0,5.0,Filevskij Park,5800000
32,18.0,5.0,9.0,1974.0,1.0,6.0,Orehovo-Borisovo Juzhnoe,4750000
61,61.0,8.0,17.0,0.0,2.0,0.0,Poselenie Vnukovskoe,6737939
82,55.0,2.0,6.0,1929.0,3.0,11.0,Hamovniki,16900000
33,19.0,5.0,9.0,1972.0,1.0,6.0,Meshhanskoe,2500000
71,48.0,1.0,5.0,1955.0,3.0,8.0,Bogorodskoe,11700000
41,26.0,4.0,,,,,Kuz'minki,6050000
71,43.0,9.0,14.0,1992.0,3.0,9.0,Krjukovo,8800000
39,20.0,12.0,16.0,1976.0,1.0,10.0,Ramenki,7300000
54,30.0,9.0,14.0,1989.0,2.0,8.0,Silino,7000000
32,18.0,2.0,9.0,1978.0,1.0,6.0,Dmitrovskoe,5300000
76,45.0,10.0,16.0,1981.0,3.0,10.0,Mar'ino,10400000
77,,6.0,,,,,Poselenie Moskovskij,5763488
84,52.0,5.0,14.0,2002.0,3.0,11.0,Severnoe Tushino,14500000
38,19.0,12.0,14.0,1965.0,1.0,8.0,Brateevo,6900000
38,19.0,17.0,17.0,2003.0,1.0,7.0,Sviblovo,8300000
37,0.0,9.0,19.0,2015.0,1.0,0.0,Poselenie Shherbinka,3572565
61,38.0,5.0,14.0,1992.0,3.0,7.0,Novokosino,9600000
45,28.0,9.0,5.0,1968.0,2.0,6.0,Severnoe Medvedkovo,8150000
31,18.0,6.0,9.0,1963.0,1.0,6.0,Levoberezhnoe,6230000
69,,1.0,16.0,2015.0,3.0,1.0,Poselenie Novofedorovskoe,3673706
47,28.0,4.0,5.0,1960.0,2.0,6.0,Danilovskoe,12000000
38,18.0,12.0,15.0,1.0,1.0,9.0,Beskudnikovskoe,5000000
47,28.0,3.0,17.0,1970.0,2.0,6.0,Taganskoe,8250000
38,19.0,17.0,17.0,2008.0,1.0,7.0,Poselenie Moskovskij,2450000
55,55.0,7.0,25.0,2014.0,3.0,1.0,Poselenie Sosenskoe,6015600
85,43.0,12.0,14.0,2011.0,3.0,12.0,Severnoe Medvedkovo,7000000
42,1.0,5.0,1.0,1.0,1.0,1.0,Krjukovo,4643400
40,,7.0,17.0,,1.0,1.0,Zapadnoe Degunino,4463840
62,1.0,6.0,1.0,1.0,2.0,1.0,Nekrasovka,6334200
54,30.0,5.0,12.0,1975.0,2.0,8.0,Bibirevo,7300000
33,16.0,2.0,12.0,1972.0,1.0,7.0,Basmannoe,7900000
39,37.0,11.0,12.0,2015.0,1.0,1.0,Poselenie Filimonkovskoe,2675843
32,18.0,3.0,9.0,1985.0,1.0,6.0,Juzhnoe Tushino,5850000
34,13.0,16.0,25.0,2012.0,1.0,10.0,Poselenie Sosenskoe,3478200
51,16.0,3.0,7.0,1910.0,1.0,11.0,Kotlovka,8176000
77,,15.0,0.0,,2.0,0.0,Poselenie Sosenskoe,7097580
32,18.0,9.0,9.0,1979.0,1.0,6.0,Strogino,5850000
45,27.0,4.0,12.0,1968.0,2.0,6.0,Zjuzino,7400000
19,14.0,5.0,,,,,Solncevo,2716000
72,41.0,15.0,22.0,2007.0,3.0,8.0,Lomonosovskoe,19000000
64,,4.0,17.0,,2.0,0.0,Nekrasovka,6272000
74,43.0,6.0,16.0,1981.0,3.0,10.0,Chertanovo Central'noe,9850000
75,44.0,7.0,17.0,1991.0,3.0,10.0,Krjukovo,9700000
54,32.0,11.0,17.0,1989.0,2.0,9.0,Moskvorech'e-Saburovo,2000000
39,23.0,12.0,12.0,1967.0,2.0,6.0,Sokolinaja Gora,6800000
42,20.0,11.0,17.0,2012.0,1.0,10.0,Poselenie Shherbinka,4450000
35,19.0,8.0,12.0,1967.0,1.0,9.0,Ramenki,7500000
67,40.0,8.0,12.0,2001.0,2.0,11.0,Obruchevskoe,15000000
33,20.0,2.0,9.0,1970.0,1.0,5.0,Nagatino-Sadovniki,1250000
65,34.0,15.0,16.0,1972.0,2.0,9.0,Ramenki,11600000
72,42.0,13.0,17.0,1994.0,3.0,10.0,Juzhnoe Butovo,10150000
40,25.0,4.0,5.0,1961.0,2.0,5.0,Vnukovo,5000000
114,74.0,10.0,14.0,1999.0,5.0,9.0,Sviblovo,21400000
44,28.0,7.0,9.0,1970.0,2.0,5.0,Dmitrovskoe,6850000
68,39.0,3.0,16.0,1989.0,3.0,8.0,Severnoe Medvedkovo,1500000
34,34.0,12.0,17.0,2016.0,1.0,10.0,Poselenie Desjonovskoe,3865945
42,26.0,4.0,5.0,1963.0,2.0,5.0,Poselenie Sosenskoe,5400000
117,,8.0,12.0,2016.0,3.0,10.0,Poselenie Moskovskij,13810590
31,21.0,5.0,9.0,1965.0,1.0,5.0,Kuz'minki,5100000
63,33.0,13.0,17.0,2009.0,2.0,12.0,Zapadnoe Degunino,5000000
46,28.0,4.0,9.0,1973.0,2.0,5.0,Birjulevo Zapadnoe,6430000
38,19.0,2.0,14.0,2007.0,1.0,7.0,Zapadnoe Degunino,6200000
96,96.0,5.0,5.0,0.0,3.0,1.0,Poselenie Sosenskoe,7823030
72,50.0,4.0,4.0,1959.0,3.0,1.0,Shhukino,2000000
29,13.0,1.0,9.0,1977.0,1.0,6.0,Lianozovo,5500000
52,30.0,10.0,17.0,2011.0,1.0,9.0,Poselenie Moskovskij,4151574
74,43.0,5.0,17.0,2014.0,3.0,12.0,Nekrasovka,7172000
59,42.0,5.0,9.0,1970.0,3.0,6.0,Ramenki,12500000
76,44.0,7.0,17.0,1995.0,3.0,10.0,Mar'ino,2000000
58,32.0,8.0,17.0,1994.0,2.0,10.0,Mar'ino,10400000
50,28.0,14.0,,,,,Fili Davydkovo,9200000
64,38.0,12.0,12.0,1983.0,3.0,8.0,Kosino-Uhtomskoe,8450000
39,24.0,2.0,5.0,1961.0,2.0,5.0,Vojkovskoe,7200000
31,17.0,4.0,8.0,1962.0,1.0,7.0,Begovoe,8700000
46,29.0,5.0,9.0,1971.0,2.0,5.0,Veshnjaki,6000000
45,45.0,19.0,19.0,2017.0,1.0,1.0,Ramenki,7772400
56,18.0,4.0,6.0,2014.0,1.0,19.0,Troickij okrug,5942622
136,76.0,18.0,,,,,Kuncevo,30000000
48,,10.0,,,,,Poselenie Sosenskoe,4008900
32,20.0,3.0,,,,,Severnoe Tushino,5000000
62,35.0,6.0,1.0,1.0,2.0,1.0,Tverskoe,6496000
46,22.0,2.0,17.0,2014.0,1.0,11.0,Poselenie Sosenskoe,4782209
45,45.0,7.0,25.0,2013.0,3.0,1.0,Poselenie Sosenskoe,4641000
46,20.0,25.0,25.0,2003.0,1.0,9.0,Pokrovskoe Streshnevo,9700000
32,16.0,2.0,,,,,Zjuzino,6500000
73,,11.0,0.0,,2.0,0.0,Poselenie Sosenskoe,6682880
40,22.0,2.0,14.0,1970.0,2.0,6.0,Severnoe Izmajlovo,5950000
37,,7.0,22.0,,1.0,1.0,Poselenie Shherbinka,3809374
38,18.0,8.0,20.0,2012.0,1.0,9.0,Tekstil'shhiki,6500000
39,20.0,17.0,22.0,1993.0,1.0,10.0,Mitino,7050000
43,29.0,1.0,,,,,Preobrazhenskoe,6200000
65,65.0,1.0,1.0,1.0,1.0,1.0,Poselenie Desjonovskoe,5988292
37,18.0,25.0,25.0,2001.0,1.0,9.0,Mar'ino,6950000
44,26.0,2.0,5.0,1959.0,2.0,5.0,Filevskij Park,7000000
38,23.0,10.0,12.0,1969.0,2.0,6.0,Babushkinskoe,6800000
54,36.0,5.0,5.0,1962.0,3.0,5.0,Kotlovka,8500000
76,44.0,7.0,12.0,1997.0,3.0,10.0,Juzhnoe Butovo,9650000
69,58.0,4.0,18.0,2015.0,2.0,13.0,Poselenie Vnukovskoe,6912577
44,27.0,9.0,9.0,1971.0,2.0,5.0,Jaroslavskoe,7200000
38,18.0,6.0,17.0,,1.0,7.0,Nekrasovka,3958570
99,52.0,17.0,23.0,2011.0,3.0,10.0,Solncevo,14000000
51,29.0,4.0,12.0,1973.0,2.0,8.0,Nagatinskij Zaton,9600000
60,33.0,5.0,17.0,1983.0,2.0,10.0,Zjablikovo,1000000
57,,16.0,16.0,2014.0,2.0,1.0,Tverskoe,4872880
44,31.0,2.0,9.0,1962.0,2.0,5.0,Kotlovka,7000000
34,34.0,1.0,3.0,2017.0,1.0,1.0,Poselenie Novofedorovskoe,1715200
38,38.0,16.0,17.0,2013.0,1.0,1.0,Nekrasovka,4328140
92,63.0,4.0,12.0,2004.0,4.0,11.0,Kosino-Uhtomskoe,13900000
72,,25.0,,,,,Nekrasovka,6769824
46,28.0,5.0,5.0,1966.0,2.0,5.0,Sokol,1000000
59,43.0,7.0,9.0,1977.0,3.0,5.0,Zjablikovo,8000000
81,81.0,5.0,10.0,2015.0,3.0,13.0,Poselenie Sosenskoe,9297498
17,10.0,5.0,5.0,1966.0,1.0,3.0,Caricyno,4500000
47,28.0,12.0,12.0,1979.0,2.0,6.0,Otradnoe,7600000
35,14.0,4.0,17.0,2000.0,1.0,9.0,Mar'ino,6200000
44,28.0,3.0,9.0,1978.0,2.0,6.0,Vostochnoe Degunino,7000000
57,56.0,6.0,8.0,1958.0,2.0,8.0,Horoshevskoe,10500000
30,16.0,4.0,9.0,1964.0,1.0,5.0,Severnoe Izmajlovo,6200000
38,19.0,6.0,,,,,Preobrazhenskoe,6300000
62,42.0,5.0,9.0,1966.0,3.0,6.0,Savelki,6500000
42,26.0,2.0,5.0,1968.0,2.0,5.0,Altuf'evskoe,6500000
42,26.0,3.0,5.0,1962.0,2.0,5.0,Prospekt Vernadskogo,2000000
76,45.0,10.0,16.0,1981.0,3.0,10.0,Mar'ino,10000000
73,47.0,6.0,6.0,1926.0,3.0,6.0,Juzhnoe Butovo,10000000
69,,3.0,3.0,2014.0,3.0,1.0,Poselenie Novofedorovskoe,3683706
90,55.0,8.0,,,,,Juzhnoe Butovo,11800000
40,23.0,1.0,5.0,1961.0,2.0,6.0,Caricyno,5950000
48,30.0,4.0,9.0,1969.0,2.0,6.0,Chertanovo Central'noe,7200000
73,45.0,11.0,17.0,1992.0,3.0,10.0,Krjukovo,8700000
38,19.0,9.0,14.0,2000.0,1.0,7.0,Nagatino-Sadovniki,6650000
43,27.0,3.0,9.0,1969.0,2.0,6.0,Kon'kovo,8500000
63,63.0,8.0,17.0,1.0,2.0,1.0,Tverskoe,6858739
74,42.0,2.0,16.0,2013.0,3.0,9.0,Mozhajskoe,4359600
94,94.0,3.0,1.0,2014.0,3.0,1.0,Strogino,16320520
45,30.0,9.0,12.0,1973.0,2.0,6.0,Birjulevo Zapadnoe,5900000
42,26.0,1.0,5.0,1974.0,2.0,5.0,Vnukovo,5000000
75,49.0,2.0,5.0,1955.0,3.0,7.0,Nizhegorodskoe,9800000
101,64.0,17.0,22.0,1999.0,4.0,10.0,Mitino,14700000
40,26.0,3.0,6.0,1961.0,2.0,6.0,Zjuzino,6900000
32,19.0,3.0,9.0,1970.0,1.0,6.0,Losinoostrovskoe,2000000
42,26.0,2.0,5.0,1964.0,2.0,5.0,Bogorodskoe,6150000
37,22.0,1.0,9.0,1963.0,2.0,7.0,Kuz'minki,5650000
44,30.0,1.0,5.0,1960.0,2.0,5.0,Lomonosovskoe,7700000
46,28.0,10.0,12.0,1969.0,2.0,5.0,Losinoostrovskoe,8000000
32,18.0,2.0,9.0,1976.0,1.0,6.0,Jasenevo,1000000
43,38.0,1.0,,,,,Poselenie Voskresenskoe,4238000
30,17.0,4.0,5.0,1960.0,1.0,6.0,Koptevo,5150000
37,22.0,4.0,9.0,1967.0,2.0,7.0,Kuz'minki,2100000
34,21.0,1.0,9.0,1966.0,2.0,6.0,Levoberezhnoe,6000000
43,27.0,4.0,10.0,1968.0,2.0,6.0,Cheremushki,8500000
31,19.0,1.0,5.0,1964.0,1.0,5.0,Preobrazhenskoe,5700000
31,18.0,5.0,5.0,1965.0,1.0,5.0,Novogireevo,5000000
24,13.0,2.0,9.0,1973.0,1.0,5.0,Lefortovo,4300000
48,33.0,3.0,12.0,1974.0,2.0,7.0,Birjulevo Vostochnoe,6680000
40,38.0,3.0,9.0,2014.0,1.0,1.0,Poselenie Desjonovskoe,4102184
52,51.0,17.0,17.0,2013.0,2.0,1.0,Nekrasovka,5159342
43,27.0,1.0,5.0,1972.0,2.0,5.0,Poselenie Shherbinka,4100000
55,30.0,8.0,14.0,2002.0,2.0,11.0,Juzhnoe Butovo,8100000
52,31.0,5.0,12.0,1975.0,2.0,10.0,Ljublino,7200000
132,70.0,7.0,25.0,2008.0,3.0,18.0,Poselenie Moskovskij,5300000
79,41.0,13.0,14.0,2014.0,3.0,1.0,Poselenie Voskresenskoe,7396800
32,21.0,3.0,9.0,1964.0,1.0,5.0,Nagornoe,6765000
44,43.0,1.0,4.0,2014.0,1.0,1.0,Zapadnoe Degunino,4017120
30,19.0,1.0,5.0,1967.0,1.0,6.0,Fili Davydkovo,1000000
48,31.0,12.0,12.0,1966.0,2.0,9.0,Basmannoe,11200000
32,17.0,5.0,5.0,1965.0,1.0,5.0,Beskudnikovskoe,5200000
58,58.0,14.0,,,,,Poselenie Sosenskoe,5829000
45,30.0,2.0,5.0,1962.0,2.0,5.0,Horoshevo-Mnevniki,6950000
37,,9.0,15.0,2014.0,1.0,1.0,Tverskoe,3396443
85,85.0,10.0,20.0,0.0,3.0,0.0,Poselenie Vnukovskoe,9203826
43,18.0,2.0,,,,,Poselenie Voskresenskoe,3488791
74,49.0,2.0,10.0,1958.0,3.0,7.0,Dorogomilovo,2000000
58,30.0,2.0,7.0,1997.0,2.0,11.0,Orehovo-Borisovo Severnoe,8100000
38,19.0,10.0,16.0,1982.0,1.0,8.0,Nagatinskij Zaton,1000000
31,19.0,5.0,5.0,1961.0,1.0,5.0,Mar'ina Roshha,5650000
83,51.0,8.0,8.0,1917.0,3.0,10.0,Zamoskvorech'e,22350000
70,43.0,2.0,12.0,1980.0,3.0,8.0,Ramenki,5000000
32,18.0,7.0,9.0,1975.0,1.0,5.0,Chertanovo Severnoe,5100000
41,20.0,2.0,6.0,1998.0,1.0,8.0,Juzhnoe Butovo,5900000
56,,6.0,25.0,2015.0,2.0,0.0,Mitino,8490011
32,21.0,4.0,9.0,1963.0,1.0,5.0,Kuz'minki,5650000
61,59.0,13.0,22.0,1985.0,2.0,10.0,Jasenevo,12900000
73,43.0,8.0,14.0,1992.0,3.0,10.0,Krjukovo,8200000
84,,2.0,2.0,2014.0,1.0,1.0,Poselenie Shherbinka,7212996
62,62.0,2.0,22.0,2014.0,2.0,0.0,Poselenie Vnukovskoe,6368080
38,,15.0,17.0,,1.0,1.0,Poselenie Moskovskij,3722306
38,20.0,12.0,14.0,2002.0,1.0,8.0,Juzhnoe Medvedkovo,7200000
70,70.0,7.0,9.0,0.0,2.0,1.0,Poselenie Vnukovskoe,9679408
42,20.0,13.0,14.0,1992.0,1.0,8.0,Juzhnoe Medvedkovo,4250000
77,44.0,6.0,17.0,2002.0,3.0,10.0,Severnoe Izmajlovo,14100000
63,,17.0,17.0,2013.0,2.0,1.0,Nekrasovka,5903808
44,27.0,5.0,9.0,1968.0,2.0,5.0,Rjazanskij,7800000
17,13.0,4.0,5.0,1962.0,1.0,0.0,Vostochnoe Izmajlovo,3700000
59,58.0,12.0,12.0,2015.0,2.0,1.0,Nagornoe,11726017
64,64.0,16.0,20.0,0.0,2.0,1.0,Poselenie Vnukovskoe,8386952
27,16.0,3.0,5.0,1964.0,1.0,5.0,Kotlovka,5500000
63,,5.0,17.0,,2.0,1.0,Poselenie Vnukovskoe,6424005
68,46.0,13.0,16.0,1976.0,3.0,7.0,Gol'janovo,9100000
38,19.0,15.0,17.0,1996.0,1.0,8.0,Brateevo,6500000
62,38.0,1.0,5.0,1928.0,3.0,5.0,Presnenskoe,12500000
76,52.0,3.0,14.0,1986.0,4.0,8.0,Zjablikovo,10500000
59,33.0,11.0,17.0,1985.0,2.0,10.0,Brateevo,8500000
51,30.0,11.0,17.0,1987.0,2.0,8.0,Novokosino,7800000
77,77.0,16.0,17.0,0.0,3.0,1.0,Poselenie Vnukovskoe,9066634
65,30.0,13.0,17.0,2015.0,2.0,1.0,Poselenie Voskresenskoe,6823584
47,,21.0,22.0,2015.0,1.0,1.0,Filevskij Park,10200547
71,50.0,3.0,8.0,1937.0,3.0,7.0,Begovoe,15500000
44,28.0,6.0,9.0,1969.0,2.0,5.0,Solncevo,6350000
87,,9.0,,,,,Poselenie Sosenskoe,6627200
43,43.0,15.0,17.0,2016.0,1.0,1.0,Poselenie Sosenskoe,5128110
40,20.0,4.0,17.0,2004.0,1.0,8.0,Perovo,1000000
60,33.0,13.0,17.0,2002.0,2.0,13.0,Beskudnikovskoe,2000000
45,28.0,4.0,9.0,1970.0,2.0,5.0,Vyhino-Zhulebino,3000000
36,36.0,3.0,4.0,2014.0,1.0,1.0,Poselenie Desjonovskoe,4000901
85,25.0,19.0,29.0,2008.0,1.0,19.0,Akademicheskoe,24000000
79,45.0,11.0,22.0,1988.0,3.0,9.0,Moskvorech'e-Saburovo,10300000
35,19.0,8.0,12.0,1967.0,1.0,10.0,Izmajlovo,6600000
59,42.0,8.0,9.0,1973.0,3.0,6.0,Ivanovskoe,9100000
41,26.0,2.0,5.0,1961.0,2.0,4.0,Ostankinskoe,7300000
32,19.0,7.0,9.0,1978.0,1.0,6.0,Jasenevo,6600000
40,19.0,9.0,15.0,1972.0,3.0,8.0,Caricyno,7600000
36,16.0,2.0,14.0,1995.0,1.0,7.0,Otradnoe,6400000
32,18.0,2.0,9.0,1977.0,1.0,6.0,Zjablikovo,5500000
40,14.0,7.0,17.0,2016.0,1.0,10.0,Pokrovskoe Streshnevo,8916432
44,27.0,2.0,9.0,1974.0,2.0,6.0,Ivanovskoe,7000000
121,121.0,3.0,3.0,2015.0,3.0,0.0,Poselenie Sosenskoe,9978366
58,30.0,7.0,14.0,2001.0,2.0,12.0,Staroe Krjukovo,7150000
46,27.0,3.0,12.0,2008.0,2.0,8.0,Krjukovo,1050000
29,29.0,3.0,4.0,0.0,1.0,0.0,Veshnjaki,2029417
51,51.0,2.0,2.0,0.0,2.0,1.0,Tverskoe,2483200
53,30.0,9.0,12.0,1982.0,2.0,8.0,Bibirevo,1100000
54,54.0,15.0,1.0,2015.0,2.0,1.0,Mitino,9699848
64,32.0,5.0,9.0,2016.0,2.0,12.0,Poselenie Vnukovskoe,8625580
79,50.0,10.0,17.0,2005.0,3.0,10.0,Juzhnoe Medvedkovo,14500000
134,,14.0,1.0,,3.0,1.0,Tverskoe,11416568
49,32.0,7.0,,,,,Caricyno,6900000
60,48.0,2.0,15.0,2014.0,2.0,10.0,Tverskoe,5154704
76,44.0,6.0,14.0,2004.0,3.0,12.0,Ljublino,11500000
93,59.0,2.0,12.0,2011.0,3.0,13.0,Poselenie Sosenskoe,5425000
35,18.0,3.0,5.0,1979.0,1.0,8.0,Kuncevo,7200000
31,18.0,3.0,8.0,1962.0,1.0,6.0,Donskoe,7500000
31,20.0,4.0,5.0,1967.0,1.0,5.0,Caricyno,5100000
39,24.0,6.0,,,,,Hovrino,5000000
32,21.0,5.0,9.0,1964.0,1.0,5.0,Fili Davydkovo,6300000
63,38.0,4.0,,,,,Juzhnoe Medvedkovo,7400000
32,18.0,9.0,9.0,1978.0,1.0,6.0,Otradnoe,6000000
62,62.0,12.0,17.0,2015.0,2.0,1.0,Poselenie Vnukovskoe,7966682
35,19.0,8.0,12.0,1967.0,1.0,9.0,Vyhino-Zhulebino,5900000
78,78.0,9.0,17.0,2015.0,2.0,1.0,Poselenie Sosenskoe,6630690
36,19.0,3.0,12.0,1996.0,1.0,7.0,Juzhnoe Butovo,5250000
29,27.0,10.0,17.0,2015.0,1.0,1.0,Poselenie Filimonkovskoe,2199436
51,,5.0,17.0,,2.0,1.0,Poselenie Moskovskij,5080042
30,17.0,5.0,,,,,Kuz'minki,4500000
39,18.0,2.0,14.0,2007.0,1.0,8.0,Dmitrovskoe,6650000
126,81.0,7.0,7.0,1954.0,4.0,6.0,Gagarinskoe,44000000
77,77.0,8.0,,,,,Poselenie Moskovskij,5725011
38,19.0,12.0,16.0,1980.0,1.0,9.0,Severnoe Medvedkovo,6800000
54,32.0,5.0,17.0,1985.0,2.0,9.0,Juzhnoe Butovo,6250000
42,21.0,2.0,19.0,1995.0,1.0,8.0,Horoshevo-Mnevniki,7500000
41,24.0,10.0,12.0,1972.0,2.0,5.0,Chertanovo Juzhnoe,6600000
28,12.0,5.0,,,,,Kon'kovo,5300000
57,33.0,1.0,16.0,1982.0,2.0,10.0,Zapadnoe Degunino,6750000
54,30.0,3.0,12.0,1977.0,2.0,8.0,Vostochnoe Degunino,8150000
37,,8.0,17.0,,1.0,1.0,Poselenie Vnukovskoe,5334695
38,22.0,5.0,12.0,1968.0,2.0,6.0,Altuf'evskoe,6200000
37,19.0,14.0,14.0,2007.0,1.0,7.0,Solncevo,1000000
37,18.0,16.0,17.0,1989.0,1.0,8.0,Zjuzino,7000000
60,38.0,5.0,9.0,1978.0,3.0,9.0,Orehovo-Borisovo Juzhnoe,8450000
65,46.0,5.0,9.0,1978.0,4.0,61.0,Jasenevo,11000000
74,46.0,7.0,16.0,1984.0,3.0,10.0,Zjuzino,13600000
38,12.0,6.0,13.0,1964.0,2.0,5.0,Gagarinskoe,8900000
43,26.0,4.0,5.0,1964.0,2.0,5.0,Mozhajskoe,6900000
38,,10.0,17.0,2016.0,1.0,8.0,Zapadnoe Degunino,3813607
32,20.0,3.0,5.0,1963.0,1.0,6.0,Golovinskoe,1000000
51,30.0,14.0,,,,,Krjukovo,5650000
39,19.0,11.0,22.0,1996.0,1.0,10.0,Mar'ino,6800000
43,29.0,7.0,9.0,1972.0,2.0,6.0,Nagatinskij Zaton,9000000
44,28.0,1.0,9.0,1965.0,2.0,5.0,Danilovskoe,6900000
42,27.0,2.0,5.0,1965.0,2.0,5.0,Caricyno,6600000
60,43.0,3.0,9.0,1974.0,3.0,6.0,Dmitrovskoe,7900000
32,18.0,6.0,9.0,1970.0,1.0,6.0,Timirjazevskoe,6150000
79,79.0,23.0,23.0,2013.0,3.0,12.0,Mitino,14131899
32,19.0,2.0,9.0,1963.0,1.0,5.0,Marfino,5500000
81,39.0,25.0,30.0,2012.0,2.0,11.0,Bogorodskoe,8700000
54,32.0,13.0,16.0,1977.0,2.0,9.0,Sokol'niki,15000000
58,32.0,2.0,14.0,2008.0,2.0,12.0,Savelki,8300000
59,,11.0,16.0,2014.0,2.0,1.0,Nagornoe,13122905
84,50.0,13.0,14.0,1996.0,3.0,8.0,Mar'ino,11800000
38,19.0,2.0,17.0,1988.0,1.0,8.0,Ljublino,6400000
37,19.0,1.0,16.0,1980.0,1.0,8.0,Mar'ino,5300000
28,15.0,5.0,5.0,1966.0,1.0,5.0,Novogireevo,4800000
63,,14.0,17.0,2015.0,2.0,10.0,Poselenie Vnukovskoe,7143889
31,18.0,2.0,5.0,1974.0,1.0,6.0,Vnukovo,4500000
50,30.0,9.0,17.0,1987.0,2.0,8.0,Orehovo-Borisovo Juzhnoe,7850000
71,43.0,6.0,15.0,2008.0,3.0,9.0,Krjukovo,10000000
39,19.0,17.0,17.0,1996.0,1.0,8.0,Brateevo,1000000
41,25.0,4.0,5.0,1962.0,2.0,5.0,Mozhajskoe,6100000
65,37.0,4.0,5.0,1953.0,2.0,7.0,Vostochnoe Izmajlovo,10500000
76,45.0,5.0,17.0,1991.0,3.0,10.0,Vostochnoe Degunino,11100000
57,27.0,13.0,22.0,2006.0,2.0,9.0,Ivanovskoe,9200000
61,,9.0,17.0,,1.0,1.0,Poselenie Moskovskij,5177850
49,31.0,7.0,12.0,1967.0,2.0,9.0,Perovo,7900000
54,36.0,5.0,5.0,1961.0,3.0,5.0,Ajeroport,5500000
52,30.0,4.0,12.0,1983.0,2.0,8.0,Birjulevo Vostochnoe,7500000
59,42.0,7.0,9.0,1972.0,3.0,5.0,Jaroslavskoe,4750000
54,32.0,14.0,17.0,1997.0,2.0,9.0,Novokosino,8650000
55,26.0,4.0,22.0,2006.0,1.0,12.0,Ochakovo-Matveevskoe,11500000
39,26.0,1.0,5.0,1968.0,2.0,5.0,Mozhajskoe,5850000
65,37.0,2.0,5.0,1955.0,2.0,7.0,Rjazanskij,8400000
35,19.0,5.0,9.0,1972.0,1.0,9.0,Sokolinaja Gora,1000000
38,18.0,2.0,17.0,1985.0,1.0,8.0,Brateevo,5400000
32,20.0,2.0,5.0,1962.0,1.0,5.0,Kuz'minki,5300000
45,28.0,9.0,9.0,1969.0,2.0,5.0,Matushkino,5100000
45,13.0,4.0,9.0,2013.0,1.0,9.0,Kotlovka,8015000
63,33.0,2.0,17.0,2002.0,2.0,12.0,Juzhnoe Tushino,12350000
77,46.0,9.0,17.0,2014.0,3.0,9.0,Perovo,7750000
45,29.0,4.0,5.0,1963.0,2.0,5.0,Dmitrovskoe,6150000
43,26.0,3.0,5.0,1960.0,2.0,6.0,Preobrazhenskoe,7000000
79,1.0,10.0,17.0,2014.0,3.0,1.0,Nekrasovka,8354333
33,17.0,12.0,12.0,1969.0,1.0,8.0,Gol'janovo,5500000
60,38.0,9.0,9.0,1978.0,3.0,8.0,Orehovo-Borisovo Juzhnoe,2000000
57,,13.0,22.0,1.0,2.0,1.0,Mitino,9516497
32,18.0,1.0,9.0,1974.0,1.0,6.0,Tekstil'shhiki,4600000
73,73.0,7.0,7.0,2017.0,2.0,0.0,Poselenie Moskovskij,8862309
58,32.0,11.0,25.0,2004.0,2.0,10.0,Marfino,10300000
55,21.0,24.0,40.0,2012.0,1.0,10.0,Akademicheskoe,12600000
136,136.0,12.0,,,,,Donskoe,25829890
76,49.0,5.0,9.0,1954.0,3.0,9.0,Akademicheskoe,17000000
77,51.0,3.0,8.0,1963.0,3.0,7.0,Donskoe,13500000
57,33.0,3.0,22.0,1992.0,2.0,9.0,Krjukovo,7250000
38,19.0,5.0,12.0,1990.0,1.0,9.0,Troickij okrug,4200000
42,42.0,8.0,12.0,2014.0,1.0,1.0,Poselenie Sosenskoe,5521434
50,34.0,8.0,12.0,1972.0,3.0,5.0,Chertanovo Juzhnoe,7150000
53,,10.0,,,,,Poselenie Desjonovskoe,4323272
53,28.0,8.0,16.0,1977.0,2.0,10.0,Mar'ina Roshha,11300000
78,45.0,5.0,10.0,1995.0,3.0,10.0,Mar'ino,12000000
38,17.0,6.0,25.0,2010.0,1.0,10.0,Otradnoe,3831650
40,40.0,15.0,22.0,0.0,1.0,0.0,Poselenie Vnukovskoe,5164372
47,30.0,11.0,12.0,1975.0,2.0,6.0,Otradnoe,7600000
52,52.0,15.0,17.0,2015.0,2.0,1.0,Poselenie Vnukovskoe,6274411
37,18.0,3.0,17.0,2003.0,1.0,6.0,Solncevo,6050000
40,17.0,9.0,14.0,2006.0,1.0,8.0,Nekrasovka,4300000
37,19.0,5.0,16.0,1979.0,1.0,8.0,Horoshevskoe,9300000
31,18.0,1.0,4.0,1961.0,1.0,6.0,Pechatniki,4700000
51,,3.0,17.0,,2.0,1.0,Poselenie Novofedorovskoe,2543300
99,,15.0,,,,,Juzhnoe Butovo,7553872
44,29.0,4.0,5.0,1966.0,2.0,5.0,Rjazanskij,4200000
54,30.0,16.0,17.0,2006.0,2.0,8.0,Lomonosovskoe,15600000
25,15.0,2.0,5.0,1964.0,1.0,3.0,Caricyno,4350000
42,20.0,7.0,17.0,2004.0,1.0,10.0,Troickij okrug,4500000
43,26.0,2.0,5.0,1970.0,2.0,5.0,Severnoe Izmajlovo,2000000
38,19.0,14.0,22.0,1989.0,1.0,10.0,Ostankinskoe,8500000
40,17.0,9.0,17.0,2006.0,1.0,8.0,Krjukovo,5350000
95,,8.0,8.0,2013.0,3.0,1.0,Strogino,15092000
48,21.0,6.0,17.0,2011.0,1.0,11.0,Poselenie Sosenskoe,2450000
75,44.0,3.0,16.0,1978.0,3.0,10.0,Jasenevo,2000000
63,63.0,3.0,17.0,2014.0,2.0,1.0,Tverskoe,6530200
62,33.0,14.0,16.0,2008.0,2.0,11.0,Troickij okrug,7100000
36,18.0,11.0,22.0,2007.0,1.0,9.0,Bogorodskoe,7600000
35,21.0,3.0,9.0,1968.0,2.0,6.0,Tekstil'shhiki,3000000
62,1.0,12.0,17.0,0.0,2.0,1.0,Poselenie Vnukovskoe,7160291
68,35.0,7.0,19.0,2010.0,2.0,10.0,Tverskoe,8200000
75,40.0,3.0,16.0,2004.0,3.0,10.0,Severnoe Tushino,14400000
40,,2.0,1.0,,1.0,1.0,Jakimanka,2501660
60,40.0,10.0,14.0,2014.0,2.0,10.0,Nekrasovka,6581700
36,20.0,12.0,24.0,2017.0,1.0,8.0,Nagatinskij Zaton,6158099
61,43.0,8.0,9.0,1974.0,3.0,6.0,Bibirevo,1000000
52,,9.0,12.0,2015.0,2.0,1.0,Poselenie Filimonkovskoe,3698264
39,17.0,4.0,17.0,2008.0,1.0,8.0,Juzhnoe Butovo,5850000
45,28.0,3.0,5.0,1964.0,2.0,5.0,Tverskoe,8100000
73,42.0,17.0,17.0,2007.0,3.0,10.0,Severnoe,9300000
102,63.0,3.0,5.0,1912.0,4.0,12.0,Presnenskoe,41000000
37,22.0,1.0,9.0,1964.0,2.0,7.0,Nagatino-Sadovniki,6650000
68,,15.0,,,,,Poselenie Sosenskoe,5390950
39,39.0,9.0,17.0,1.0,1.0,1.0,Poselenie Moskovskij,3777582
67,46.0,16.0,16.0,1975.0,3.0,7.0,Teplyj Stan,10900000
67,33.0,2.0,17.0,2004.0,2.0,11.0,Lefortovo,12800000
37,19.0,14.0,17.0,2010.0,1.0,9.0,Beskudnikovskoe,7400000
45,,13.0,20.0,2017.0,1.0,1.0,Prospekt Vernadskogo,8011500
80,76.0,2.0,17.0,2015.0,3.0,1.0,Nekrasovka,7869400
38,19.0,10.0,17.0,2000.0,1.0,7.0,Cheremushki,9950000
45,27.0,5.0,14.0,1970.0,2.0,5.0,Losinoostrovskoe,6250000
137,,18.0,18.0,2014.0,3.0,1.0,Hovrino,18902380
45,27.0,7.0,9.0,1976.0,2.0,6.0,Zjablikovo,7200000
60,34.0,3.0,17.0,1993.0,2.0,10.0,Akademicheskoe,11500000
38,20.0,3.0,12.0,1976.0,1.0,8.0,Teplyj Stan,6900000
31,18.0,2.0,5.0,1965.0,1.0,5.0,Juzhnoe Tushino,5600000
37,22.0,3.0,,,,,Timirjazevskoe,6200000
32,20.0,2.0,5.0,1967.0,1.0,5.0,Golovinskoe,6005000
50,,11.0,17.0,,3.0,1.0,Poselenie Sosenskoe,6045000
46,29.0,5.0,9.0,1969.0,2.0,5.0,Preobrazhenskoe,1000000
42,27.0,4.0,5.0,1964.0,2.0,5.0,Tekstil'shhiki,8000000
51,30.0,11.0,12.0,1995.0,2.0,8.0,Vyhino-Zhulebino,8400000
74,45.0,4.0,17.0,1993.0,3.0,9.0,Krjukovo,9215000
44,28.0,4.0,9.0,1972.0,2.0,5.0,Chertanovo Juzhnoe,3000000
39,,14.0,,,,,Strogino,6537370
42,24.0,12.0,12.0,1970.0,2.0,5.0,Severnoe Tushino,7150000
70,69.0,6.0,8.0,1961.0,3.0,7.0,Ramenki,15300000
39,21.0,3.0,12.0,1977.0,1.0,8.0,Ivanovskoe,6250000
65,40.0,3.0,4.0,2015.0,3.0,10.0,Poselenie Filimonkovskoe,4572351
105,66.0,13.0,17.0,2012.0,3.0,16.0,Poselenie Sosenskoe,6755868
40,20.0,12.0,12.0,1995.0,1.0,8.0,Vyhino-Zhulebino,6400000
58,58.0,7.0,1.0,2013.0,2.0,1.0,Poselenie Voskresenskoe,6714893
59,43.0,1.0,9.0,1973.0,3.0,6.0,Solncevo,6800000
33,18.0,6.0,9.0,1970.0,1.0,6.0,Veshnjaki,4300000
63,,17.0,17.0,,2.0,1.0,Poselenie Moskovskij,5619205
45,,7.0,25.0,2015.0,1.0,0.0,Ramenki,7324800
77,43.0,12.0,14.0,2013.0,3.0,12.0,Mar'ina Roshha,1000000
74,74.0,2.0,1.0,1.0,2.0,1.0,Poselenie Vnukovskoe,8878656
80,44.0,1.0,17.0,2008.0,3.0,10.0,Novo-Peredelkino,9100000
64,33.0,5.0,15.0,2012.0,2.0,9.0,Birjulevo Vostochnoe,5550000
60,37.0,10.0,,,,,Gol'janovo,11600000
78,75.0,9.0,17.0,2014.0,3.0,1.0,Nekrasovka,7722400
37,18.0,1.0,17.0,1997.0,1.0,8.0,Mitino,5700000
56,,4.0,17.0,2013.0,2.0,1.0,Mitino,8220124
31,20.0,5.0,5.0,1966.0,1.0,5.0,Mozhajskoe,5600000
56,35.0,3.0,5.0,1957.0,2.0,8.0,Lomonosovskoe,12250000
57,35.0,7.0,20.0,1973.0,2.0,7.0,Vojkovskoe,13000000
46,44.0,7.0,25.0,2015.0,1.0,1.0,Nekrasovka,4740002
35,21.0,1.0,9.0,1978.0,1.0,6.0,Juzhnoe Medvedkovo,6500000
38,19.0,2.0,16.0,1982.0,1.0,10.0,Ochakovo-Matveevskoe,6450000
32,18.0,9.0,9.0,1974.0,1.0,6.0,Teplyj Stan,5300000
36,19.0,8.0,21.0,1991.0,1.0,8.0,Pechatniki,6000000
39,23.0,4.0,12.0,1966.0,2.0,6.0,Rostokino,6500000
39,19.0,3.0,15.0,2015.0,1.0,10.0,Poselenie Filimonkovskoe,2935219
39,20.0,4.0,12.0,1975.0,1.0,8.0,Ivanovskoe,5700000
62,,5.0,17.0,0.0,2.0,1.0,Poselenie Moskovskij,6418298
33,20.0,3.0,8.0,1960.0,1.0,5.0,Juzhnoportovoe,7300000
47,28.0,3.0,12.0,1980.0,2.0,6.0,Severnoe Medvedkovo,7800000
62,1.0,2.0,17.0,2015.0,2.0,1.0,Solncevo,6258639
62,38.0,6.0,9.0,1971.0,3.0,8.0,Veshnjaki,8000000
63,40.0,10.0,14.0,1994.0,3.0,7.0,Teplyj Stan,10800000
50,23.0,8.0,14.0,2006.0,1.0,11.0,Kosino-Uhtomskoe,6500000
59,33.0,16.0,17.0,2006.0,2.0,0.0,Vostochnoe Degunino,9850000
58,38.0,9.0,9.0,1972.0,3.0,5.0,Kon'kovo,9650000
53,30.0,14.0,14.0,1988.0,2.0,8.0,Mar'ino,8700000
42,28.0,9.0,9.0,1965.0,2.0,4.0,Juzhnoportovoe,6400000
59,33.0,8.0,22.0,1992.0,2.0,10.0,Ramenki,12700000
85,49.0,4.0,25.0,2016.0,3.0,12.0,Mitino,10841899
45,29.0,1.0,12.0,1967.0,2.0,5.0,Vostochnoe Izmajlovo,6050000
27,15.0,1.0,4.0,1957.0,1.0,4.0,Akademicheskoe,5600000
38,1.0,16.0,17.0,1.0,1.0,1.0,Nekrasovka,4423200
39,20.0,17.0,22.0,2004.0,1.0,10.0,Donskoe,7600000
31,20.0,1.0,5.0,1965.0,1.0,5.0,Pokrovskoe Streshnevo,4900000
14,13.0,5.0,5.0,1959.0,3.0,8.0,Ljublino,2500000
31,18.0,4.0,5.0,1971.0,1.0,5.0,Koptevo,5150000
37,19.0,15.0,16.0,1988.0,1.0,9.0,Bibirevo,6400000
38,,13.0,17.0,,1.0,1.0,Poselenie Vnukovskoe,4846697
32,19.0,4.0,5.0,1962.0,1.0,5.0,Nagatino-Sadovniki,5700000
38,38.0,7.0,17.0,0.0,1.0,0.0,Solncevo,3893505
62,62.0,15.0,17.0,0.0,2.0,10.0,Poselenie Vnukovskoe,6864089
39,22.0,9.0,12.0,1965.0,2.0,7.0,Mozhajskoe,7200000
75,45.0,9.0,17.0,1999.0,3.0,9.0,Akademicheskoe,14000000
44,28.0,7.0,9.0,1967.0,2.0,5.0,Novogireevo,7950000
38,19.0,1.0,12.0,1996.0,1.0,8.0,Brateevo,5800000
57,35.0,7.0,14.0,2008.0,2.0,8.0,Juzhnoe Butovo,7700000
56,39.0,2.0,5.0,1968.0,3.0,5.0,Juzhnoe Tushino,7668000
35,14.0,2.0,17.0,1993.0,1.0,9.0,Troparevo-Nikulino,7300000
30,16.0,1.0,8.0,1962.0,1.0,6.0,Chertanovo Severnoe,5200000
78,43.0,15.0,17.0,2002.0,3.0,13.0,Severnoe Butovo,15500000
51,,4.0,4.0,2014.0,1.0,1.0,Poselenie Sosenskoe,5195190
40,20.0,17.0,17.0,2015.0,1.0,9.0,Nekrasovka,4800000
38,24.0,8.0,9.0,1971.0,2.0,6.0,Novogireevo,7565000
37,37.0,16.0,1.0,2013.0,1.0,1.0,Strogino,7116200
55,35.0,4.0,5.0,1961.0,3.0,5.0,Kuncevo,8600000
52,32.0,10.0,16.0,1980.0,2.0,8.0,Chertanovo Juzhnoe,9500000
57,32.0,5.0,22.0,2007.0,2.0,10.0,Severnoe,8500000
73,46.0,9.0,10.0,1979.0,3.0,10.0,Mozhajskoe,13700000
32,16.0,6.0,9.0,1969.0,1.0,7.0,Chertanovo Severnoe,2000000
60,40.0,19.0,21.0,2017.0,2.0,10.0,Poselenie Moskovskij,5991308
31,17.0,5.0,5.0,1967.0,1.0,5.0,Caricyno,4950000
63,35.0,7.0,,,,,Alekseevskoe,999000
59,38.0,9.0,9.0,1972.0,3.0,8.0,Beskudnikovskoe,1100000
27,,5.0,12.0,,1.0,1.0,Poselenie Filimonkovskoe,2011950
63,39.0,9.0,9.0,1978.0,3.0,8.0,Gol'janovo,8200000
59,,9.0,,,,,Poselenie Sosenskoe,4510470
60,43.0,4.0,12.0,1972.0,3.0,6.0,Birjulevo Vostochnoe,7500000
59,31.0,6.0,18.0,2005.0,2.0,5.0,Kuz'minki,2000000
35,17.0,7.0,9.0,1967.0,1.0,8.0,Moskvorech'e-Saburovo,6300000
41,20.0,5.0,12.0,1985.0,1.0,8.0,Obruchevskoe,8400000
37,19.0,3.0,16.0,1978.0,1.0,10.0,Golovinskoe,6300000
100,55.0,9.0,12.0,2005.0,3.0,11.0,Nizhegorodskoe,16000000
37,22.0,5.0,,,,,Krasnosel'skoe,6200000
56,37.0,3.0,9.0,1975.0,3.0,5.0,Staroe Krjukovo,6900000
45,44.0,5.0,9.0,1964.0,2.0,5.0,Nagatinskij Zaton,3000000
56,34.0,2.0,5.0,1958.0,2.0,8.0,Presnenskoe,9750000
39,24.0,6.0,9.0,1967.0,2.0,6.0,Severnoe Izmajlovo,2000000
74,74.0,16.0,24.0,2014.0,3.0,1.0,Nagornoe,14761521
37,19.0,4.0,14.0,2003.0,1.0,7.0,Severnoe Medvedkovo,7000000
70,70.0,2.0,17.0,2014.0,3.0,1.0,Nekrasovka,7236320
62,32.0,5.0,17.0,2010.0,2.0,12.0,Otradnoe,8400000
31,16.0,4.0,4.0,1954.0,1.0,7.0,Kuncevo,4700000
35,19.0,6.0,,,,,Novogireevo,6200000
79,1.0,1.0,1.0,1.0,1.0,1.0,Nekrasovka,7402800
38,23.0,5.0,9.0,1965.0,2.0,7.0,Mozhajskoe,6300000
81,51.0,7.0,7.0,2003.0,3.0,11.0,Ljublino,9700000
64,44.0,14.0,14.0,1972.0,3.0,9.0,Ajeroport,12800000
65,65.0,3.0,24.0,0.0,2.0,0.0,Poselenie Vnukovskoe,7559063
75,75.0,2.0,1.0,2014.0,2.0,1.0,Izmajlovo,13615630
80,55.0,7.0,10.0,1960.0,3.0,10.0,Lomonosovskoe,19900000
40,40.0,13.0,17.0,2014.0,1.0,1.0,Tverskoe,3846600
80,46.0,13.0,22.0,2012.0,3.0,10.0,Severnoe Medvedkovo,3000000
74,43.0,10.0,,,,,Zjuzino,6691500
54,33.0,8.0,8.0,1958.0,2.0,8.0,Akademicheskoe,11200000
30,17.0,8.0,9.0,1966.0,1.0,5.0,Ostankinskoe,8000000
78,,12.0,17.0,,3.0,1.0,Tverskoe,7419500
98,63.0,16.0,22.0,1985.0,4.0,9.0,Jaroslavskoe,12700000
72,42.0,12.0,16.0,1988.0,3.0,9.0,Bogorodskoe,12200000
87,56.0,7.0,9.0,1963.0,4.0,8.0,Zamoskvorech'e,22900000
39,19.0,15.0,17.0,1998.0,1.0,8.0,Cheremushki,9200000
42,28.0,2.0,9.0,1969.0,2.0,6.0,Vyhino-Zhulebino,6500000
37,,4.0,12.0,1.0,1.0,1.0,Poselenie Filimonkovskoe,2785826
39,19.0,14.0,17.0,1988.0,1.0,8.0,Lefortovo,8100000
49,49.0,11.0,0.0,0.0,1.0,1.0,Poselenie Sosenskoe,4880700
38,23.0,9.0,9.0,1963.0,2.0,7.0,Danilovskoe,1000000
36,19.0,4.0,5.0,1960.0,1.0,8.0,Perovo,6500000
38,38.0,17.0,17.0,2016.0,1.0,10.0,Poselenie Vnukovskoe,4663117
39,18.0,14.0,24.0,2002.0,1.0,10.0,Mar'ino,6950000
40,24.0,4.0,5.0,1960.0,2.0,5.0,Tekstil'shhiki,5550000
34,19.0,10.0,16.0,1985.0,1.0,9.0,Vostochnoe Izmajlovo,6750000
143,61.0,11.0,15.0,1997.0,3.0,40.0,Lomonosovskoe,36000000
53,30.0,5.0,12.0,1983.0,2.0,8.0,Nagatinskij Zaton,9200000
67,42.0,3.0,16.0,1976.0,3.0,7.0,Kon'kovo,12650000
69,69.0,17.0,22.0,2013.0,2.0,13.0,Juzhnoe Tushino,13562447
75,43.0,15.0,,,,,Bibirevo,10900000
132,68.0,19.0,25.0,2011.0,4.0,13.0,Chertanovo Juzhnoe,14173785
63,1.0,2.0,17.0,2015.0,2.0,1.0,Nekrasovka,6088302
54,27.0,22.0,25.0,2013.0,2.0,8.0,Beskudnikovskoe,5000000
42,27.0,4.0,5.0,1959.0,2.0,5.0,Akademicheskoe,8500000
43,24.0,5.0,5.0,1960.0,2.0,5.0,Butyrskoe,6900000
31,21.0,2.0,,,,,Presnenskoe,7520000
59,58.0,22.0,22.0,2013.0,2.0,10.0,Nagornoe,11672827
38,19.0,16.0,17.0,2002.0,1.0,7.0,Severnoe Butovo,8500000
54,35.0,8.0,24.0,2016.0,2.0,10.0,Nagatinskij Zaton,10865610
45,28.0,1.0,12.0,1970.0,2.0,5.0,Pechatniki,5200000
31,20.0,1.0,5.0,1963.0,1.0,5.0,Fili Davydkovo,5100000
53,29.0,9.0,17.0,2000.0,2.0,12.0,Ramenki,6500000
56,,3.0,12.0,2013.0,2.0,6.0,Poselenie Shherbinka,5194980
36,21.0,7.0,9.0,1979.0,1.0,6.0,Otradnoe,6100000
33,20.0,4.0,5.0,1966.0,1.0,5.0,Novogireevo,2000000
46,29.0,9.0,9.0,1971.0,2.0,5.0,Veshnjaki,6850000
53,29.0,1.0,3.0,2016.0,2.0,9.0,Poselenie Novofedorovskoe,3116872
29,17.0,3.0,9.0,1969.0,1.0,5.0,Ivanovskoe,4700000
45,29.0,1.0,9.0,1967.0,2.0,6.0,Savelki,5300000
43,29.0,2.0,5.0,1962.0,2.0,5.0,Kotlovka,1200000
76,46.0,13.0,16.0,1976.0,3.0,10.0,Troparevo-Nikulino,13500000
59,59.0,23.0,23.0,2016.0,2.0,1.0,Rostokino,11394426
37,37.0,15.0,1.0,2013.0,1.0,1.0,Severnoe Tushino,8078182
44,27.0,2.0,9.0,1973.0,2.0,6.0,Pechatniki,8000000
43,43.0,4.0,0.0,0.0,1.0,0.0,Poselenie Sosenskoe,3836160
40,40.0,13.0,17.0,0.0,1.0,1.0,Poselenie Voskresenskoe,5722160
30,30.0,1.0,12.0,1973.0,1.0,7.0,Mozhajskoe,5300000
66,46.0,2.0,3.0,1951.0,3.0,7.0,Vojkovskoe,9000000
53,,12.0,,,,,Poselenie Desjonovskoe,4296616
57,57.0,2.0,0.0,0.0,2.0,0.0,Chertanovo Severnoe,10036250
49,33.0,5.0,9.0,1973.0,3.0,6.0,Birjulevo Zapadnoe,6300000
76,45.0,6.0,14.0,1992.0,3.0,10.0,Krjukovo,9000000
53,30.0,12.0,12.0,1976.0,2.0,8.0,Otradnoe,8250000
58,41.0,5.0,9.0,1971.0,3.0,6.0,Veshnjaki,7800000
45,29.0,4.0,9.0,1975.0,2.0,6.0,Vyhino-Zhulebino,7100000
38,19.0,8.0,17.0,1987.0,1.0,8.0,Teplyj Stan,7000000
77,,10.0,,,,,Nekrasovka,7039096
49,1.0,3.0,9.0,2014.0,1.0,1.0,Zapadnoe Degunino,3521424
95,50.0,8.0,17.0,2003.0,3.0,15.0,Kurkino,8600000
55,39.0,9.0,1.0,1967.0,3.0,5.0,Kotlovka,8500000
134,134.0,1.0,2.0,0.0,3.0,43.0,Zapadnoe Degunino,5798495
37,19.0,13.0,16.0,1982.0,1.0,8.0,Filevskij Park,6300000
34,16.0,2.0,12.0,1989.0,1.0,7.0,Otradnoe,7000000
53,30.0,5.0,12.0,1980.0,2.0,8.0,Lianozovo,7900000
56,29.0,1.0,16.0,1974.0,2.0,9.0,Donskoe,10000000
42,17.0,21.0,22.0,2001.0,1.0,10.0,Mar'ino,6800000
53,30.0,7.0,14.0,1988.0,2.0,8.0,Mar'ino,3000000
43,19.0,4.0,8.0,2002.0,1.0,9.0,Juzhnoe Butovo,6400000
52,30.0,5.0,12.0,1978.0,2.0,8.0,Chertanovo Juzhnoe,1000000
34,20.0,7.0,12.0,1969.0,1.0,9.0,Pechatniki,6200000
58,34.0,2.0,22.0,2003.0,2.0,10.0,Juzhnoe Butovo,8400000
45,28.0,5.0,9.0,1969.0,2.0,6.0,Vyhino-Zhulebino,1000000
76,43.0,14.0,17.0,2008.0,3.0,12.0,Nekrasovka,9500000
35,19.0,6.0,12.0,1969.0,1.0,9.0,Presnenskoe,1000000
37,23.0,8.0,12.0,1972.0,2.0,5.0,Vnukovo,4800000
36,19.0,14.0,17.0,1999.0,1.0,6.0,Severnoe Medvedkovo,7500000
38,19.0,10.0,17.0,2006.0,1.0,7.0,Solncevo,5900000
31,21.0,1.0,9.0,1963.0,1.0,5.0,Cheremushki,5200000
76,,15.0,,,,,Poselenie Sosenskoe,5667530
78,77.0,3.0,9.0,2016.0,3.0,1.0,Nagatinskij Zaton,11880554
55,,1.0,4.0,,2.0,1.0,Tverskoe,3844858
41,18.0,4.0,17.0,2008.0,1.0,9.0,Nekrasovka,5750000
45,27.0,3.0,12.0,1983.0,2.0,6.0,Levoberezhnoe,6350000
68,,22.0,1.0,2015.0,2.0,1.0,Sviblovo,15699800
47,30.0,5.0,9.0,1968.0,2.0,6.0,Vostochnoe Izmajlovo,6700000
42,24.0,9.0,12.0,1971.0,2.0,5.0,Chertanovo Juzhnoe,7200000
63,33.0,9.0,14.0,2007.0,2.0,12.0,Severnoe Medvedkovo,11550000
50,48.0,17.0,25.0,2016.0,1.0,1.0,Krylatskoe,7532850
31,15.0,7.0,12.0,1970.0,1.0,6.0,Severnoe Tushino,2350000
25,13.0,8.0,16.0,1993.0,1.0,7.0,Juzhnoportovoe,4250000
52,50.0,7.0,9.0,2015.0,2.0,1.0,Poselenie Filimonkovskoe,3710345
52,46.0,3.0,0.0,0.0,1.0,0.0,Zapadnoe Degunino,3611995
37,18.0,13.0,22.0,2001.0,1.0,10.0,Mar'ino,7150000
58,34.0,6.0,,,,,Krjukovo,6225000
44,27.0,6.0,9.0,1973.0,2.0,6.0,Birjulevo Zapadnoe,6400000
45,29.0,2.0,5.0,1968.0,2.0,5.0,Vyhino-Zhulebino,6850000
82,,24.0,1.0,2014.0,3.0,1.0,Strogino,16408800
38,19.0,10.0,14.0,2002.0,1.0,7.0,Mar'ino,6950000
39,37.0,3.0,4.0,2015.0,1.0,1.0,Poselenie Filimonkovskoe,3052140
45,27.0,6.0,9.0,1973.0,2.0,6.0,Orehovo-Borisovo Severnoe,7400000
38,20.0,3.0,14.0,1995.0,1.0,8.0,Losinoostrovskoe,6100000
112,1.0,8.0,1.0,2014.0,3.0,1.0,Izmajlovo,20684376
63,41.0,6.0,12.0,1981.0,3.0,6.0,Ljublino,8400000
45,28.0,2.0,,,,,Preobrazhenskoe,7150000
39,23.0,12.0,14.0,1969.0,2.0,6.0,Pokrovskoe Streshnevo,6900000
42,27.0,2.0,5.0,1963.0,2.0,5.0,Koptevo,6680000
52,34.0,6.0,9.0,1975.0,3.0,6.0,Otradnoe,8700000
45,45.0,3.0,3.0,2015.0,1.0,0.0,Tverskoe,5872409
53,26.0,5.0,17.0,2011.0,1.0,10.0,Severnoe Butovo,500000
38,19.0,4.0,17.0,1985.0,1.0,8.0,Orehovo-Borisovo Juzhnoe,6200000
63,,7.0,,,,,Nekrasovka,6426541
91,91.0,24.0,24.0,2016.0,3.0,19.0,Hovrino,13454391
74,34.0,14.0,17.0,2005.0,2.0,14.0,Mar'ino,12200000
45,30.0,3.0,5.0,1959.0,2.0,5.0,Altuf'evskoe,6200000
59,43.0,6.0,9.0,1969.0,3.0,5.0,Pechatniki,8100000
42,28.0,1.0,,,,,Preobrazhenskoe,6900000
32,20.0,5.0,5.0,1964.0,1.0,5.0,Vostochnoe Izmajlovo,4450000
88,59.0,20.0,24.0,2007.0,3.0,10.0,Lianozovo,14000000
131,85.0,3.0,5.0,1917.0,2.0,14.0,Basmannoe,35905920
58,39.0,2.0,9.0,1962.0,3.0,6.0,Kuncevo,9250000
52,30.0,7.0,12.0,1991.0,2.0,8.0,Severnoe Butovo,9500000
44,29.0,6.0,9.0,1970.0,2.0,6.0,Ivanovskoe,7200000
19,13.0,3.0,15.0,1973.0,1.0,0.0,Kon'kovo,3600000
40,25.0,15.0,16.0,1969.0,2.0,6.0,Preobrazhenskoe,1030000
58,43.0,4.0,9.0,1979.0,3.0,6.0,Jaroslavskoe,7700000
55,34.0,6.0,7.0,1959.0,2.0,7.0,Nagatino-Sadovniki,10500000
35,19.0,3.0,12.0,1972.0,1.0,9.0,Vnukovo,4100000
51,30.0,10.0,17.0,2011.0,2.0,9.0,Golovinskoe,6690000
32,20.0,5.0,,,,,Sviblovo,1000000
54,32.0,2.0,17.0,2014.0,2.0,9.0,Poselenie Desjonovskoe,3532160
37,18.0,3.0,17.0,2012.0,1.0,9.0,Poselenie Sosenskoe,4900000
40,20.0,1.0,9.0,2001.0,1.0,8.0,Juzhnoe Butovo,5200000
104,104.0,5.0,5.0,0.0,3.0,1.0,Tverskoe,7572180
39,21.0,5.0,12.0,1980.0,1.0,8.0,Mar'ino,5800000
53,28.0,2.0,16.0,1988.0,2.0,11.0,Tekstil'shhiki,8200000
64,45.0,7.0,12.0,1979.0,3.0,6.0,Otradnoe,9400000
38,20.0,4.0,12.0,1983.0,1.0,8.0,Kuncevo,6700000
53,32.0,11.0,16.0,1977.0,2.0,9.0,Horoshevo-Mnevniki,10500000
127,58.0,11.0,20.0,2006.0,3.0,33.0,Prospekt Vernadskogo,42000000
52,30.0,4.0,12.0,1977.0,2.0,8.0,Lianozovo,9500000
39,20.0,5.0,14.0,1989.0,1.0,8.0,Moskvorech'e-Saburovo,1000000
55,29.0,2.0,14.0,2005.0,2.0,10.0,Severnoe Medvedkovo,8750000
54,1.0,1.0,1.0,2015.0,2.0,1.0,Poselenie Filimonkovskoe,3324028
53,29.0,12.0,12.0,1986.0,2.0,8.0,Silino,2000000
78,43.0,3.0,1.0,2014.0,3.0,12.0,Nekrasovka,7806510
55,41.0,3.0,5.0,1963.0,3.0,5.0,Juzhnoe Tushino,8050000
74,46.0,4.0,5.0,1954.0,3.0,9.0,Pokrovskoe Streshnevo,12600000
38,1.0,9.0,17.0,2015.0,1.0,1.0,Nekrasovka,5490262
30,15.0,1.0,9.0,1975.0,1.0,7.0,Orehovo-Borisovo Severnoe,5400000
33,15.0,4.0,16.0,2003.0,1.0,7.0,Juzhnoe Butovo,5350000
32,18.0,1.0,9.0,1971.0,1.0,6.0,Jaroslavskoe,1000000
39,,7.0,17.0,,1.0,1.0,Poselenie Moskovskij,3681233
65,65.0,7.0,24.0,0.0,2.0,0.0,Poselenie Vnukovskoe,7617874
76,55.0,12.0,24.0,2017.0,3.0,13.0,Nagatinskij Zaton,12085368
51,33.0,1.0,9.0,1974.0,3.0,6.0,Pokrovskoe Streshnevo,6500000
75,75.0,5.0,12.0,2013.0,3.0,10.0,Poselenie Desjonovskoe,5666764
33,18.0,4.0,9.0,1967.0,1.0,6.0,Kon'kovo,6400000
77,45.0,2.0,17.0,1997.0,3.0,10.0,Mitino,10450000
41,26.0,1.0,5.0,1960.0,2.0,5.0,Cheremushki,6600000
72,,7.0,19.0,2016.0,3.0,1.0,Poselenie Shherbinka,5930543
35,22.0,7.0,12.0,1975.0,1.0,7.0,Bibirevo,6000000
54,32.0,14.0,17.0,1999.0,2.0,9.0,Mar'ino,7000000
30,18.0,8.0,9.0,1973.0,1.0,5.0,Bogorodskoe,6300000
63,34.0,12.0,17.0,2006.0,2.0,12.0,Chertanovo Juzhnoe,12000000
40,,3.0,17.0,2013.0,1.0,1.0,Poselenie Shherbinka,3422309
36,20.0,8.0,12.0,1970.0,1.0,9.0,Nagatinskij Zaton,7450000
65,34.0,9.0,24.0,2007.0,2.0,10.0,Lianozovo,3000000
45,28.0,6.0,12.0,1966.0,2.0,6.0,Severnoe Medvedkovo,7200000
67,46.0,4.0,7.0,1947.0,3.0,6.0,Krasnosel'skoe,13000000
34,34.0,2.0,3.0,2017.0,1.0,8.0,Poselenie Novofedorovskoe,1920412
48,,7.0,22.0,0.0,1.0,1.0,Poselenie Moskovskij,5666763
51,,3.0,3.0,2016.0,2.0,10.0,Poselenie Novofedorovskoe,3037390
37,18.0,11.0,16.0,1989.0,1.0,9.0,Fili Davydkovo,8000000
36,19.0,3.0,17.0,2003.0,1.0,6.0,Moskvorech'e-Saburovo,6400000
76,45.0,9.0,17.0,1986.0,3.0,10.0,Solncevo,11000000
51,29.0,12.0,12.0,1974.0,2.0,7.0,Bibirevo,7100000
77,46.0,11.0,17.0,2012.0,3.0,9.0,Nekrasovka,7400000
43,27.0,1.0,9.0,1968.0,2.0,5.0,Vyhino-Zhulebino,2000000
40,20.0,3.0,14.0,1985.0,1.0,8.0,Birjulevo Zapadnoe,4700000
81,,5.0,,,,,Poselenie Sosenskoe,6744295
44,29.0,5.0,5.0,1963.0,2.0,5.0,Filevskij Park,7900000
60,42.0,4.0,9.0,1978.0,3.0,6.0,Otradnoe,1000000
65,47.0,4.0,16.0,1978.0,3.0,8.0,Ochakovo-Matveevskoe,10230000
45,29.0,5.0,9.0,1969.0,2.0,6.0,Akademicheskoe,6800000
68,,12.0,,,,,Hamovniki,5132250
32,17.0,5.0,9.0,1970.0,1.0,7.0,Nagatinskij Zaton,6000000
44,27.0,5.0,,,,,Sokolinaja Gora,3650000
75,46.0,10.0,16.0,1976.0,3.0,10.0,Cheremushki,16000000
26,14.0,2.0,,,,,Danilovskoe,5450000
52,30.0,8.0,14.0,2005.0,2.0,9.0,Beskudnikovskoe,9400000
68,30.0,7.0,16.0,2005.0,2.0,11.0,Severnoe Tushino,12500000
29,17.0,2.0,5.0,1960.0,1.0,5.0,Rjazanskij,5100000
32,21.0,8.0,9.0,1964.0,1.0,5.0,Kotlovka,6600000
52,34.0,7.0,9.0,1978.0,3.0,6.0,Jasenevo,7650000
53,30.0,5.0,12.0,1980.0,2.0,8.0,Mar'ino,7900000
40,18.0,7.0,17.0,2012.0,1.0,7.0,Poselenie Vnukovskoe,2200000
41,41.0,8.0,17.0,2017.0,1.0,10.0,Poselenie Sosenskoe,4605120
48,28.0,9.0,9.0,1975.0,2.0,6.0,Otradnoe,8900000
43,27.0,5.0,5.0,1966.0,2.0,5.0,Ljublino,5750000
41,40.0,11.0,1.0,2015.0,1.0,1.0,Krjukovo,4816350
55,31.0,3.0,3.0,1958.0,2.0,8.0,Altuf'evskoe,6250000
70,42.0,15.0,17.0,1991.0,3.0,9.0,Krjukovo,1000000
37,37.0,12.0,12.0,2016.0,1.0,0.0,Poselenie Shherbinka,3151819
39,19.0,2.0,14.0,1972.0,1.0,9.0,Kon'kovo,7450000
38,20.0,5.0,9.0,1987.0,1.0,8.0,Veshnjaki,5800000
38,19.0,14.0,16.0,1983.0,1.0,8.0,Zjablikovo,7300000
13,8.0,4.0,5.0,1962.0,1.0,0.0,Sokolinaja Gora,1000000
45,29.0,6.0,9.0,1972.0,2.0,6.0,Kon'kovo,7700000
57,31.0,9.0,14.0,1993.0,2.0,10.0,Mitino,9500000
44,28.0,5.0,5.0,1965.0,2.0,5.0,Novogireevo,6000000
170,73.0,2.0,3.0,2014.0,3.0,9.0,Juzhnoe Butovo,15672150
31,21.0,1.0,9.0,1966.0,1.0,5.0,Kuz'minki,4500000
85,60.0,8.0,,,,,Lomonosovskoe,17400000
76,47.0,4.0,10.0,2001.0,3.0,10.0,Juzhnoe Butovo,10000000
32,18.0,2.0,9.0,1979.0,1.0,5.0,Strogino,6100000
86,50.0,15.0,26.0,2008.0,3.0,9.0,Shhukino,10000000
61,37.0,14.0,22.0,2004.0,2.0,10.0,Obruchevskoe,3000000
51,34.0,9.0,9.0,1977.0,3.0,6.0,Jasenevo,8570000
57,42.0,4.0,9.0,1974.0,3.0,5.0,Bogorodskoe,2700000
63,33.0,6.0,16.0,1971.0,2.0,9.0,Chertanovo Central'noe,11000000
56,,11.0,19.0,2015.0,2.0,9.0,Poselenie Shherbinka,4617686
112,112.0,3.0,3.0,2015.0,3.0,112.0,Poselenie Sosenskoe,10950065
41,25.0,3.0,5.0,1961.0,2.0,5.0,Filevskij Park,7500000
117,66.0,2.0,2.0,2016.0,4.0,14.0,Obruchevskoe,6877515
57,,4.0,17.0,,2.0,1.0,Poselenie Moskovskij,5775980
45,28.0,5.0,9.0,1974.0,2.0,6.0,Horoshevo-Mnevniki,7900000
36,22.0,9.0,9.0,1963.0,2.0,7.0,Horoshevo-Mnevniki,6800000
31,17.0,2.0,5.0,1967.0,1.0,5.0,Gol'janovo,5300000
65,46.0,4.0,12.0,1995.0,3.0,7.0,Sokolinaja Gora,12900000
39,20.0,4.0,10.0,1994.0,1.0,8.0,Vyhino-Zhulebino,6600000
34,18.0,3.0,17.0,2016.0,1.0,8.0,Poselenie Filimonkovskoe,2558485
76,45.0,16.0,17.0,1987.0,3.0,10.0,Novokosino,10600000
37,22.0,9.0,9.0,1967.0,2.0,7.0,Filevskij Park,7350000
29,19.0,1.0,,,,,Shhukino,5000000
63,,17.0,17.0,1.0,2.0,1.0,Solncevo,5703971
38,19.0,6.0,14.0,1994.0,1.0,8.0,Mar'ino,5900000
79,44.0,6.0,17.0,2003.0,3.0,12.0,Ljublino,12500000
37,22.0,5.0,9.0,1962.0,2.0,6.0,Bogorodskoe,6800000
65,36.0,3.0,5.0,1954.0,2.0,7.0,Ochakovo-Matveevskoe,8100000
40,19.0,6.0,25.0,2000.0,1.0,9.0,Brateevo,6500000
37,18.0,13.0,16.0,1989.0,1.0,3.0,Fili Davydkovo,3000000
41,20.0,9.0,14.0,1985.0,1.0,8.0,Brateevo,6100000
45,29.0,6.0,9.0,1990.0,2.0,6.0,Gol'janovo,7000000
54,30.0,3.0,14.0,1989.0,2.0,8.0,Mar'ino,8300000
53,30.0,13.0,14.0,1984.0,2.0,8.0,Mar'ino,7700000
37,19.0,10.0,,,,,Solncevo,1447000
31,20.0,1.0,5.0,1963.0,1.0,5.0,Kuz'minki,4900000
35,19.0,7.0,12.0,1967.0,1.0,9.0,Jakimanka,8100000
119,,24.0,1.0,1.0,1.0,1.0,Mitino,15696466
57,,23.0,25.0,1.0,2.0,1.0,Mitino,11260730
36,21.0,9.0,3.0,1979.0,1.0,6.0,Otradnoe,6650000
35,16.0,15.0,,,,,Hovrino,7200000
51,,12.0,17.0,,1.0,9.0,Poselenie Sosenskoe,4770936
45,30.0,1.0,9.0,1971.0,2.0,5.0,Koptevo,6900000
37,15.0,10.0,24.0,2017.0,1.0,8.0,Nagatinskij Zaton,5665851
150,108.0,8.0,24.0,2004.0,3.0,23.0,Presnenskoe,45640000
51,50.0,4.0,17.0,2015.0,2.0,1.0,Poselenie Filimonkovskoe,4266445
29,17.0,3.0,8.0,1965.0,1.0,5.0,Danilovskoe,2000000
37,22.0,4.0,9.0,1964.0,2.0,7.0,Metrogorodok,6000000
41,19.0,9.0,14.0,1986.0,1.0,8.0,Koptevo,7700000
74,46.0,17.0,17.0,1993.0,3.0,10.0,Donskoe,10500000
29,27.0,6.0,9.0,2015.0,1.0,1.0,Poselenie Filimonkovskoe,2199436
38,17.0,18.0,,,,,Bogorodskoe,6850000
37,19.0,5.0,17.0,2009.0,1.0,7.0,Pechatniki,2000000
42,25.0,7.0,,,,,Obruchevskoe,990000
77,45.0,4.0,14.0,2006.0,3.0,10.0,Severnoe Izmajlovo,15000000
56,,13.0,,,,,Poselenie Sosenskoe,4438680
76,46.0,9.0,17.0,1989.0,3.0,10.0,Solncevo,9250000
60,42.0,7.0,9.0,1968.0,3.0,6.0,Jakimanka,8900000
38,19.0,10.0,12.0,2008.0,1.0,7.0,Dmitrovskoe,6650000
41,21.0,6.0,12.0,1980.0,1.0,8.0,Mar'ino,5700000
80,51.0,2.0,8.0,1962.0,3.0,10.0,Basmannoe,16350000
69,,4.0,17.0,,2.0,1.0,Poselenie Moskovskij,8500790
54,31.0,7.0,16.0,1982.0,2.0,8.0,Birjulevo Vostochnoe,6750000
77,46.0,8.0,17.0,2000.0,3.0,10.0,Severnoe Tushino,14100000
39,28.0,4.0,6.0,1931.0,2.0,6.0,Hamovniki,17700000
51,30.0,7.0,17.0,2008.0,2.0,9.0,Ljublino,7300000
79,44.0,17.0,17.0,2003.0,3.0,12.0,Jaroslavskoe,13600000
59,37.0,9.0,9.0,1976.0,3.0,6.0,Otradnoe,2000000
49,29.0,3.0,4.0,1955.0,2.0,7.0,Novogireevo,2000000
44,27.0,5.0,9.0,1968.0,2.0,5.0,Severnoe Tushino,7800000
79,79.0,12.0,17.0,2015.0,3.0,1.0,Poselenie Vnukovskoe,8452517
60,34.0,7.0,18.0,2009.0,2.0,10.0,Mozhajskoe,8200000
44,29.0,5.0,5.0,1960.0,2.0,5.0,Koptevo,3000000
58,42.0,4.0,9.0,1970.0,3.0,6.0,Chertanovo Central'noe,5000000
81,57.0,8.0,8.0,1959.0,3.0,9.0,Lomonosovskoe,19350000
54,29.0,11.0,24.0,2012.0,2.0,9.0,Birjulevo Vostochnoe,8757427
39,,10.0,17.0,2015.0,1.0,10.0,Poselenie Vnukovskoe,4657522
30,18.0,2.0,5.0,1961.0,1.0,5.0,Sokolinaja Gora,6150000
38,22.0,4.0,,,,,Horoshevo-Mnevniki,6500000
63,35.0,12.0,17.0,2016.0,2.0,8.0,Poselenie Vnukovskoe,7250464
50,20.0,12.0,18.0,2012.0,1.0,13.0,Poselenie Sosenskoe,4400000
44,28.0,1.0,9.0,1980.0,2.0,6.0,Mar'ino,6600000
52,30.0,4.0,12.0,1977.0,2.0,8.0,Zjablikovo,8000000
61,33.0,5.0,7.0,1938.0,2.0,10.0,Meshhanskoe,17700000
52,,11.0,17.0,0.0,2.0,1.0,Poselenie Vnukovskoe,6466434
58,43.0,5.0,9.0,1978.0,3.0,6.0,Vostochnoe Degunino,8900000
124,1.0,7.0,17.0,2015.0,1.0,1.0,Filevskij Park,20972816
74,38.0,27.0,,,,,Zjuzino,15548701
37,19.0,9.0,16.0,1984.0,1.0,9.0,Severnoe Medvedkovo,1000000
35,19.0,2.0,12.0,1972.0,1.0,10.0,Preobrazhenskoe,6200000
37,21.0,3.0,12.0,1969.0,2.0,7.0,Rjazanskij,6200000
52,30.0,15.0,17.0,2007.0,2.0,9.0,Severnoe,2300000
59,59.0,11.0,24.0,2014.0,2.0,1.0,Nagornoe,11406877
73,1.0,12.0,12.0,2014.0,2.0,1.0,Poselenie Sosenskoe,6719680
77,458.0,12.0,16.0,1996.0,3.0,10.0,Jasenevo,13750000
37,22.0,9.0,2.0,1965.0,2.0,7.0,Novogireevo,7300000
77,45.0,16.0,16.0,1975.0,3.0,10.0,Otradnoe,11300000
58,30.0,13.0,14.0,2011.0,2.0,10.0,Poselenie Vnukovskoe,3000000
68,43.0,6.0,9.0,1969.0,4.0,6.0,Ivanovskoe,9550000
80,49.0,9.0,9.0,1974.0,4.0,8.0,Koptevo,11000000
74,45.0,1.0,17.0,1995.0,3.0,10.0,Caricyno,11400000
36,17.0,5.0,15.0,1986.0,1.0,9.0,Preobrazhenskoe,6800000
64,,17.0,17.0,0.0,2.0,1.0,Poselenie Moskovskij,6623516
32,18.0,2.0,9.0,1970.0,1.0,6.0,Jaroslavskoe,4500000
58,29.0,13.0,22.0,2012.0,2.0,10.0,Zjuzino,12300000
54,27.0,4.0,24.0,2011.0,2.0,10.0,Juzhnoe Butovo,5000000
62,38.0,7.0,14.0,1989.0,3.0,8.0,Novo-Peredelkino,8200000
57,,7.0,19.0,,2.0,1.0,Poselenie Shherbinka,4702896
39,20.0,13.0,18.0,1993.0,1.0,10.0,Vyhino-Zhulebino,6300000
31,31.0,25.0,25.0,2015.0,1.0,8.0,Tverskoe,4354000
102,102.0,20.0,24.0,2014.0,3.0,0.0,Ramenki,16497670
52,34.0,2.0,9.0,1969.0,3.0,6.0,Akademicheskoe,8600000
44,28.0,6.0,9.0,1970.0,2.0,5.0,Veshnjaki,6600000
34,19.0,15.0,16.0,1977.0,1.0,9.0,Teplyj Stan,7050000
84,43.0,14.0,22.0,1987.0,3.0,10.0,Silino,10300000
38,20.0,3.0,12.0,1981.0,1.0,8.0,Filevskij Park,8150000
65,46.0,11.0,16.0,1977.0,3.0,7.0,Birjulevo Vostochnoe,7900000
134,71.0,21.0,,,,,Otradnoe,19376000
20,12.0,9.0,9.0,1971.0,1.0,3.0,Bogorodskoe,2000000
66,40.0,15.0,16.0,1978.0,3.0,8.0,Bibirevo,8500000
59,43.0,5.0,5.0,1963.0,3.0,5.0,Zjuzino,7700000
77,44.0,17.0,25.0,1982.0,3.0,10.0,Tverskoe,13950000
29,,7.0,17.0,2014.0,1.0,1.0,Tverskoe,3004036
45,30.0,6.0,25.0,2014.0,3.0,6.0,Poselenie Sosenskoe,4220000
36,20.0,10.0,12.0,1971.0,1.0,9.0,Caricyno,5550000
42,28.0,,,,,,Zjuzino,7600000
79,76.0,11.0,17.0,2015.0,3.0,10.0,Tverskoe,8656970
37,18.0,1.0,9.0,2017.0,1.0,10.0,Poselenie Vnukovskoe,4847820
35,21.0,7.0,9.0,1964.0,2.0,6.0,Nagatino-Sadovniki,7900000
36,36.0,14.0,1.0,2014.0,1.0,1.0,Strogino,7741230
101,69.0,6.0,7.0,1940.0,4.0,11.0,Zamoskvorech'e,24400000
144,113.0,2.0,12.0,2007.0,3.0,5.0,Vojkovskoe,28000000
39,19.0,11.0,22.0,1981.0,1.0,7.0,Silino,1500000
41,27.0,1.0,5.0,1965.0,2.0,5.0,Pokrovskoe Streshnevo,6600000
50,30.0,9.0,17.0,1994.0,2.0,8.0,Pokrovskoe Streshnevo,2000000
32,21.0,7.0,9.0,1961.0,1.0,5.0,Kuz'minki,5150000
31,18.0,2.0,5.0,1962.0,1.0,6.0,Fili Davydkovo,6350000
43,,5.0,0.0,0.0,1.0,9.0,Poselenie Sosenskoe,5945741
31,18.0,3.0,5.0,1966.0,1.0,6.0,Koptevo,5080000
43,28.0,3.0,5.0,1961.0,2.0,5.0,Rjazanskij,4800000
63,,11.0,16.0,2015.0,2.0,1.0,Solncevo,6598943
39,20.0,5.0,12.0,1995.0,1.0,8.0,Mar'ino,6250000
58,32.0,22.0,22.0,1987.0,2.0,10.0,Kon'kovo,11600000
40,,13.0,17.0,2015.0,1.0,10.0,Poselenie Vnukovskoe,5064600
50,34.0,4.0,9.0,1978.0,3.0,6.0,Jasenevo,8000000
42,,7.0,17.0,0.0,1.0,1.0,Poselenie Vnukovskoe,3821811
32,15.0,1.0,9.0,1977.0,1.0,1.0,Juzhnoe Butovo,5400000
62,62.0,16.0,16.0,2015.0,1.0,1.0,Alekseevskoe,10910260
40,26.0,3.0,9.0,1972.0,2.0,5.0,Bogorodskoe,6300000
45,30.0,3.0,5.0,1979.0,2.0,5.0,Kuz'minki,5650000
57,37.0,3.0,9.0,1970.0,3.0,6.0,Kuncevo,9700000
64,64.0,18.0,22.0,2016.0,2.0,1.0,Poselenie Shherbinka,5027840
30,20.0,7.0,8.0,1961.0,1.0,4.0,Nagatino-Sadovniki,6500000
61,,18.0,22.0,2015.0,2.0,10.0,Poselenie Vnukovskoe,7378587
60,34.0,17.0,17.0,1983.0,2.0,10.0,Otradnoe,10900000
78,,14.0,0.0,,2.0,0.0,Poselenie Moskovskij,7722029
34,19.0,16.0,,,,,Taganskoe,8700000
46,,12.0,25.0,,1.0,1.0,Tekstil'shhiki,4750284
51,34.0,8.0,9.0,1975.0,3.0,6.0,Staroe Krjukovo,7100000
37,37.0,1.0,1.0,1.0,1.0,1.0,Tverskoe,3060006
56,41.0,9.0,9.0,1968.0,3.0,5.0,Preobrazhenskoe,8800000
64,44.0,10.0,14.0,1974.0,3.0,9.0,Hovrino,8400000
62,,5.0,17.0,,2.0,0.0,Poselenie Desjonovskoe,5056214
78,78.0,10.0,19.0,2016.0,3.0,1.0,Poselenie Shherbinka,5812360
39,,4.0,,,,,Poselenie Filimonkovskoe,2450305
44,30.0,3.0,5.0,1961.0,2.0,5.0,Izmajlovo,6100000
38,18.0,6.0,16.0,1983.0,1.0,8.0,Babushkinskoe,7600000
30,17.0,1.0,5.0,1967.0,1.0,5.0,Kon'kovo,5500000
61,,5.0,17.0,0.0,2.0,1.0,Poselenie Vnukovskoe,7808764
32,18.0,1.0,9.0,1967.0,1.0,6.0,Koptevo,6500000
75,45.0,12.0,,,,,Cheremushki,14000000
34,,7.0,16.0,2014.0,1.0,1.0,Poselenie Desjonovskoe,3613360
34,19.0,6.0,9.0,1977.0,1.0,6.0,Preobrazhenskoe,5300000
38,18.0,4.0,17.0,1985.0,1.0,8.0,Ramenki,8000000
38,19.0,13.0,17.0,1998.0,1.0,8.0,Mitino,6400000
38,22.0,9.0,9.0,1963.0,2.0,7.0,Bogorodskoe,6400000
38,18.0,17.0,22.0,1984.0,1.0,9.0,Silino,4750000
49,31.0,7.0,14.0,1974.0,2.0,9.0,Ljublino,7800000
55,,11.0,17.0,0.0,2.0,1.0,Poselenie Desjonovskoe,4943259
58,32.0,22.0,22.0,1993.0,2.0,10.0,Troparevo-Nikulino,10300000
40,18.0,1.0,17.0,2007.0,1.0,8.0,Troickij okrug,4500000
49,24.0,3.0,3.0,1955.0,2.0,7.0,Kuncevo,7500000
62,58.0,7.0,17.0,2014.0,2.0,1.0,Nekrasovka,6085800
74,45.0,13.0,16.0,1979.0,3.0,10.0,Jasenevo,13450000
103,63.0,8.0,,,,,Hovrino,11500000
32,19.0,7.0,9.0,1977.0,1.0,6.0,Jasenevo,6500000
38,19.0,13.0,17.0,1989.0,1.0,8.0,Novo-Peredelkino,5800000
39,,6.0,20.0,2016.0,1.0,10.0,Solncevo,4620233
64,46.0,2.0,9.0,1977.0,4.0,6.0,Jasenevo,11500000
46,28.0,4.0,12.0,1972.0,2.0,6.0,Chertanovo Juzhnoe,7300000
34,34.0,11.0,18.0,2016.0,1.0,8.0,Zapadnoe Degunino,3865945
50,50.0,,,,,,Poselenie Shherbinka,4061298
78,50.0,4.0,8.0,1957.0,3.0,10.0,Danilovskoe,10400000
46,20.0,6.0,30.0,2011.0,1.0,11.0,Bogorodskoe,6900000
69,36.0,11.0,17.0,2011.0,2.0,13.0,Poselenie Sosenskoe,3700000
75,45.0,5.0,17.0,1991.0,3.0,10.0,Teplyj Stan,15100000
53,33.0,3.0,5.0,1957.0,2.0,9.0,Akademicheskoe,11800000
38,18.0,1.0,14.0,1973.0,1.0,9.0,Birjulevo Vostochnoe,4600000
41,18.0,5.0,16.0,2005.0,1.0,10.0,Severnoe Tushino,7250000
79,44.0,6.0,14.0,2006.0,3.0,12.0,Severnoe,11000000
70,47.0,2.0,5.0,1954.0,3.0,8.0,Izmajlovo,10700000
32,18.0,7.0,9.0,1972.0,1.0,6.0,Chertanovo Central'noe,5500000
38,19.0,13.0,16.0,1975.0,1.0,10.0,Krasnosel'skoe,6000000
36,21.0,5.0,9.0,1970.0,1.0,6.0,Timirjazevskoe,5900000
36,17.0,3.0,5.0,1951.0,1.0,8.0,Juzhnoportovoe,6200000
76,52.0,1.0,12.0,1982.0,4.0,8.0,Otradnoe,7370000
77,46.0,2.0,16.0,1978.0,3.0,10.0,Jasenevo,12500000
44,28.0,7.0,9.0,1969.0,2.0,5.0,Severnoe Medvedkovo,7200000
37,19.0,15.0,17.0,2000.0,1.0,7.0,Beskudnikovskoe,6200000
40,38.0,2.0,17.0,2015.0,1.0,1.0,Nekrasovka,4560000
58,43.0,9.0,,,,,Akademicheskoe,1200000
38,23.0,10.0,14.0,1973.0,2.0,6.0,Kon'kovo,7700000
40,,17.0,17.0,2014.0,1.0,1.0,Nekrasovka,4400000
44,29.0,2.0,5.0,1962.0,2.0,5.0,Ljublino,5850000
41,28.0,1.0,5.0,1962.0,2.0,5.0,Rjazanskij,6050000
60,,14.0,19.0,,2.0,0.0,Poselenie Shherbinka,4895859
79,54.0,2.0,8.0,1957.0,3.0,8.0,Taganskoe,17850000
47,30.0,2.0,12.0,1971.0,2.0,6.0,Ochakovo-Matveevskoe,8000000
44,28.0,8.0,9.0,1971.0,2.0,6.0,Veshnjaki,6100000
39,38.0,11.0,25.0,2015.0,1.0,11.0,Nekrasovka,4740000
37,13.0,4.0,5.0,1976.0,1.0,10.0,Poselenie Shherbinka,4000000
41,26.0,4.0,5.0,1966.0,2.0,5.0,Novogireevo,6100000
74,44.0,6.0,17.0,1994.0,3.0,10.0,Juzhnoe Butovo,9700000
38,19.0,3.0,,,,,Juzhnoe Butovo,1000000
50,30.0,11.0,17.0,1997.0,2.0,8.0,Horoshevo-Mnevniki,9700000
78,46.0,10.0,16.0,1976.0,3.0,10.0,Jasenevo,13500000
44,44.0,22.0,24.0,,1.0,1.0,Tverskoe,5612068
65,,6.0,20.0,2014.0,2.0,1.0,Poselenie Voskresenskoe,6700000
34,22.0,6.0,9.0,1972.0,2.0,5.0,Tekstil'shhiki,6500000
44,27.0,3.0,9.0,1967.0,2.0,5.0,Kuz'minki,3000000
32,17.0,12.0,12.0,1970.0,1.0,9.0,Golovinskoe,6250000
53,28.0,9.0,16.0,1982.0,2.0,11.0,Nizhegorodskoe,8500000
75,48.0,3.0,,,,,Prospekt Vernadskogo,12500000
27,14.0,11.0,12.0,1970.0,1.0,6.0,Caricyno,5600000
39,38.0,3.0,4.0,2014.0,1.0,1.0,Tverskoe,2598328
35,19.0,9.0,12.0,1967.0,1.0,9.0,Juzhnoe Medvedkovo,6100000
47,46.0,3.0,3.0,0.0,2.0,1.0,Poselenie Filimonkovskoe,3559418
37,19.0,14.0,17.0,2013.0,1.0,14.0,Strogino,7173160
50,50.0,3.0,,,,,Poselenie Shherbinka,3664124
38,20.0,9.0,16.0,1977.0,1.0,8.0,Bibirevo,6900000
74,43.0,5.0,,,,,Koptevo,11266500
64,,11.0,1.0,,2.0,1.0,Nekrasovka,6592000
86,50.0,12.0,12.0,2016.0,3.0,10.0,Mar'ina Roshha,7658064
36,20.0,5.0,9.0,1972.0,1.0,6.0,Ljublino,6000000
61,58.0,5.0,17.0,2015.0,2.0,1.0,Nekrasovka,6375700
54,30.0,3.0,14.0,1986.0,2.0,8.0,Mar'ino,9350000
27,,10.0,22.0,,1.0,1.0,Poselenie Filimonkovskoe,2422315
32,18.0,6.0,9.0,1975.0,1.0,5.0,Otradnoe,5600000
30,19.0,1.0,5.0,1963.0,1.0,5.0,Novogireevo,4400000
60,1.0,6.0,1.0,1.0,2.0,1.0,Krjukovo,6292000
63,32.0,13.0,23.0,2007.0,2.0,10.0,Rjazanskij,10800000
64,38.0,14.0,14.0,1989.0,3.0,8.0,Novo-Peredelkino,8450000
53,52.0,3.0,1.0,2015.0,2.0,1.0,Poselenie Filimonkovskoe,3092752
55,30.0,2.0,,,,,Poselenie Voskresenskoe,4859400
62,,9.0,22.0,,2.0,1.0,Poselenie Vnukovskoe,7224823
50,49.0,6.0,17.0,1988.0,2.0,8.0,Chertanovo Severnoe,9300000
38,19.0,10.0,,,,,Filevskij Park,5800000
78,51.0,2.0,8.0,1959.0,3.0,8.0,Taganskoe,4000000
37,18.0,8.0,17.0,1999.0,1.0,8.0,Beskudnikovskoe,7150000
62,62.0,9.0,17.0,2014.0,2.0,1.0,Poselenie Vnukovskoe,6931464
73,42.0,6.0,16.0,2012.0,3.0,9.0,Mozhajskoe,7000000
53,30.0,7.0,14.0,1998.0,2.0,8.0,Juzhnoe Butovo,6550000
96,96.0,19.0,0.0,2015.0,4.0,1.0,Mitino,14028940
40,0.0,19.0,22.0,2016.0,1.0,0.0,Poselenie Shherbinka,4260540
113,70.0,3.0,17.0,1998.0,4.0,10.0,Cheremushki,18000000
41,41.0,11.0,17.0,2013.0,1.0,10.0,Chertanovo Juzhnoe,7355158
42,28.0,4.0,5.0,1960.0,2.0,5.0,Shhukino,7150000
42,42.0,21.0,25.0,2015.0,1.0,10.0,Golovinskoe,7584192
31,31.0,23.0,,,,,Poselenie Sosenskoe,3047800
53,30.0,4.0,12.0,1984.0,2.0,8.0,Bibirevo,9000000
59,,5.0,,,,,Poselenie Sosenskoe,4600320
31,20.0,5.0,5.0,1966.0,1.0,5.0,Troickij okrug,3760000
44,31.0,3.0,5.0,1962.0,2.0,5.0,Filevskij Park,7500000
38,21.0,2.0,12.0,1967.0,2.0,7.0,Prospekt Vernadskogo,8500000
60,29.0,15.0,25.0,2007.0,2.0,9.0,Jakimanka,14300000
78,78.0,12.0,21.0,2014.0,3.0,1.0,Nagatinskij Zaton,12628791
61,,15.0,1.0,1.0,2.0,1.0,Mitino,10132612
57,37.0,9.0,9.0,1969.0,3.0,5.0,Severnoe Tushino,9200000
43,29.0,1.0,5.0,1959.0,2.0,8.0,Golovinskoe,6200000
37,,13.0,,,,,Mitino,6415128
116,55.0,14.0,30.0,2010.0,3.0,15.0,Zjuzino,23601922
38,20.0,2.0,16.0,1979.0,1.0,8.0,Lianozovo,6300000
51,29.0,3.0,14.0,1992.0,2.0,8.0,Mar'ino,8450000
43,28.0,4.0,5.0,1961.0,2.0,5.0,Ivanovskoe,6700000
62,38.0,4.0,9.0,1974.0,3.0,8.0,Orehovo-Borisovo Juzhnoe,10700000
52,51.0,11.0,17.0,2013.0,2.0,1.0,Nekrasovka,5174562
57,38.0,1.0,9.0,1970.0,3.0,6.0,Chertanovo Severnoe,3000000
29,27.0,3.0,,,,,Poselenie Filimonkovskoe,1787805
56,29.0,2.0,10.0,2003.0,2.0,11.0,Matushkino,2000000
93,56.0,11.0,22.0,2004.0,3.0,11.0,Altuf'evskoe,14900000
32,18.0,8.0,,,,,Jasenevo,5700000
29,14.0,2.0,9.0,1969.0,1.0,6.0,Mozhajskoe,3600000
33,18.0,1.0,5.0,1958.0,1.0,7.0,Hamovniki,8200000
38,19.0,7.0,8.0,1963.0,1.0,8.0,Tekstil'shhiki,6050000
32,16.0,8.0,8.0,1960.0,1.0,7.0,Alekseevskoe,8300000
29,27.0,3.0,9.0,2015.0,1.0,1.0,Poselenie Filimonkovskoe,2201706
44,28.0,1.0,9.0,1969.0,2.0,5.0,Bogorodskoe,6750000
32,19.0,4.0,9.0,1976.0,1.0,6.0,Jasenevo,5500000
45,27.0,9.0,9.0,1974.0,2.0,6.0,Bibirevo,6750000
38,,6.0,17.0,,1.0,7.0,Nekrasovka,3958570
33,21.0,3.0,9.0,1962.0,1.0,5.0,Bogorodskoe,5850000
43,27.0,3.0,5.0,1962.0,2.0,5.0,Losinoostrovskoe,6700000
34,20.0,9.0,,,,,Orehovo-Borisovo Juzhnoe,5070000
82,47.0,5.0,14.0,2005.0,3.0,8.0,Savelovskoe,10200000
39,38.0,10.0,25.0,2016.0,1.0,1.0,Nekrasovka,4819000
53,32.0,4.0,16.0,1979.0,2.0,9.0,Strogino,10500000
57,32.0,6.0,,,,,Mar'ino,9300000
52,34.0,8.0,9.0,1975.0,3.0,6.0,Orehovo-Borisovo Severnoe,8100000
41,,1.0,17.0,,1.0,1.0,Poselenie Moskovskij,4434262
41,21.0,8.0,12.0,1980.0,1.0,8.0,Mar'ino,6050000
30,18.0,6.0,9.0,1966.0,1.0,5.0,Juzhnoportovoe,5800000
43,,10.0,10.0,2014.0,1.0,1.0,Poselenie Sosenskoe,3852800
66,39.0,16.0,16.0,1990.0,3.0,9.0,Obruchevskoe,12750000
64,45.0,4.0,12.0,1980.0,3.0,6.0,Mar'ino,7900000
75,46.0,2.0,17.0,2002.0,3.0,10.0,Juzhnoe Butovo,11200000
39,19.0,11.0,17.0,2008.0,1.0,9.0,Poselenie Moskovskij,6300000
73,44.0,17.0,2.0,1988.0,3.0,10.0,Moskvorech'e-Saburovo,11000000
83,44.0,19.0,22.0,1987.0,3.0,10.0,Silino,10400000
39,17.0,7.0,17.0,2006.0,1.0,8.0,Krjukovo,5400000
51,30.0,14.0,17.0,1988.0,2.0,8.0,Moskvorech'e-Saburovo,11000000
46,29.0,9.0,9.0,1968.0,2.0,6.0,Mozhajskoe,6900000
17,10.0,4.0,5.0,1968.0,1.0,3.0,Perovo,3700000
52,349.0,1.0,9.0,1979.0,3.0,6.0,Solncevo,7200000
126,,15.0,20.0,20.0,3.0,10.0,Obruchevskoe,17793902
88,49.0,17.0,17.0,1998.0,3.0,11.0,Sviblovo,17500000
42,,10.0,,,,,Poselenie Sosenskoe,3838211
76,1.0,5.0,1.0,1.0,3.0,1.0,Krjukovo,7756800
44,27.0,3.0,5.0,1959.0,2.0,5.0,Ostankinskoe,7200000
38,38.0,11.0,17.0,2015.0,1.0,1.0,Poselenie Desjonovskoe,4209255
45,29.0,8.0,9.0,1968.0,2.0,6.0,Ochakovo-Matveevskoe,7400000
64,,13.0,17.0,0.0,2.0,1.0,Solncevo,6418251
74,45.0,7.0,14.0,1993.0,3.0,10.0,Mitino,11000000
35,20.0,2.0,9.0,1975.0,1.0,6.0,Danilovskoe,7050000
58,33.0,5.0,5.0,1957.0,2.0,7.0,Mozhajskoe,7100000
43,26.0,3.0,5.0,1960.0,2.0,6.0,Severnoe Izmajlovo,7650000
51,51.0,3.0,3.0,2017.0,2.0,1.0,Poselenie Novofedorovskoe,2533300
160,160.0,3.0,3.0,,1.0,1.0,Poselenie Pervomajskoe,7950000
38,22.0,9.0,9.0,1966.0,2.0,7.0,Marfino,3000000
45,28.0,4.0,5.0,1965.0,2.0,5.0,Perovo,6250000
74,44.0,6.0,17.0,1993.0,3.0,10.0,Troparevo-Nikulino,9000000
72,53.0,12.0,12.0,1974.0,4.0,9.0,Perovo,10500000
62,38.0,3.0,9.0,1974.0,3.0,8.0,Otradnoe,3000000
43,28.0,5.0,5.0,1960.0,2.0,4.0,Izmajlovo,6550000
55,,5.0,,,,,Poselenie Sosenskoe,5514300
31,17.0,3.0,5.0,1961.0,1.0,5.0,Sokolinaja Gora,6600000
46,18.0,8.0,12.0,1980.0,1.0,12.0,Mar'ino,5600000
60,37.0,2.0,9.0,1971.0,3.0,6.0,Meshhanskoe,13400000
79,74.0,4.0,20.0,2014.0,3.0,1.0,Krjukovo,7751800
58,32.0,22.0,22.0,2004.0,2.0,10.0,Mitino,9820000
43,,10.0,22.0,,1.0,0.0,Poselenie Shherbinka,3998051
38,19.0,16.0,17.0,2013.0,1.0,7.0,Solncevo,5088000
43,43.0,13.0,24.0,1.0,1.0,1.0,Poselenie Vnukovskoe,5521802
84,44.0,22.0,22.0,1982.0,3.0,10.0,Jasenevo,13400000
48,30.0,5.0,,,,,Sviblovo,6850000
43,26.0,2.0,9.0,1963.0,2.0,5.0,Danilovskoe,7300000
65,43.0,3.0,12.0,1953.0,3.0,9.0,Shhukino,12400000
109,68.0,8.0,16.0,2005.0,3.0,14.0,Hovrino,19500000
52,30.0,10.0,12.0,1979.0,2.0,8.0,Savelki,6500000
58,57.0,9.0,12.0,1980.0,3.0,6.0,Pokrovskoe Streshnevo,8600000
52,,9.0,17.0,2015.0,2.0,10.0,Poselenie Vnukovskoe,7026433
50,36.0,1.0,5.0,1928.0,3.0,5.0,Rostokino,1000000
38,19.0,9.0,,,,,Mitino,6000000
58,46.0,5.0,9.0,1973.0,3.0,5.0,Chertanovo Central'noe,7300000
74,74.0,5.0,1.0,2013.0,2.0,1.0,Izmajlovo,13386350
38,19.0,2.0,17.0,2000.0,1.0,8.0,Zapadnoe Degunino,6200000
64,45.0,5.0,12.0,1975.0,3.0,6.0,Bibirevo,10500000
33,17.0,2.0,5.0,1952.0,1.0,7.0,Ljublino,5500000
38,18.0,7.0,14.0,1995.0,1.0,8.0,Vyhino-Zhulebino,5200000
51,30.0,8.0,12.0,1976.0,2.0,9.0,Mar'ina Roshha,6000000
32,14.0,11.0,12.0,1967.0,1.0,9.0,Metrogorodok,5390000
26,9.0,10.0,25.0,2012.0,1.0,8.0,Poselenie Sosenskoe,2626800
55,36.0,4.0,5.0,1959.0,3.0,5.0,Filevskij Park,9400000
52,,10.0,17.0,,2.0,1.0,Poselenie Vnukovskoe,5729465
41,18.0,7.0,17.0,2013.0,1.0,1.0,Poselenie Voskresenskoe,4457400
60,33.0,10.0,17.0,2004.0,2.0,13.0,Perovo,5000000
51,30.0,13.0,17.0,2002.0,2.0,9.0,Chertanovo Juzhnoe,8850000
35,20.0,6.0,12.0,1967.0,1.0,9.0,Timirjazevskoe,8000000
61,,5.0,17.0,,2.0,1.0,Poselenie Vnukovskoe,6808922
43,28.0,2.0,5.0,1960.0,2.0,5.0,Horoshevskoe,7600000
30,17.0,5.0,9.0,1965.0,1.0,6.0,Horoshevo-Mnevniki,5900000
63,33.0,9.0,17.0,2007.0,2.0,12.0,Severnoe Medvedkovo,12700000
52,30.0,7.0,12.0,1980.0,2.0,8.0,Mar'ino,7950000
82,,15.0,1.0,2015.0,3.0,1.0,Poselenie Filimonkovskoe,8465806
36,21.0,7.0,9.0,1974.0,1.0,6.0,Orehovo-Borisovo Severnoe,6500000
107,,6.0,,,,,Izmajlovo,19353480
60,,23.0,,,,,Poselenie Moskovskij,5124379
79,41.0,4.0,,,,,Poselenie Voskresenskoe,6626300
75,46.0,1.0,16.0,1975.0,3.0,10.0,Orehovo-Borisovo Severnoe,9600000
60,41.0,5.0,9.0,1975.0,3.0,6.0,Bibirevo,8500000
32,18.0,6.0,9.0,1971.0,1.0,6.0,Veshnjaki,5450000
51,30.0,11.0,12.0,1984.0,2.0,8.0,Taganskoe,14000000
57,42.0,2.0,9.0,1969.0,3.0,5.0,Juzhnoe Tushino,9800000
73,47.0,9.0,14.0,1977.0,3.0,9.0,Dmitrovskoe,6000000
63,37.0,6.0,12.0,1982.0,3.0,8.0,Otradnoe,1000000
31,18.0,6.0,,,,,Nagatinskij Zaton,4700000
60,42.0,8.0,25.0,1993.0,2.0,5.0,Babushkinskoe,14200000
43,27.0,7.0,9.0,1967.0,2.0,5.0,Zapadnoe Degunino,7100000
45,29.0,8.0,9.0,1970.0,2.0,6.0,Hovrino,7200000
38,19.0,8.0,17.0,1996.0,1.0,8.0,Brateevo,6000000
35,19.0,3.0,16.0,1980.0,1.0,7.0,Obruchevskoe,7550000
51,28.0,14.0,,,,,Krasnosel'skoe,9750000
67,67.0,6.0,17.0,2014.0,2.0,10.0,Poselenie Sosenskoe,6574500
57,35.0,4.0,5.0,1959.0,2.0,7.0,Mar'ina Roshha,8700000
37,37.0,11.0,17.0,0.0,1.0,10.0,Poselenie Vnukovskoe,4828264
50,28.0,6.0,16.0,1976.0,2.0,11.0,Golovinskoe,8625000
87,50.0,17.0,25.0,1976.0,3.0,11.0,Golovinskoe,6400000
55,35.0,9.0,9.0,1972.0,3.0,6.0,Mozhajskoe,6700000
64,60.0,11.0,17.0,2015.0,1.0,1.0,Nekrasovka,6656000
64,35.0,4.0,5.0,1955.0,2.0,8.0,Golovinskoe,6000000
58,,16.0,17.0,2015.0,2.0,1.0,Nagornoe,11785117
39,22.0,5.0,12.0,1970.0,2.0,6.0,Alekseevskoe,8200000
63,63.0,2.0,17.0,2016.0,1.0,1.0,Poselenie Voskresenskoe,6250000
29,29.0,16.0,16.0,2013.0,1.0,1.0,Chertanovo Central'noe,13336080
35,18.0,6.0,22.0,1986.0,1.0,9.0,Zjablikovo,6200000
76,46.0,5.0,17.0,1989.0,3.0,10.0,Novo-Peredelkino,9500000
76,44.0,12.0,17.0,1986.0,3.0,10.0,Brateevo,10000000
41,27.0,2.0,5.0,1966.0,2.0,5.0,Kuncevo,7300000
37,21.0,3.0,12.0,1968.0,2.0,7.0,Novogireevo,6950000
43,31.0,3.0,5.0,1960.0,2.0,5.0,Presnenskoe,990000
44,27.0,8.0,9.0,1968.0,2.0,5.0,Hovrino,6700000
49,30.0,10.0,12.0,1971.0,2.0,6.0,Chertanovo Severnoe,8550000
47,31.0,11.0,,,,,Donskoe,8700000
32,18.0,3.0,9.0,1976.0,1.0,6.0,Zjablikovo,5900000
78,46.0,18.0,22.0,2000.0,3.0,10.0,Mar'ino,12350000
30,13.0,8.0,9.0,1970.0,1.0,7.0,Caricyno,5100000
42,26.0,3.0,5.0,1963.0,2.0,5.0,Fili Davydkovo,6800000
61,61.0,12.0,17.0,0.0,2.0,0.0,Solncevo,5410882
63,,13.0,1.0,2014.0,2.0,1.0,Poselenie Voskresenskoe,6453225
38,20.0,1.0,14.0,1984.0,1.0,8.0,Dmitrovskoe,5300000
62,62.0,13.0,17.0,0.0,2.0,1.0,Poselenie Vnukovskoe,6849584
43,19.0,16.0,16.0,2004.0,1.0,8.0,Birjulevo Vostochnoe,5350000
70,,10.0,,,,,Nekrasovka,5907300
39,20.0,17.0,22.0,2003.0,1.0,10.0,Vostochnoe Degunino,7500000
38,19.0,2.0,14.0,1972.0,1.0,9.0,Veshnjaki,6300000
37,19.0,4.0,5.0,1958.0,1.0,6.0,Kotlovka,6300000
45,28.0,5.0,5.0,1962.0,2.0,5.0,Perovo,6500000
46,19.0,18.0,24.0,2007.0,1.0,10.0,Kosino-Uhtomskoe,6050000
37,19.0,4.0,16.0,1975.0,1.0,9.0,Birjulevo Zapadnoe,5100000
43,20.0,10.0,12.0,1977.0,1.0,8.0,Lianozovo,6900000
37,22.0,2.0,12.0,1966.0,2.0,6.0,Taganskoe,7500000
26,17.0,3.0,5.0,1961.0,1.0,4.0,Fili Davydkovo,3900000
31,30.0,2.0,5.0,1964.0,1.0,5.0,Sokolinaja Gora,5600000
58,58.0,19.0,19.0,,2.0,1.0,Nagornoe,13691106
44,28.0,8.0,12.0,1967.0,2.0,5.0,Hovrino,6600000
58,41.0,13.0,32.0,2008.0,1.0,11.0,Horoshevskoe,7800000
76,55.0,6.0,24.0,2017.0,3.0,12.0,Nagatinskij Zaton,11756917
32,14.0,5.0,,,,,Prospekt Vernadskogo,5940000
38,17.0,10.0,14.0,2007.0,1.0,8.0,Matushkino,4700000
48,28.0,7.0,9.0,1974.0,2.0,5.0,Orehovo-Borisovo Severnoe,6300000
60,44.0,6.0,9.0,1968.0,3.0,5.0,Hovrino,8200000
51,33.0,2.0,9.0,1968.0,2.0,6.0,Preobrazhenskoe,7500000
73,36.0,3.0,3.0,2010.0,1.0,15.0,Poselenie Pervomajskoe,6800000
44,28.0,9.0,9.0,1967.0,2.0,5.0,Severnoe Izmajlovo,6600000
99,66.0,7.0,8.0,1951.0,3.0,9.0,Sokol,19500000
64,43.0,8.0,12.0,1977.0,3.0,10.0,Chertanovo Central'noe,9550000
35,23.0,4.0,5.0,1964.0,1.0,5.0,Bogorodskoe,5400000
52,52.0,17.0,17.0,2014.0,2.0,1.0,Poselenie Vnukovskoe,6232600
34,19.0,6.0,12.0,1973.0,1.0,7.0,Birjulevo Vostochnoe,4500000
66,43.0,1.0,14.0,1974.0,3.0,9.0,Ochakovo-Matveevskoe,9500000
58,43.0,3.0,9.0,1974.0,3.0,6.0,Orehovo-Borisovo Juzhnoe,8100000
47,28.0,2.0,12.0,1980.0,2.0,6.0,Severnoe Medvedkovo,7200000
80,54.0,5.0,8.0,1958.0,3.0,8.0,Lomonosovskoe,17000000
61,56.0,2.0,10.0,2013.0,2.0,1.0,Tverskoe,5824170
71,42.0,8.0,17.0,2004.0,2.0,11.0,Mozhajskoe,11200000
53,30.0,12.0,12.0,1981.0,2.0,8.0,Severnoe Tushino,8600000
95,54.0,13.0,17.0,2006.0,3.0,11.0,Kosino-Uhtomskoe,16500000
63,63.0,12.0,17.0,2015.0,2.0,63.0,Poselenie Sosenskoe,5928300
56,31.0,9.0,11.0,1956.0,2.0,8.0,Dorogomilovo,14300000
43,18.0,5.0,,,,,Poselenie Voskresenskoe,3811975
41,18.0,17.0,17.0,2015.0,1.0,1.0,Poselenie Voskresenskoe,4767480
37,19.0,5.0,6.0,1915.0,1.0,7.0,Meshhanskoe,9950000
38,38.0,2.0,16.0,2013.0,1.0,10.0,Poselenie Filimonkovskoe,2461794
79,41.0,3.0,1.0,2014.0,3.0,1.0,Poselenie Voskresenskoe,7050075
38,19.0,2.0,17.0,1992.0,1.0,8.0,Mitino,6100000
41,26.0,3.0,5.0,1964.0,2.0,5.0,Golovinskoe,6400000
28,1.0,5.0,15.0,2014.0,1.0,1.0,Poselenie Filimonkovskoe,2104604
45,30.0,3.0,9.0,1973.0,2.0,6.0,Juzhnoe Tushino,6400000
74,50.0,2.0,12.0,1996.0,3.0,10.0,Vyhino-Zhulebino,13000000
29,17.0,3.0,9.0,1968.0,1.0,5.0,Preobrazhenskoe,6100000
139,78.0,7.0,9.0,2010.0,4.0,17.0,Zjuzino,26244908
54,32.0,11.0,17.0,1989.0,2.0,9.0,Moskvorech'e-Saburovo,2000000
51,30.0,3.0,12.0,1983.0,2.0,8.0,Mar'ina Roshha,11450000
37,23.0,6.0,9.0,1964.0,2.0,7.0,Obruchevskoe,7200000
35,19.0,6.0,12.0,1965.0,1.0,10.0,Hovrino,6500000
40,7.0,4.0,12.0,1966.0,2.0,7.0,Kuncevo,8300000
61,61.0,6.0,17.0,1.0,2.0,1.0,Solncevo,5670721
45,45.0,11.0,25.0,2013.0,3.0,10.0,Poselenie Sosenskoe,4777500
72,70.0,2.0,17.0,2015.0,2.0,1.0,Presnenskoe,20634588
43,29.0,2.0,5.0,1960.0,2.0,5.0,Cheremushki,7600000
40,17.0,3.0,24.0,2007.0,1.0,10.0,Kosino-Uhtomskoe,6000000
37,22.0,2.0,9.0,1965.0,2.0,7.0,Koptevo,5000000
62,39.0,1.0,12.0,1979.0,3.0,8.0,Timirjazevskoe,9900000
54,31.0,8.0,16.0,1980.0,2.0,9.0,Gol'janovo,7400000
36,18.0,9.0,19.0,1984.0,1.0,9.0,Perovo,1000000
40,17.0,12.0,17.0,2009.0,1.0,8.0,Mozhajskoe,6600000
45,32.0,8.0,9.0,1963.0,2.0,5.0,Nagornoe,6800000
45,17.0,16.0,17.0,2008.0,1.0,10.0,Izmajlovo,5970000
79,53.0,4.0,9.0,1959.0,3.0,8.0,Ajeroport,15800000
67,37.0,5.0,5.0,1953.0,2.0,8.0,Vojkovskoe,11500000
54,36.0,4.0,5.0,1967.0,3.0,5.0,Horoshevo-Mnevniki,8200000
41,18.0,15.0,17.0,2013.0,1.0,9.0,Izmajlovo,4288679
34,20.0,5.0,9.0,1979.0,1.0,6.0,Otradnoe,6550000
40,38.0,8.0,17.0,2014.0,1.0,1.0,Nekrasovka,4400000
44,28.0,8.0,9.0,1968.0,2.0,5.0,Nagatinskij Zaton,8200000
72,45.0,5.0,10.0,1992.0,3.0,9.0,Krjukovo,8800000
73,42.0,8.0,22.0,1988.0,3.0,8.0,Nagornoe,12600000
41,,8.0,25.0,,1.0,1.0,Poselenie Moskovskij,4247874
59,,6.0,0.0,,2.0,0.0,Poselenie Sosenskoe,6436220
54,32.0,7.0,9.0,2011.0,2.0,9.0,Nekrasovka,6124300
36,22.0,3.0,9.0,1962.0,2.0,7.0,Kuz'minki,6000000
95,72.0,3.0,5.0,1957.0,4.0,8.0,Sokolinaja Gora,14500000
55,35.0,11.0,24.0,2016.0,2.0,9.0,Nagatinskij Zaton,10865610
48,31.0,7.0,14.0,1976.0,2.0,9.0,Ivanovskoe,6550000
41,26.0,9.0,10.0,1967.0,2.0,5.0,Ramenki,5400000
61,35.0,13.0,22.0,1996.0,2.0,10.0,Mar'ino,10000000
33,19.0,2.0,4.0,1960.0,1.0,5.0,Ljublino,5100000
39,16.0,6.0,17.0,2011.0,1.0,9.0,Bogorodskoe,7200000
78,41.0,1.0,14.0,2014.0,3.0,1.0,Poselenie Voskresenskoe,7267200
58,43.0,4.0,9.0,1971.0,3.0,6.0,Jaroslavskoe,9000000
82,1.0,5.0,1.0,2016.0,3.0,1.0,Poselenie Sosenskoe,7483740
45,29.0,7.0,9.0,1969.0,2.0,6.0,Kon'kovo,8100000
38,20.0,3.0,12.0,1981.0,1.0,8.0,Kapotnja,4450000
48,30.0,4.0,12.0,1988.0,2.0,9.0,Taganskoe,10800000
56,34.0,7.0,16.0,1971.0,2.0,8.0,Chertanovo Central'noe,9200000
13,9.0,3.0,,,,,Horoshevo-Mnevniki,3000000
60,36.0,5.0,16.0,1972.0,2.0,7.0,Troparevo-Nikulino,11300000
40,21.0,14.0,14.0,1987.0,1.0,8.0,Zjablikovo,6300000
37,18.0,6.0,,,,,Kon'kovo,8500000
78,22.0,34.0,40.0,2013.0,1.0,28.0,Akademicheskoe,17924168
32,17.0,10.0,,,,,Ljublino,4250000
63,63.0,8.0,8.0,2015.0,1.0,1.0,Nekrasovka,6773400
29,,12.0,24.0,2014.0,1.0,1.0,Mitino,5194999
51,29.0,12.0,14.0,1987.0,2.0,8.0,Ljublino,7600000
39,39.0,10.0,1.0,2014.0,2.0,1.0,Poselenie Sosenskoe,4937500
63,38.0,2.0,14.0,1986.0,3.0,8.0,Lomonosovskoe,12950000
12,8.0,4.0,5.0,1965.0,1.0,0.0,Gol'janovo,3600000
45,29.0,5.0,5.0,1969.0,2.0,5.0,Kon'kovo,7500000
52,52.0,13.0,17.0,0.0,2.0,0.0,Poselenie Vnukovskoe,7081880
44,28.0,6.0,9.0,1967.0,2.0,6.0,Savelki,5450000
39,11.0,1.0,15.0,2010.0,1.0,14.0,Poselenie Sosenskoe,2844525
56,,7.0,19.0,,2.0,1.0,Poselenie Shherbinka,4617686
56,35.0,7.0,8.0,1959.0,2.0,8.0,Gagarinskoe,11600000
60,44.0,2.0,9.0,1967.0,3.0,6.0,Severnoe Tushino,8400000
38,19.0,2.0,17.0,1996.0,1.0,8.0,Brateevo,5850000
52,29.0,15.0,,,,,Meshhanskoe,13000000
65,45.0,5.0,16.0,1984.0,3.0,7.0,Troparevo-Nikulino,11900000
37,22.0,3.0,9.0,1963.0,2.0,7.0,Kuz'minki,6650000
38,24.0,1.0,9.0,1970.0,2.0,6.0,Bogorodskoe,6300000
75,75.0,7.0,1.0,2014.0,2.0,1.0,Izmajlovo,17622960
112,,20.0,0.0,,1.0,0.0,Horoshevo-Mnevniki,24353208
36,22.0,1.0,9.0,1964.0,2.0,7.0,Severnoe Izmajlovo,5250000
44,29.0,3.0,5.0,1978.0,2.0,7.0,Krjukovo,5450000
80,45.0,12.0,17.0,2010.0,3.0,9.0,Nekrasovka,5341000
31,19.0,3.0,5.0,1967.0,1.0,5.0,Golovinskoe,4800000
28,12.0,3.0,5.0,1966.0,1.0,5.0,Mozhajskoe,5200000
32,18.0,2.0,9.0,1976.0,1.0,6.0,Birjulevo Vostochnoe,4350000
57,37.0,8.0,9.0,1969.0,3.0,6.0,Chertanovo Severnoe,9400000
19,,19.0,,,,,Strogino,6924200
65,46.0,10.0,16.0,1985.0,3.0,7.0,Troparevo-Nikulino,11950000
39,23.0,9.0,12.0,1965.0,2.0,5.0,Zjuzino,6000000
76,45.0,3.0,25.0,2009.0,3.0,9.0,Bogorodskoe,9466650
32,18.0,5.0,,,,,Pechatniki,6200000
32,16.0,2.0,5.0,1960.0,1.0,6.0,Akademicheskoe,6300000
84,77.0,15.0,,,,,Mitino,11676062
39,19.0,9.0,10.0,1996.0,1.0,8.0,Juzhnoe Butovo,5500000
42,42.0,24.0,24.0,,1.0,9.0,Poselenie Vnukovskoe,5520365
37,22.0,5.0,5.0,2009.0,1.0,7.0,Orehovo-Borisovo Juzhnoe,5800000
66,35.0,3.0,24.0,2007.0,3.0,9.0,Orehovo-Borisovo Juzhnoe,6000000
28,27.0,9.0,17.0,2015.0,1.0,1.0,Poselenie Filimonkovskoe,2451945
34,20.0,8.0,9.0,1974.0,1.0,6.0,Teplyj Stan,6500000
53,32.0,2.0,16.0,1978.0,2.0,9.0,Jasenevo,8550000
38,20.0,2.0,14.0,1992.0,1.0,8.0,Mitino,6400000
39,18.0,17.0,17.0,2013.0,1.0,9.0,Nekrasovka,4750000
57,39.0,9.0,9.0,1971.0,3.0,5.0,Babushkinskoe,9100000
44,28.0,8.0,9.0,1979.0,2.0,5.0,Kotlovka,7700000
34,17.0,9.0,9.0,1967.0,1.0,9.0,Timirjazevskoe,8700000
33,19.0,3.0,9.0,1967.0,1.0,6.0,Zapadnoe Degunino,5650000
38,19.0,9.0,17.0,2004.0,1.0,7.0,Taganskoe,8900000
39,24.0,3.0,12.0,1969.0,1.0,6.0,Gol'janovo,5200000
50,33.0,3.0,9.0,1991.0,3.0,6.0,Nagatino-Sadovniki,8800000
29,18.0,1.0,9.0,1966.0,1.0,5.0,Gol'janovo,5300000
38,23.0,9.0,14.0,1974.0,2.0,6.0,Nagornoe,6600000
53,35.0,1.0,5.0,1960.0,3.0,5.0,Ivanovskoe,7150000
45,40.0,14.0,21.0,2017.0,1.0,1.0,Sviblovo,7943752
34,,1.0,25.0,,1.0,0.0,Poselenie Sosenskoe,3709525
58,34.0,19.0,22.0,1996.0,2.0,9.0,Troparevo-Nikulino,11000000
64,45.0,9.0,12.0,1976.0,3.0,6.0,Bibirevo,9200000
30,17.0,4.0,,,,,Gol'janovo,5500000
45,17.0,17.0,17.0,2008.0,1.0,10.0,Izmajlovo,6200000
47,30.0,10.0,12.0,1971.0,2.0,6.0,Fili Davydkovo,8800000
31,18.0,3.0,,,,,Koptevo,5170000
66,36.0,13.0,16.0,2014.0,2.0,1.0,Poselenie Voskresenskoe,6643500
123,,18.0,20.0,2014.0,3.0,10.0,Obruchevskoe,17520716
47,30.0,3.0,9.0,1970.0,2.0,5.0,Gol'janovo,6400000
82,82.0,3.0,17.0,2015.0,3.0,10.0,Poselenie Sosenskoe,7659960
42,26.0,4.0,5.0,1963.0,2.0,5.0,Zjuzino,6200000
77,45.0,11.0,22.0,1987.0,3.0,10.0,Moskvorech'e-Saburovo,10500000
35,20.0,8.0,12.0,1968.0,1.0,9.0,Kuncevo,7000000
70,1.0,7.0,25.0,2015.0,2.0,1.0,Nekrasovka,6518400
90,61.0,1.0,16.0,2001.0,4.0,10.0,Juzhnoe Butovo,12800000
43,,8.0,1.0,1.0,1.0,1.0,Krjukovo,4774200
34,21.0,3.0,9.0,1970.0,2.0,6.0,Kotlovka,6200000
43,24.0,10.0,12.0,1971.0,2.0,6.0,Chertanovo Juzhnoe,7700000
75,49.0,7.0,11.0,1956.0,3.0,9.0,Hamovniki,28000000
33,18.0,2.0,9.0,1969.0,1.0,6.0,Vostochnoe Izmajlovo,5400000
44,44.0,4.0,17.0,0.0,1.0,0.0,Tverskoe,5191137
18,13.0,4.0,5.0,1964.0,1.0,2.0,Juzhnoe Tushino,4250000
53,32.0,1.0,16.0,1977.0,2.0,9.0,Orehovo-Borisovo Severnoe,7300000
92,63.0,2.0,,,,,Taganskoe,16500000
51,34.0,7.0,9.0,1978.0,3.0,6.0,Jasenevo,4000000
40,24.0,6.0,,,,,Bogorodskoe,6650000
31,17.0,9.0,12.0,1954.0,1.0,6.0,Arbat,14000000
65,64.0,12.0,17.0,2015.0,3.0,1.0,Poselenie Filimonkovskoe,4401743
53,30.0,12.0,12.0,1983.0,2.0,8.0,Kuncevo,9200000
42,20.0,9.0,14.0,1994.0,1.0,8.0,Koptevo,7000000
45,45.0,12.0,25.0,2014.0,3.0,1.0,Poselenie Sosenskoe,4904900
40,24.0,7.0,8.0,1961.0,2.0,5.0,Rostokino,7300000
64,64.0,2.0,17.0,2015.0,2.0,12.0,Poselenie Sosenskoe,5347269
68,41.0,12.0,16.0,1978.0,3.0,8.0,Lianozovo,10000000
38,18.0,4.0,17.0,2001.0,1.0,7.0,Ochakovo-Matveevskoe,7000000
82,1.0,20.0,25.0,2015.0,3.0,1.0,Mitino,12136596
65,41.0,4.0,5.0,1954.0,2.0,6.0,Filevskij Park,11500000
72,,16.0,,,,,Nekrasovka,6488640
34,19.0,2.0,12.0,1974.0,1.0,9.0,Pechatniki,5600000
60,44.0,4.0,9.0,1970.0,3.0,6.0,Losinoostrovskoe,7800000
41,20.0,10.0,12.0,1975.0,1.0,8.0,Horoshevo-Mnevniki,7500000
51,30.0,4.0,15.0,1999.0,2.0,9.0,Brateevo,9850000
32,18.0,2.0,5.0,1960.0,1.0,5.0,Ljublino,2100000
56,40.0,12.0,24.0,2016.0,2.0,8.0,Nagatinskij Zaton,11642184
39,19.0,5.0,14.0,1994.0,1.0,8.0,Mar'ino,7600000
39,,8.0,17.0,2015.0,1.0,10.0,Poselenie Vnukovskoe,5246432
48,1.0,3.0,1.0,1.0,1.0,1.0,Ochakovo-Matveevskoe,5178762
72,43.0,3.0,14.0,1995.0,3.0,10.0,Vyhino-Zhulebino,11100000
69,45.0,10.0,14.0,1967.0,3.0,9.0,Savelki,4000000
43,28.0,8.0,8.0,1961.0,2.0,5.0,Meshhanskoe,11800000
98,60.0,4.0,16.0,1982.0,4.0,9.0,Tverskoe,18200000
42,42.0,15.0,25.0,2014.0,1.0,1.0,Nekrasovka,5335000
46,27.0,2.0,9.0,1974.0,2.0,6.0,Pechatniki,6500000
75,75.0,14.0,22.0,2013.0,3.0,10.0,Poselenie Vnukovskoe,8068948
64,64.0,10.0,17.0,2014.0,2.0,1.0,Tverskoe,6592000
62,,10.0,17.0,,2.0,1.0,Novo-Peredelkino,5799150
63,31.0,11.0,22.0,1987.0,2.0,10.0,Jasenevo,11000000
51,31.0,8.0,16.0,1976.0,2.0,9.0,Orehovo-Borisovo Severnoe,9000000
38,19.0,12.0,16.0,1982.0,1.0,8.0,Birjulevo Vostochnoe,6000000
66,42.0,7.0,13.0,1976.0,3.0,7.0,Prospekt Vernadskogo,3000000
42,,8.0,16.0,2014.0,1.0,1.0,Chertanovo Severnoe,7303200
50,30.0,1.0,16.0,1980.0,2.0,8.0,Strogino,7900000
73,34.0,13.0,16.0,1994.0,2.0,11.0,Kuncevo,12000000
55,55.0,14.0,17.0,2015.0,2.0,10.0,Sviblovo,9723000
41,39.0,2.0,1.0,2014.0,1.0,11.0,Chertanovo Central'noe,6966465
76,61.0,5.0,5.0,1933.0,4.0,4.0,Basmannoe,16500000
35,19.0,2.0,12.0,1967.0,1.0,9.0,Caricyno,1000000
56,55.0,16.0,16.0,2016.0,2.0,1.0,Nagatinskij Zaton,9574906
79,44.0,6.0,14.0,2002.0,3.0,12.0,Mar'ino,11700000
55,33.0,3.0,9.0,1969.0,2.0,7.0,Alekseevskoe,3500000
43,26.0,3.0,5.0,1964.0,2.0,5.0,Koptevo,2000000
29,27.0,6.0,17.0,2015.0,1.0,10.0,Poselenie Filimonkovskoe,2199436
68,43.0,10.0,14.0,1970.0,3.0,9.0,Akademicheskoe,12300000
49,34.0,3.0,9.0,1969.0,3.0,6.0,Vyhino-Zhulebino,6800000
38,17.0,4.0,25.0,2012.0,1.0,8.0,Strogino,6000000
60,33.0,8.0,17.0,2006.0,2.0,12.0,Kosino-Uhtomskoe,8650000
55,,7.0,17.0,,2.0,1.0,Sviblovo,9406308
29,,11.0,11.0,2014.0,1.0,1.0,Tverskoe,2199436
38,19.0,16.0,17.0,1986.0,1.0,8.0,Orehovo-Borisovo Juzhnoe,4550000
38,17.0,11.0,12.0,2004.0,1.0,8.0,Kosino-Uhtomskoe,1500000
61,39.0,10.0,12.0,1977.0,3.0,7.0,Bibirevo,9300000
109,80.0,5.0,15.0,2010.0,1.0,15.0,Sokolinaja Gora,10000000
44,27.0,7.0,9.0,1976.0,2.0,6.0,Cheremushki,7950000
36,22.0,7.0,9.0,1963.0,2.0,7.0,Gagarinskoe,7600000
71,44.0,12.0,25.0,2008.0,3.0,10.0,Solncevo,11500000
49,,7.0,16.0,2015.0,1.0,1.0,Danilovskoe,12073000
59,44.0,8.0,9.0,1970.0,3.0,5.0,Horoshevo-Mnevniki,9300000
55,55.0,11.0,25.0,2015.0,2.0,10.0,Poselenie Desjonovskoe,6076394
71,71.0,3.0,0.0,0.0,2.0,0.0,Poselenie Sosenskoe,5499880
80,80.0,7.0,1.0,2013.0,2.0,1.0,Strogino,13718760
59,34.0,21.0,22.0,1997.0,2.0,10.0,Beskudnikovskoe,9500000
43,28.0,5.0,5.0,1972.0,2.0,5.0,Izmajlovo,4840000
85,55.0,4.0,5.0,1934.0,3.0,12.0,Savelovskoe,8300000
38,38.0,23.0,23.0,2015.0,1.0,1.0,Nagornoe,8611070
58,,8.0,19.0,,2.0,1.0,Poselenie Shherbinka,4696839
34,18.0,8.0,12.0,1982.0,1.0,9.0,Zapadnoe Degunino,3800000
39,18.0,13.0,17.0,2004.0,1.0,8.0,Gol'janovo,6900000
38,19.0,14.0,17.0,1989.0,1.0,8.0,Otradnoe,1000000
42,26.0,4.0,5.0,1961.0,2.0,6.0,Fili Davydkovo,2000000
52,33.0,13.0,25.0,2004.0,2.0,7.0,Shhukino,11200000
57,30.0,4.0,9.0,1996.0,2.0,12.0,Juzhnoe Butovo,8400000
39,19.0,17.0,17.0,2015.0,1.0,10.0,Nagornoe,8492570
31,21.0,6.0,9.0,1963.0,1.0,5.0,Cheremushki,6500000
30,17.0,4.0,9.0,1967.0,1.0,6.0,Koptevo,1000000
115,55.0,2.0,18.0,2014.0,3.0,20.0,Kuncevo,19074000
76,40.0,2.0,12.0,2001.0,3.0,10.0,Severnoe Butovo,12000000
77,77.0,2.0,17.0,2014.0,3.0,1.0,Nekrasovka,7668990
51,50.0,8.0,,,,,Novokosino,7250000
38,19.0,1.0,17.0,1994.0,1.0,8.0,Vostochnoe,4700000
53,29.0,8.0,16.0,1984.0,2.0,10.0,Severnoe Medvedkovo,9200000
47,19.0,6.0,17.0,2011.0,1.0,11.0,Poselenie Sosenskoe,2400000
45,30.0,4.0,12.0,1973.0,2.0,6.0,Birjulevo Zapadnoe,5500000
75,42.0,22.0,,,,,Obruchevskoe,8300000
96,,23.0,1.0,1.0,4.0,1.0,Mitino,14476879
48,20.0,6.0,30.0,2010.0,1.0,11.0,Zjuzino,8358158
89,59.0,4.0,8.0,1955.0,3.0,10.0,Horoshevskoe,17500000
38,,5.0,12.0,2013.0,1.0,1.0,Nekrasovka,4033260
32,15.0,1.0,9.0,1973.0,1.0,6.0,Ivanovskoe,5600000
80,50.0,1.0,5.0,1953.0,3.0,8.0,Vostochnoe Izmajlovo,13500000
75,,3.0,22.0,2014.0,3.0,1.0,Tverskoe,5265975
73,42.0,5.0,17.0,1997.0,3.0,10.0,Mitino,10800000
29,15.0,5.0,12.0,1974.0,1.0,5.0,Birjulevo Vostochnoe,4900000
60,43.0,8.0,9.0,1975.0,3.0,6.0,Otradnoe,3000000
52,30.0,4.0,16.0,1978.0,2.0,8.0,Ostankinskoe,10900000
56,55.0,13.0,17.0,2016.0,2.0,7.0,Nagatinskij Zaton,11194600
33,17.0,2.0,5.0,1960.0,1.0,8.0,Vostochnoe Izmajlovo,5150000
51,30.0,11.0,17.0,1988.0,2.0,8.0,Horoshevo-Mnevniki,9700000
81,81.0,13.0,17.0,2016.0,3.0,0.0,Poselenie Sosenskoe,8747842
81,45.0,19.0,22.0,1994.0,3.0,9.0,Krjukovo,9000000
32,,3.0,4.0,2015.0,1.0,1.0,Tverskoe,3020522
30,18.0,5.0,5.0,1969.0,1.0,5.0,Krjukovo,1000000
69,47.0,16.0,16.0,1974.0,3.0,7.0,Staroe Krjukovo,7800000
37,34.0,17.0,0.0,0.0,1.0,10.0,Mitino,6488865
36,34.0,13.0,14.0,1972.0,1.0,8.0,Taganskoe,5500000
35,21.0,6.0,9.0,1975.0,1.0,6.0,Chertanovo Central'noe,1000000
38,17.0,7.0,23.0,2006.0,1.0,9.0,Ramenki,9650000
53,38.0,2.0,16.0,1968.0,3.0,6.0,Matushkino,5700000
64,,4.0,17.0,,2.0,1.0,Poselenie Moskovskij,5511552
76,44.0,16.0,17.0,2004.0,3.0,12.0,Caricyno,12300000
40,40.0,14.0,22.0,0.0,1.0,0.0,Poselenie Shherbinka,4076674
59,29.0,2.0,5.0,1928.0,2.0,9.0,Danilovskoe,11000000
41,26.0,4.0,5.0,1960.0,2.0,5.0,Horoshevo-Mnevniki,6400000
38,18.0,5.0,17.0,2003.0,1.0,7.0,Ljublino,6200000
57,43.0,9.0,9.0,1966.0,3.0,5.0,Nagatinskij Zaton,10200000
75,46.0,3.0,17.0,1971.0,3.0,10.0,Severnoe Butovo,12000000
78,51.0,3.0,9.0,1956.0,3.0,8.0,Gagarinskoe,20200000
37,18.0,3.0,3.0,2013.0,1.0,6.0,Poselenie Desjonovskoe,3318000
108,108.0,12.0,1.0,2015.0,3.0,1.0,Izmajlovo,25099674
41,19.0,11.0,14.0,2007.0,1.0,10.0,Kuz'minki,7600000
38,16.0,6.0,23.0,2009.0,1.0,9.0,Chertanovo Central'noe,1100000
46,29.0,8.0,9.0,1973.0,2.0,5.0,Nagatino-Sadovniki,7800000
35,19.0,11.0,12.0,1971.0,1.0,9.0,Presnenskoe,6300000
38,,7.0,,,,,Nekrasovka,4160000
59,33.0,18.0,22.0,2007.0,2.0,10.0,Severnoe,8200000
81,81.0,18.0,22.0,2017.0,2.0,1.0,Nagornoe,15556741
60,,25.0,25.0,1.0,2.0,1.0,Tverskoe,5975009
75,75.0,8.0,17.0,2014.0,3.0,1.0,Poselenie Desjonovskoe,6330704
64,45.0,5.0,7.0,1932.0,3.0,6.0,Tverskoe,14900000
82,,3.0,,,,,Mitino,10792192
37,19.0,9.0,17.0,2004.0,1.0,7.0,Birjulevo Vostochnoe,6100000
41,19.0,9.0,14.0,2008.0,1.0,8.0,Juzhnoe Butovo,5350000
75,44.0,13.0,17.0,1985.0,3.0,10.0,Troparevo-Nikulino,17000000
40,18.0,13.0,23.0,2006.0,1.0,9.0,Zapadnoe Degunino,7100000
45,31.0,8.0,12.0,1967.0,2.0,8.0,Severnoe Medvedkovo,7900000
57,30.0,2.0,7.0,1996.0,2.0,11.0,Juzhnoe Butovo,7600000
38,38.0,3.0,,,,,Poselenie Vnukovskoe,3253443
60,34.0,17.0,17.0,1992.0,2.0,10.0,Mitino,10800000
75,43.0,7.0,22.0,1984.0,3.0,9.0,Bibirevo,11200000
40,,8.0,,,,,Poselenie Sosenskoe,3581820
38,19.0,3.0,16.0,1980.0,1.0,9.0,Vostochnoe Degunino,2000000
27,14.0,3.0,5.0,1966.0,1.0,5.0,Ochakovo-Matveevskoe,1500000
60,44.0,7.0,9.0,1970.0,3.0,6.0,Veshnjaki,8700000
30,29.0,3.0,5.0,1959.0,1.0,6.0,Marfino,5150000
38,19.0,8.0,17.0,1989.0,1.0,8.0,Filevskij Park,9500000
38,20.0,6.0,10.0,2004.0,1.0,8.0,Kosino-Uhtomskoe,5400000
38,19.0,8.0,17.0,1996.0,1.0,8.0,Vyhino-Zhulebino,5000000
51,51.0,4.0,17.0,2014.0,2.0,10.0,Poselenie Vnukovskoe,6383864
97,68.0,2.0,3.0,1940.0,4.0,11.0,Donskoe,22000000
63,33.0,7.0,17.0,2003.0,2.0,12.0,Severnoe Izmajlovo,14100000
75,75.0,13.0,17.0,2013.0,3.0,1.0,Nekrasovka,7702800
54,32.0,10.0,14.0,1994.0,2.0,8.0,Krjukovo,5800000
75,38.0,6.0,14.0,2012.0,2.0,11.0,Poselenie Voskresenskoe,2018520
143,67.0,15.0,29.0,2008.0,3.0,18.0,Akademicheskoe,36000000
63,38.0,1.0,9.0,1974.0,3.0,8.0,Birjulevo Vostochnoe,5600000
38,,16.0,24.0,,1.0,1.0,Nagatinskij Zaton,7010203
46,30.0,7.0,12.0,1968.0,2.0,8.0,Novogireevo,8100000
42,17.0,3.0,14.0,2013.0,1.0,9.0,Novogireevo,5097600
128,72.0,16.0,22.0,2005.0,4.0,16.0,Presnenskoe,33000000
54,27.0,6.0,,,,,Begovoe,9600000
63,46.0,9.0,,,,,Nagornoe,8000000
43,41.0,4.0,7.0,1962.0,2.0,5.0,Begovoe,8700000
60,44.0,4.0,9.0,1971.0,3.0,6.0,Veshnjaki,7900000
61,61.0,12.0,12.0,2015.0,2.0,10.0,Poselenie Sosenskoe,7483285
58,38.0,9.0,9.0,1971.0,3.0,5.0,Pokrovskoe Streshnevo,9081000
76,45.0,17.0,17.0,1987.0,3.0,10.0,Solncevo,10200000
79,44.0,2.0,16.0,1981.0,3.0,10.0,Kon'kovo,13800000
28,15.0,1.0,5.0,1965.0,1.0,5.0,Nagornoe,1200000
39,38.0,20.0,25.0,2014.0,1.0,1.0,Nekrasovka,4740000
38,19.0,14.0,17.0,2009.0,1.0,7.0,Marfino,9150000
75,435.0,3.0,22.0,1999.0,3.0,9.0,Mitino,12900000
31,31.0,6.0,25.0,2013.0,1.0,1.0,Poselenie Sosenskoe,3413300
32,17.0,8.0,9.0,1967.0,1.0,7.0,Butyrskoe,6450000
63,,14.0,,,,,Tverskoe,4617329
48,31.0,11.0,12.0,1969.0,2.0,8.0,Tekstil'shhiki,6950000
38,18.0,2.0,17.0,2013.0,1.0,7.0,Poselenie Vnukovskoe,3325000
80,48.0,6.0,9.0,2004.0,3.0,8.0,Kosino-Uhtomskoe,8000000
61,,18.0,,,,,Mitino,7836075
32,21.0,6.0,9.0,1967.0,1.0,5.0,Kuz'minki,5300000
77,46.0,22.0,22.0,1989.0,3.0,9.0,Mar'ino,11200000
38,19.0,16.0,16.0,1981.0,1.0,9.0,Dmitrovskoe,4000000
56,34.0,1.0,5.0,1959.0,2.0,7.0,Sokolinaja Gora,3000000
55,33.0,5.0,5.0,1956.0,2.0,7.0,Ajeroport,10400000
38,19.0,9.0,17.0,2002.0,1.0,7.0,Juzhnoe Medvedkovo,6900000
62,41.0,2.0,8.0,1927.0,3.0,7.0,Taganskoe,13300000
136,,16.0,22.0,2017.0,3.0,10.0,Izmajlovo,15225495
30,18.0,2.0,5.0,1964.0,1.0,5.0,Novogireevo,1000000
60,44.0,9.0,9.0,1968.0,3.0,6.0,Akademicheskoe,11000000
31,20.0,1.0,5.0,1962.0,1.0,5.0,Alekseevskoe,5500000
54,22.0,25.0,25.0,2008.0,1.0,14.0,Poselenie Moskovskij,2492000
106,87.0,24.0,30.0,2004.0,1.0,15.0,Timirjazevskoe,28500000
51,34.0,2.0,9.0,1972.0,3.0,6.0,Gol'janovo,6800000
46,28.0,7.0,14.0,1970.0,2.0,5.0,Novogireevo,7800000
51,1.0,14.0,17.0,2014.0,2.0,1.0,Nekrasovka,5909900
42,27.0,3.0,5.0,1964.0,2.0,5.0,Izmajlovo,6700000
34,20.0,4.0,5.0,1973.0,1.0,5.0,Poselenie Mosrentgen,4500000
102,63.0,3.0,22.0,2001.0,4.0,10.0,Zapadnoe Degunino,15800000
42,42.0,8.0,,,,,Tverskoe,3347400
45,28.0,3.0,5.0,1966.0,2.0,6.0,Poselenie Shherbinka,5500000
52,30.0,17.0,17.0,2011.0,2.0,9.0,Poselenie Moskovskij,3624390
45,27.0,5.0,9.0,1975.0,2.0,6.0,Losinoostrovskoe,8000000
30,16.0,1.0,5.0,1961.0,1.0,5.0,Shhukino,5800000
32,18.0,9.0,9.0,1970.0,1.0,6.0,Ivanovskoe,5200000
39,23.0,11.0,14.0,1970.0,2.0,6.0,Severnoe Medvedkovo,2300000
73,44.0,2.0,17.0,1984.0,3.0,10.0,Losinoostrovskoe,12600000
1,1.0,26.0,1.0,1.0,1.0,1.0,Levoberezhnoe,17035200
47,47.0,14.0,24.0,2012.0,1.0,12.0,Losinoostrovskoe,8498876
45,28.0,1.0,9.0,1972.0,2.0,5.0,Preobrazhenskoe,8570000
52,30.0,8.0,14.0,1988.0,2.0,8.0,Moskvorech'e-Saburovo,10700000
146,146.0,5.0,10.0,2014.0,3.0,7.0,Hamovniki,51650004
85,52.0,4.0,5.0,1958.0,3.0,8.0,Donskoe,5416000
74,44.0,2.0,14.0,2009.0,3.0,10.0,Marfino,16100000
56,32.0,11.0,17.0,1984.0,2.0,8.0,Taganskoe,12500000
50,30.0,10.0,12.0,1977.0,2.0,8.0,Filevskij Park,13700000
68,41.0,5.0,7.0,1951.0,2.0,9.0,Sokol,11900000
35,19.0,8.0,12.0,1967.0,1.0,10.0,Preobrazhenskoe,7250000
37,37.0,11.0,1.0,2013.0,1.0,1.0,Tekstil'shhiki,6498537
56,30.0,13.0,22.0,2007.0,2.0,10.0,Bogorodskoe,5000000
51,29.0,4.0,,,,,Juzhnoe Medvedkovo,2000000
35,14.0,4.0,,,,,Mar'ino,5300000
41,25.0,3.0,5.0,1961.0,2.0,5.0,Golovinskoe,6400000
44,27.0,8.0,9.0,1976.0,2.0,6.0,Jasenevo,2000000
53,30.0,5.0,16.0,1984.0,2.0,8.0,Marfino,8925000
41,18.0,8.0,17.0,2014.0,1.0,1.0,Poselenie Filimonkovskoe,4767480
61,33.0,6.0,17.0,2008.0,2.0,11.0,Juzhnoe Butovo,7150000
54,33.0,2.0,5.0,1959.0,2.0,7.0,Perovo,8600000
42,17.0,1.0,9.0,2017.0,1.0,12.0,Poselenie Vnukovskoe,4758341
96,69.0,2.0,5.0,1958.0,4.0,9.0,Alekseevskoe,15300000
79,47.0,2.0,7.0,1996.0,3.0,8.0,Juzhnoe Butovo,10800000
62,62.0,14.0,17.0,,2.0,0.0,Solncevo,5888063
78,41.0,7.0,16.0,2005.0,3.0,10.0,Savelki,10500000
53,33.0,2.0,9.0,1958.0,2.0,7.0,Lomonosovskoe,13200000
61,32.0,2.0,23.0,2003.0,2.0,10.0,Rjazanskij,11490000
44,27.0,3.0,9.0,1969.0,2.0,6.0,Chertanovo Severnoe,8100000
42,21.0,8.0,12.0,1975.0,1.0,8.0,Ivanovskoe,6300000
46,28.0,12.0,16.0,1969.0,2.0,7.0,Horoshevo-Mnevniki,9283000
35,20.0,2.0,12.0,1972.0,1.0,9.0,Troickij okrug,4050000
57,37.0,5.0,9.0,1973.0,3.0,6.0,Orehovo-Borisovo Severnoe,9700000
30,18.0,3.0,5.0,1962.0,1.0,5.0,Shhukino,6000000
39,20.0,21.0,,,,,Brateevo,1800000
46,22.0,12.0,12.0,2015.0,1.0,7.0,Levoberezhnoe,9370150
38,20.0,12.0,,,,,Novo-Peredelkino,4950000
28,17.0,1.0,,,,,Rjazanskij,4500000
36,19.0,1.0,16.0,1983.0,1.0,7.0,Kotlovka,4700000
46,19.0,20.0,,,,,Otradnoe,7546900
59,41.0,4.0,5.0,1970.0,3.0,6.0,Akademicheskoe,1000000
63,43.0,1.0,12.0,1972.0,3.0,7.0,Chertanovo Severnoe,4500000
58,58.0,15.0,17.0,2013.0,2.0,1.0,Tverskoe,5764128
31,17.0,3.0,5.0,1965.0,1.0,5.0,Novogireevo,5350000
60,30.0,8.0,17.0,1988.0,2.0,8.0,Chertanovo Severnoe,9800000
60,33.0,11.0,22.0,2007.0,2.0,9.0,Zapadnoe Degunino,1050000
33,19.0,9.0,9.0,1971.0,1.0,6.0,Veshnjaki,2000000
30,18.0,2.0,5.0,1961.0,1.0,5.0,Vojkovskoe,5750000
54,30.0,8.0,14.0,1989.0,2.0,8.0,Krjukovo,5900000
53,32.0,2.0,5.0,1958.0,2.0,7.0,Ostankinskoe,10200000
40,,10.0,12.0,2014.0,1.0,10.0,Poselenie Desjonovskoe,3401974
43,28.0,6.0,8.0,1963.0,2.0,6.0,Timirjazevskoe,1000000
59,44.0,7.0,9.0,1972.0,3.0,6.0,Rjazanskij,1000000
64,64.0,2.0,2.0,2015.0,2.0,1.0,Nekrasovka,6720000
43,19.0,13.0,16.0,2004.0,1.0,8.0,Birjulevo Vostochnoe,5550000
37,37.0,5.0,15.0,2015.0,1.0,10.0,Poselenie Shherbinka,4001493
93,52.0,10.0,11.0,1959.0,3.0,8.0,Hamovniki,39000000
51,34.0,5.0,9.0,1973.0,2.0,1.0,Ivanovskoe,7650000
61,38.0,4.0,9.0,1974.0,3.0,8.0,Vojkovskoe,11950000
64,44.0,4.0,12.0,1968.0,3.0,9.0,Otradnoe,10250000
45,17.0,10.0,,,,,Rjazanskij,5632150
1,1.0,1.0,1.0,1.0,1.0,1.0,Nagatinskij Zaton,13452318
32,18.0,5.0,9.0,1976.0,1.0,6.0,Jaroslavskoe,1000000
67,66.0,6.0,12.0,1973.0,3.0,11.0,Teplyj Stan,10000000
73,34.0,7.0,,,,,Tekstil'shhiki,13500000
38,38.0,9.0,16.0,2014.0,1.0,0.0,Poselenie Desjonovskoe,3813607
55,36.0,2.0,5.0,1962.0,3.0,5.0,Kuz'minki,7450000
42,28.0,1.0,5.0,1963.0,2.0,5.0,Juzhnoe Tushino,6500000
38,17.0,13.0,,,,,Timirjazevskoe,5500000
79,,13.0,1.0,,3.0,1.0,Nekrasovka,7682400
63,38.0,3.0,9.0,1971.0,3.0,8.0,Gol'janovo,10300000
135,1.0,2.0,2.0,2014.0,3.0,1.0,Poselenie Rogovskoe,6492096
51,30.0,8.0,12.0,1966.0,2.0,10.0,Zapadnoe Degunino,8100000
46,28.0,12.0,12.0,1966.0,2.0,6.0,Fili Davydkovo,7800000
49,32.0,7.0,,,,,Presnenskoe,16758000
36,18.0,5.0,10.0,1999.0,1.0,6.0,Juzhnoe Butovo,4050000
54,36.0,4.0,5.0,1963.0,3.0,5.0,Arbat,4950000
44,23.0,1.0,9.0,2008.0,1.0,11.0,Poselenie Moskovskij,5000000
39,21.0,12.0,14.0,1989.0,1.0,8.0,Krjukovo,5150000
61,1.0,9.0,17.0,2015.0,2.0,1.0,Nekrasovka,6066200
40,20.0,5.0,14.0,1986.0,1.0,8.0,Zjablikovo,6700000
32,19.0,8.0,9.0,1965.0,1.0,5.0,Meshhanskoe,1000000
47,30.0,6.0,12.0,1978.0,2.0,6.0,Vostochnoe Degunino,1000000
55,55.0,3.0,17.0,2016.0,2.0,0.0,Poselenie Desjonovskoe,4548082
46,46.0,7.0,17.0,2016.0,1.0,10.0,Levoberezhnoe,9051125
45,31.0,3.0,5.0,1964.0,2.0,5.0,Gol'janovo,6800000
37,22.0,4.0,9.0,1963.0,2.0,7.0,Prospekt Vernadskogo,8300000
42,28.0,5.0,9.0,1968.0,2.0,5.0,Shhukino,7700000
40,23.0,7.0,18.0,1966.0,2.0,6.0,Juzhnoe Medvedkovo,5950000
67,38.0,12.0,21.0,1999.0,2.0,11.0,Vojkovskoe,15700000
82,42.0,11.0,12.0,2011.0,3.0,10.0,Akademicheskoe,8000000
45,,25.0,0.0,,3.0,0.0,Poselenie Sosenskoe,6240075
53,31.0,5.0,16.0,1984.0,2.0,10.0,Severnoe Medvedkovo,7350000
66,44.0,8.0,12.0,1968.0,3.0,9.0,Babushkinskoe,10000000
39,19.0,12.0,,,,,Hovrino,6200000
68,1.0,7.0,1.0,2014.0,2.0,1.0,Koptevo,10888000
58,37.0,4.0,,,,,Staroe Krjukovo,6500000
82,54.0,3.0,12.0,1967.0,5.0,5.0,Preobrazhenskoe,16250000
68,48.0,11.0,16.0,1984.0,3.0,6.0,Birjulevo Zapadnoe,1000000
58,41.0,4.0,5.0,1965.0,3.0,5.0,Alekseevskoe,10000000
54,,7.0,20.0,,1.0,10.0,Poselenie Sosenskoe,4923200
32,18.0,6.0,9.0,1975.0,1.0,5.0,Chertanovo Central'noe,5200000
72,43.0,8.0,17.0,1988.0,3.0,10.0,Moskvorech'e-Saburovo,13400000
51,30.0,3.0,5.0,1963.0,2.0,5.0,Kuz'minki,3000000
32,20.0,5.0,5.0,1964.0,1.0,5.0,Beskudnikovskoe,4500000
62,38.0,6.0,9.0,1975.0,3.0,8.0,Vojkovskoe,11300000
45,27.0,1.0,12.0,1970.0,2.0,6.0,Troparevo-Nikulino,7900000
53,32.0,9.0,17.0,1982.0,2.0,9.0,Chertanovo Central'noe,8300000
44,44.0,3.0,0.0,0.0,1.0,0.0,Tverskoe,5577808
106,1.0,7.0,1.0,2016.0,1.0,1.0,Hovrino,15627529
37,19.0,17.0,17.0,2000.0,1.0,7.0,Dmitrovskoe,5600000
30,18.0,1.0,5.0,1963.0,1.0,5.0,Rjazanskij,4300000
37,19.0,8.0,17.0,2007.0,1.0,7.0,Solncevo,5800000
42,26.0,2.0,5.0,1964.0,2.0,5.0,Caricyno,6200000
41,,18.0,0.0,,1.0,0.0,Chertanovo Juzhnoe,7539275
35,14.0,9.0,12.0,1996.0,1.0,10.0,Novokosino,5500000
31,31.0,13.0,25.0,2013.0,1.0,1.0,Poselenie Sosenskoe,3732000
44,16.0,17.0,1.0,1.0,1.0,12.0,Poselenie Voskresenskoe,4899960
75,72.0,6.0,12.0,2014.0,3.0,1.0,Poselenie Desjonovskoe,5666764
38,20.0,5.0,14.0,1992.0,1.0,8.0,Caricyno,6100000
76,47.0,5.0,17.0,2002.0,3.0,10.0,Taganskoe,18000000
31,16.0,5.0,5.0,1975.0,3.0,6.0,Poselenie Kokoshkino,3800000
65,1.0,22.0,24.0,,2.0,1.0,Hamovniki,7555204
34,23.0,2.0,8.0,1960.0,1.0,5.0,Vojkovskoe,1000000
51,29.0,12.0,12.0,1995.0,2.0,8.0,Vyhino-Zhulebino,7800000
35,17.0,10.0,12.0,1978.0,1.0,6.0,Nagornoe,6750000
76,45.0,4.0,10.0,2014.0,3.0,12.0,Nekrasovka,7730900
36,20.0,6.0,9.0,1975.0,1.0,6.0,Otradnoe,6600000
44,28.0,6.0,9.0,1979.0,2.0,6.0,Mar'ino,6400000
52,23.0,3.0,9.0,1998.0,1.0,12.0,Poselenie Voskresenskoe,5400000
90,61.0,5.0,10.0,1957.0,4.0,8.0,Sokolinaja Gora,18500000
45,30.0,5.0,5.0,1962.0,2.0,5.0,Horoshevo-Mnevniki,7255000
39,37.0,7.0,17.0,2013.0,1.0,1.0,Tverskoe,4138020
56,30.0,15.0,24.0,2013.0,2.0,8.0,Obruchevskoe,2000000
60,33.0,7.0,14.0,1992.0,2.0,10.0,Krjukovo,7050000
52,27.0,7.0,16.0,1984.0,2.0,10.0,Golovinskoe,8100000
77,45.0,14.0,16.0,1982.0,3.0,10.0,Chertanovo Juzhnoe,11000000
60,45.0,7.0,9.0,1973.0,3.0,6.0,Gol'janovo,7400000
52,34.0,5.0,9.0,1976.0,3.0,6.0,Jasenevo,7700000
65,35.0,3.0,,,,,Poselenie Voskresenskoe,5952000
45,30.0,2.0,5.0,1962.0,2.0,5.0,Kuz'minki,6500000
54,33.0,3.0,5.0,1957.0,2.0,7.0,Lefortovo,7000000
47,29.0,4.0,12.0,1971.0,2.0,7.0,Chertanovo Severnoe,8500000
45,29.0,3.0,9.0,1970.0,2.0,6.0,Troickij okrug,2170000
77,40.0,1.0,16.0,2001.0,1.0,9.0,Juzhnoe Butovo,10500000
74,50.0,4.0,5.0,1959.0,3.0,9.0,Marfino,10100000
62,34.0,2.0,9.0,2016.0,2.0,12.0,Tverskoe,8021301
151,73.0,5.0,22.0,2009.0,4.0,15.0,Horoshevo-Mnevniki,19800000
41,19.0,3.0,5.0,1962.0,1.0,13.0,Horoshevo-Mnevniki,6300000
29,,15.0,20.0,2015.0,1.0,0.0,Mitino,5110000
63,37.0,3.0,5.0,1936.0,2.0,8.0,Ljublino,7750000
42,26.0,5.0,5.0,1963.0,2.0,5.0,Ljublino,5600000
58,44.0,7.0,9.0,1969.0,3.0,6.0,Altuf'evskoe,7750000
37,1.0,14.0,19.0,2016.0,1.0,1.0,Poselenie Shherbinka,3309831
39,19.0,14.0,17.0,1985.0,1.0,8.0,Brateevo,4500000
44,28.0,2.0,5.0,1967.0,2.0,6.0,Troickij okrug,4500000
40,,10.0,17.0,2014.0,1.0,10.0,Solncevo,4037200
127,82.0,26.0,28.0,2009.0,3.0,20.0,Lomonosovskoe,34000000
79,45.0,17.0,17.0,2014.0,3.0,12.0,Beskudnikovskoe,14100000
38,,5.0,12.0,,1.0,1.0,Poselenie Desjonovskoe,3513890
54,32.0,11.0,17.0,1992.0,2.0,9.0,Mitino,9050000
67,42.0,5.0,24.0,1994.0,3.0,8.0,Chertanovo Severnoe,13900000
74,74.0,10.0,17.0,2015.0,3.0,1.0,Nagornoe,16830500
60,34.0,10.0,14.0,1998.0,2.0,10.0,Akademicheskoe,14800000
64,38.0,7.0,12.0,1982.0,3.0,8.0,Fili Davydkovo,10500000
67,44.0,8.0,25.0,2004.0,3.0,9.0,Shhukino,16300000
66,43.0,6.0,12.0,1973.0,3.0,7.0,Teplyj Stan,10000000
44,32.0,4.0,5.0,1961.0,2.0,4.0,Vostochnoe Izmajlovo,5000000
63,30.0,16.0,16.0,2015.0,2.0,1.0,Poselenie Voskresenskoe,6630800
62,34.0,7.0,12.0,1959.0,2.0,8.0,Gagarinskoe,14500000
44,17.0,9.0,22.0,2005.0,1.0,10.0,Obruchevskoe,1200000
74,45.0,11.0,14.0,2002.0,3.0,10.0,Juzhnoe Butovo,11000000
45,28.0,4.0,5.0,1968.0,2.0,5.0,Vyhino-Zhulebino,6250000
43,27.0,6.0,9.0,1995.0,2.0,6.0,Veshnjaki,6900000
45,33.0,5.0,5.0,1963.0,2.0,5.0,Preobrazhenskoe,6500000
77,46.0,11.0,16.0,1975.0,3.0,10.0,Akademicheskoe,17000000
73,43.0,14.0,19.0,1993.0,3.0,10.0,Mitino,10900000
61,61.0,5.0,17.0,0.0,2.0,1.0,Solncevo,7472244
49,31.0,12.0,12.0,1969.0,2.0,8.0,Caricyno,6850000
48,30.0,3.0,5.0,1967.0,2.0,7.0,Gol'janovo,1000000
20,11.0,5.0,5.0,1966.0,1.0,3.0,Caricyno,4150000
27,18.0,5.0,5.0,1961.0,1.0,4.0,Fili Davydkovo,4950000
41,26.0,2.0,5.0,1963.0,2.0,5.0,Metrogorodok,5700000
29,,3.0,1.0,,1.0,1.0,Poselenie Filimonkovskoe,2860197
58,34.0,12.0,17.0,1984.0,2.0,10.0,Zjablikovo,8900000
103,64.0,9.0,22.0,2006.0,4.0,10.0,Sokolinaja Gora,18000000
36,21.0,9.0,9.0,1971.0,1.0,6.0,Vostochnoe Degunino,5000000
38,19.0,3.0,17.0,1991.0,1.0,8.0,Mar'ino,5500000
51,26.0,6.0,,,,,Hovrino,8700000
41,41.0,14.0,17.0,2016.0,1.0,10.0,Mitino,6622713
45,44.0,4.0,5.0,1961.0,2.0,5.0,Akademicheskoe,8200000
77,45.0,7.0,14.0,2003.0,3.0,10.0,Hovrino,12400000
50,34.0,5.0,9.0,1969.0,2.0,5.0,Rjazanskij,7500000
42,21.0,10.0,14.0,1990.0,1.0,8.0,Gol'janovo,5500000
27,14.0,2.0,9.0,2001.0,1.0,5.0,Juzhnoe Butovo,4900000
42,26.0,3.0,5.0,1961.0,2.0,5.0,Izmajlovo,6200000
37,18.0,1.0,14.0,1975.0,1.0,8.0,Marfino,3000000
38,19.0,16.0,16.0,1982.0,1.0,8.0,Nagatinskij Zaton,7300000
38,38.0,4.0,17.0,1.0,1.0,1.0,Nekrasovka,4294675
35,20.0,7.0,,,,,Caricyno,5300000
58,44.0,2.0,9.0,1972.0,3.0,5.0,Chertanovo Juzhnoe,7700000
39,18.0,6.0,17.0,2012.0,1.0,9.0,Poselenie Sosenskoe,3500000
38,20.0,4.0,12.0,2002.0,1.0,8.0,Juzhnoe Butovo,6500000
62,58.0,10.0,17.0,2013.0,2.0,1.0,Nekrasovka,5782752
34,19.0,14.0,14.0,1971.0,1.0,9.0,Caricyno,2000000
55,28.0,13.0,17.0,2010.0,2.0,9.0,Mozhajskoe,9500000
62,39.0,6.0,9.0,1980.0,3.0,7.0,Orehovo-Borisovo Juzhnoe,8600000
45,29.0,2.0,5.0,1964.0,2.0,5.0,Preobrazhenskoe,7650000
45,30.0,5.0,5.0,0.0,2.0,5.0,Tekstil'shhiki,5300000
37,19.0,10.0,17.0,1985.0,1.0,7.0,Mar'ino,6100000
39,20.0,12.0,12.0,1983.0,1.0,8.0,Birjulevo Vostochnoe,990000
32,21.0,4.0,5.0,1920.0,1.0,5.0,Tverskoe,9350000
64,46.0,14.0,16.0,1977.0,3.0,8.0,Orehovo-Borisovo Severnoe,2000000
39,39.0,2.0,17.0,2016.0,1.0,1.0,Poselenie Vnukovskoe,4888357
59,,13.0,18.0,2014.0,2.0,1.0,Nagornoe,11229577
33,17.0,5.0,9.0,1968.0,1.0,7.0,Kon'kovo,6400000
74,45.0,15.0,17.0,1992.0,3.0,10.0,Krjukovo,9550000
47,30.0,9.0,9.0,1969.0,2.0,6.0,Bogorodskoe,7400000
38,20.0,14.0,22.0,2002.0,1.0,10.0,Sviblovo,8200000
39,16.0,10.0,12.0,1980.0,1.0,9.0,Dorogomilovo,11950000
43,42.0,8.0,23.0,2006.0,1.0,10.0,Rjazanskij,7300000
42,28.0,4.0,5.0,1961.0,2.0,5.0,Perovo,5500000
45,28.0,1.0,9.0,1971.0,2.0,5.0,Veshnjaki,2000000
56,,5.0,,,,,Poselenie Moskovskij,4828733
73,,5.0,17.0,2014.0,3.0,1.0,Nekrasovka,7102400
63,33.0,4.0,16.0,2012.0,2.0,12.0,Beskudnikovskoe,3000000
41,25.0,5.0,5.0,1950.0,1.0,5.0,Izmajlovo,7200000
41,26.0,4.0,5.0,1966.0,2.0,6.0,Poselenie Shherbinka,4200000
37,19.0,14.0,16.0,1988.0,1.0,9.0,Krylatskoe,8000000
38,22.0,4.0,9.0,1972.0,2.0,5.0,Tekstil'shhiki,6000000
37,37.0,10.0,19.0,2016.0,1.0,9.0,Poselenie Shherbinka,3387459
31,18.0,3.0,5.0,1965.0,1.0,5.0,Metrogorodok,4600000
79,48.0,13.0,14.0,1993.0,3.0,8.0,Severnoe Butovo,11000000
35,14.0,5.0,17.0,2006.0,1.0,9.0,Novo-Peredelkino,3000000
38,19.0,8.0,17.0,1983.0,1.0,8.0,Birjulevo Vostochnoe,4550000
47,31.0,10.0,12.0,1967.0,2.0,9.0,Rjazanskij,6500000
35,19.0,2.0,14.0,1970.0,1.0,9.0,Ochakovo-Matveevskoe,3000000
62,32.0,2.0,17.0,2008.0,2.0,12.0,Juzhnoe Medvedkovo,11700000
38,20.0,2.0,14.0,1991.0,1.0,8.0,Novo-Peredelkino,5800000
44,28.0,9.0,6.0,1971.0,2.0,5.0,Birjulevo Vostochnoe,5840000
60,33.0,11.0,17.0,2013.0,2.0,12.0,Poselenie Vnukovskoe,4700000
43,27.0,3.0,9.0,1969.0,2.0,5.0,Severnoe Tushino,6900000
54,32.0,7.0,17.0,2002.0,2.0,9.0,Troparevo-Nikulino,12800000
59,36.0,3.0,17.0,2013.0,2.0,9.0,Poselenie Shherbinka,4000000
60,36.0,6.0,16.0,1972.0,2.0,8.0,Troparevo-Nikulino,6500000
40,40.0,4.0,17.0,2014.0,1.0,1.0,Nekrasovka,5682320
64,33.0,2.0,3.0,2015.0,2.0,20.0,Poselenie Filimonkovskoe,5756303
62,39.0,3.0,14.0,1992.0,3.0,7.0,Rjazanskij,11600000
84,48.0,5.0,17.0,2002.0,3.0,10.0,Troparevo-Nikulino,14000000
46,29.0,2.0,9.0,1977.0,2.0,5.0,Juzhnoe Medvedkovo,8000000
99,55.0,8.0,14.0,2000.0,3.0,11.0,Juzhnoe Butovo,13600000
54,32.0,1.0,16.0,1980.0,2.0,9.0,Chertanovo Severnoe,9000000
59,36.0,11.0,,,,,Krasnosel'skoe,11200000
48,31.0,7.0,12.0,1967.0,2.0,8.0,Nagornoe,8400000
39,22.0,11.0,,,,,Butyrskoe,6600000
31,31.0,5.0,0.0,0.0,1.0,0.0,Poselenie Shherbinka,2748138
77,43.0,9.0,17.0,2003.0,3.0,12.0,Solncevo,12000000
116,64.0,14.0,15.0,2013.0,3.0,15.0,Lomonosovskoe,30264000
52,30.0,7.0,12.0,2006.0,2.0,9.0,Kosino-Uhtomskoe,7500000
31,16.0,7.0,12.0,1972.0,1.0,7.0,Chertanovo Severnoe,6300000
56,35.0,3.0,5.0,1959.0,2.0,8.0,Timirjazevskoe,10850000
60,38.0,9.0,9.0,1978.0,3.0,7.0,Otradnoe,10200000
34,21.0,7.0,9.0,1970.0,1.0,6.0,Rjazanskij,5850000
32,18.0,7.0,9.0,1970.0,1.0,6.0,Losinoostrovskoe,5150000
76,43.0,7.0,14.0,1996.0,3.0,8.0,Mar'ino,10600000
61,31.0,16.0,17.0,2001.0,2.0,13.0,Beskudnikovskoe,11900000
43,,3.0,0.0,0.0,1.0,0.0,Krjukovo,4490800
75,41.0,4.0,16.0,2007.0,3.0,11.0,Staroe Krjukovo,1200000
55,35.0,2.0,8.0,1980.0,2.0,8.0,Alekseevskoe,11250000
78,46.0,18.0,,,,,Ochakovo-Matveevskoe,14715300
38,22.0,6.0,9.0,1967.0,2.0,7.0,Kuz'minki,4000000
83,43.0,17.0,17.0,2011.0,3.0,12.0,Poselenie Vnukovskoe,3750000
45,28.0,9.0,9.0,1968.0,2.0,6.0,Ochakovo-Matveevskoe,7200000
74,45.0,7.0,14.0,1993.0,3.0,8.0,Krjukovo,8150000
38,19.0,10.0,16.0,1978.0,1.0,9.0,Jasenevo,6300000
25,13.0,2.0,9.0,1973.0,1.0,6.0,Ivanovskoe,1000000
50,33.0,1.0,9.0,1974.0,3.0,6.0,Pokrovskoe Streshnevo,6850000
30,17.0,8.0,8.0,1962.0,1.0,6.0,Tekstil'shhiki,5450000
59,44.0,3.0,5.0,1962.0,3.0,5.0,Cheremushki,8600000
38,19.0,8.0,16.0,1973.0,1.0,9.0,Hovrino,6200000
37,19.0,5.0,16.0,1984.0,1.0,9.0,Sviblovo,6700000
33,19.0,1.0,9.0,1973.0,1.0,6.0,Ivanovskoe,4950000
44,24.0,1.0,,,,,Kuz'minki,3900000
40,20.0,4.0,14.0,2005.0,1.0,8.0,Altuf'evskoe,1000000
74,45.0,13.0,16.0,1981.0,3.0,10.0,Chertanovo Central'noe,11600000
40,1.0,1.0,1.0,1.0,1.0,1.0,Tekstil'shhiki,4600000
41,26.0,3.0,,,,,Pokrovskoe Streshnevo,6300000
79,44.0,16.0,17.0,2002.0,3.0,12.0,Presnenskoe,17500000
38,23.0,3.0,9.0,1965.0,2.0,5.0,Izmajlovo,7500000
42,17.0,15.0,24.0,2001.0,1.0,9.0,Mitino,4890000
39,,5.0,17.0,,1.0,1.0,Poselenie Moskovskij,3670683
55,,2.0,10.0,0.0,2.0,1.0,Poselenie Filimonkovskoe,3954711
125,67.0,7.0,9.0,1990.0,4.0,9.0,Tverskoe,55000000
67,47.0,5.0,8.0,1956.0,3.0,7.0,Dorogomilovo,16000000
63,33.0,3.0,17.0,2004.0,2.0,12.0,Severnoe Butovo,12000000
57,57.0,10.0,10.0,2015.0,2.0,10.0,Poselenie Sosenskoe,6563726
43,,8.0,20.0,,1.0,1.0,Poselenie Vnukovskoe,5302036
53,30.0,2.0,12.0,1975.0,2.0,8.0,Bibirevo,7500000
34,,2.0,3.0,0.0,1.0,1.0,Poselenie Novofedorovskoe,1983000
45,28.0,4.0,12.0,1967.0,2.0,5.0,Severnoe Izmajlovo,7700000
37,37.0,8.0,17.0,0.0,1.0,0.0,Poselenie Vnukovskoe,4525120
82,82.0,11.0,13.0,2016.0,3.0,10.0,Poselenie Shherbinka,6602525
39,17.0,6.0,14.0,2008.0,1.0,8.0,Juzhnoe Butovo,2000000
61,,17.0,20.0,,2.0,1.0,Poselenie Vnukovskoe,7007740
47,30.0,4.0,12.0,1972.0,2.0,7.0,Chertanovo Severnoe,7500000
40,20.0,9.0,12.0,1980.0,1.0,8.0,Mar'ino,6100000
46,30.0,2.0,5.0,1963.0,2.0,5.0,Zapadnoe Degunino,1000000
75,44.0,4.0,14.0,2004.0,3.0,12.0,Taganskoe,19800000
32,19.0,5.0,9.0,1962.0,1.0,5.0,Kuz'minki,5100000
39,,7.0,17.0,,1.0,1.0,Poselenie Moskovskij,3750573
34,18.0,4.0,4.0,1957.0,1.0,7.0,Kuncevo,6600000
35,,2.0,,,,,Zapadnoe Degunino,3437352
31,18.0,3.0,,,,,Marfino,5200000
53,31.0,5.0,12.0,1980.0,2.0,10.0,Ramenki,10700000
50,29.0,1.0,12.0,1982.0,2.0,8.0,Nagatino-Sadovniki,8800000
45,30.0,4.0,5.0,1961.0,2.0,5.0,Tekstil'shhiki,6100000
63,42.0,3.0,9.0,1970.0,3.0,7.0,Chertanovo Central'noe,8550000
21,13.0,9.0,9.0,1974.0,1.0,3.0,Meshhanskoe,6000000
73,70.0,5.0,17.0,2013.0,3.0,1.0,Nekrasovka,6732731
51,30.0,5.0,17.0,2009.0,2.0,9.0,Juzhnoe Butovo,6200000
37,37.0,6.0,22.0,2015.0,1.0,10.0,Poselenie Shherbinka,3464758
28,27.0,1.0,17.0,2015.0,1.0,10.0,Poselenie Filimonkovskoe,2446787
30,18.0,4.0,5.0,1965.0,1.0,5.0,Caricyno,5000000
38,19.0,15.0,17.0,1985.0,1.0,8.0,Mar'ino,6000000
37,19.0,10.0,14.0,1993.0,1.0,9.0,Krjukovo,4650000
32,18.0,6.0,,,,,Levoberezhnoe,5200000
67,25.0,15.0,19.0,2003.0,1.0,16.0,Akademicheskoe,14800000
49,49.0,28.0,30.0,2012.0,1.0,11.0,Bogorodskoe,6000000
38,20.0,7.0,12.0,1982.0,1.0,8.0,Izmajlovo,7300000
53,35.0,4.0,9.0,1974.0,2.0,6.0,Orehovo-Borisovo Severnoe,7900000
78,77.0,16.0,16.0,2014.0,3.0,1.0,Nagatinskij Zaton,12470451
54,32.0,12.0,16.0,1976.0,2.0,9.0,Jasenevo,9000000
76,47.0,6.0,17.0,2002.0,3.0,10.0,Birjulevo Vostochnoe,9500000
54,32.0,8.0,16.0,1979.0,2.0,9.0,Jasenevo,9500000
51,31.0,5.0,,,,,Taganskoe,14500000
56,,4.0,,,,,Poselenie Sosenskoe,4335100
47,31.0,2.0,9.0,1970.0,2.0,6.0,Vostochnoe Degunino,6950000
79,79.0,5.0,17.0,1.0,3.0,1.0,Tverskoe,7221456
57,40.0,8.0,9.0,1970.0,3.0,5.0,Preobrazhenskoe,12500000
51,50.0,7.0,16.0,1983.0,2.0,8.0,Chertanovo Juzhnoe,8300000
59,34.0,7.0,22.0,1992.0,2.0,10.0,Novo-Peredelkino,8200000
81,45.0,23.0,40.0,2012.0,2.0,16.0,Akademicheskoe,19688000
32,18.0,8.0,9.0,1971.0,1.0,6.0,Birjulevo Vostochnoe,5670000
62,38.0,6.0,9.0,1971.0,3.0,7.0,Gol'janovo,5000000
183,98.0,5.0,15.0,2010.0,4.0,17.0,Ramenki,64000000
42,27.0,2.0,5.0,1962.0,2.0,5.0,Ljublino,6500000
57,30.0,6.0,6.0,1995.0,2.0,11.0,Juzhnoe Butovo,8600000
37,19.0,1.0,22.0,1989.0,1.0,9.0,Brateevo,1100000
54,34.0,1.0,10.0,1960.0,2.0,9.0,Lomonosovskoe,10850000
64,38.0,7.0,12.0,1981.0,3.0,8.0,Strogino,11600000
43,43.0,4.0,1.0,1.0,1.0,1.0,Poselenie Sosenskoe,4518720
53,31.0,24.0,25.0,2009.0,2.0,8.0,Cheremushki,13500000
87,55.0,3.0,9.0,1998.0,4.0,10.0,Koptevo,18200000
115,55.0,20.0,24.0,2007.0,3.0,11.0,Kotlovka,27010000
40,25.0,5.0,5.0,1964.0,2.0,5.0,Perovo,5800000
36,19.0,12.0,17.0,1992.0,1.0,7.0,Mitino,6290000
53,32.0,12.0,16.0,1982.0,2.0,9.0,Strogino,2000000
38,38.0,1.0,,,,,Birjulevo Vostochnoe,4800000
31,20.0,1.0,5.0,1968.0,1.0,5.0,Novogireevo,4750000
52,30.0,16.0,16.0,1978.0,2.0,8.0,Lianozovo,8950000
38,19.0,17.0,17.0,1994.0,1.0,7.0,Krjukovo,4200000
81,41.0,4.0,22.0,2008.0,2.0,11.0,Donskoe,23000000
52,50.0,9.0,17.0,2013.0,2.0,10.0,Poselenie Filimonkovskoe,3711766
32,20.0,3.0,5.0,1965.0,1.0,5.0,Vostochnoe Izmajlovo,5050000
61,38.0,1.0,14.0,1989.0,3.0,8.0,Novo-Peredelkino,7600000
41,21.0,3.0,14.0,1991.0,1.0,8.0,Krjukovo,4700000
82,47.0,1.0,9.0,1999.0,3.0,8.0,Mar'ino,10800000
59,22.0,4.0,1.0,2014.0,1.0,1.0,Troickij okrug,5039340
52,30.0,1.0,12.0,1977.0,2.0,8.0,Bibirevo,3500000
41,26.0,2.0,5.0,1964.0,2.0,5.0,Zjuzino,7200000
52,36.0,1.0,5.0,1961.0,3.0,5.0,Levoberezhnoe,8000000
64,33.0,8.0,17.0,2005.0,2.0,13.0,Taganskoe,14500000
44,28.0,2.0,5.0,1958.0,2.0,6.0,Akademicheskoe,8200000
39,39.0,6.0,17.0,0.0,1.0,0.0,Poselenie Vnukovskoe,5003014
59,38.0,9.0,9.0,1967.0,3.0,5.0,Severnoe Tushino,8900000
45,18.0,2.0,,,,,Poselenie Voskresenskoe,3796433
62,,15.0,24.0,,2.0,1.0,Poselenie Vnukovskoe,7426936
60,37.0,16.0,24.0,2012.0,3.0,13.0,Horoshevo-Mnevniki,11460000
51,30.0,6.0,17.0,1991.0,2.0,8.0,Krjukovo,5900000
41,20.0,11.0,12.0,1980.0,1.0,8.0,Kapotnja,4700000
65,43.0,12.0,12.0,1975.0,3.0,10.0,Birjulevo Zapadnoe,1100000
56,34.0,5.0,5.0,1958.0,2.0,7.0,Marfino,4000000
41,41.0,11.0,17.0,2016.0,1.0,41.0,Poselenie Sosenskoe,4114580
40,17.0,7.0,12.0,2004.0,1.0,8.0,Kosino-Uhtomskoe,5700000
33,13.0,15.0,25.0,2012.0,1.0,10.0,Poselenie Sosenskoe,3600000
41,25.0,1.0,5.0,1964.0,2.0,5.0,Pokrovskoe Streshnevo,6400000
41,27.0,4.0,5.0,1965.0,2.0,5.0,Caricyno,5700000
55,30.0,3.0,14.0,2003.0,2.0,11.0,Ljublino,9750000
43,27.0,3.0,5.0,1963.0,2.0,5.0,Bogorodskoe,6600000
54,32.0,15.0,16.0,1977.0,2.0,9.0,Orehovo-Borisovo Severnoe,10400000
53,32.0,1.0,17.0,1984.0,2.0,9.0,Altuf'evskoe,7700000
47,47.0,11.0,17.0,2016.0,1.0,10.0,Filevskij Park,8919689
62,62.0,10.0,17.0,1.0,2.0,1.0,Poselenie Vnukovskoe,6369365
45,29.0,4.0,5.0,1965.0,2.0,5.0,Caricyno,3000000
60,60.0,22.0,,,,,Poselenie Vnukovskoe,5484434
45,29.0,3.0,5.0,1966.0,2.0,5.0,Rjazanskij,6000000
65,,4.0,10.0,2014.0,2.0,10.0,Poselenie Voskresenskoe,6561360
77,,5.0,17.0,0.0,3.0,1.0,Novo-Peredelkino,7623069
45,27.0,3.0,12.0,1974.0,2.0,6.0,Levoberezhnoe,6350000
51,34.0,8.0,,,,,Tekstil'shhiki,7250000
63,38.0,2.0,14.0,1993.0,3.0,8.0,Mitino,9850000
61,33.0,4.0,19.0,2001.0,2.0,14.0,Koptevo,13000000
37,18.0,9.0,16.0,1977.0,1.0,8.0,Bibirevo,6200000
61,43.0,2.0,9.0,1966.0,3.0,6.0,Gol'janovo,9100000
96,53.0,12.0,14.0,1998.0,3.0,8.0,Ivanovskoe,16000000
55,,8.0,,,,,Poselenie Sosenskoe,6144600
125,125.0,6.0,6.0,2013.0,3.0,1.0,Krasnosel'skoe,22080290
62,38.0,9.0,9.0,1978.0,3.0,8.0,Otradnoe,9950000
38,20.0,19.0,22.0,1982.0,1.0,10.0,Lomonosovskoe,9000000
87,,12.0,1.0,,3.0,10.0,Poselenie Sosenskoe,9166500
51,30.0,10.0,14.0,1995.0,2.0,8.0,Krjukovo,6900000
37,19.0,10.0,17.0,2006.0,1.0,7.0,Kosino-Uhtomskoe,5550000
74,45.0,3.0,16.0,1981.0,3.0,10.0,Horoshevo-Mnevniki,12400000
37,19.0,7.0,17.0,1999.0,1.0,7.0,Severnoe Medvedkovo,8000000
44,28.0,9.0,9.0,1980.0,2.0,6.0,Dmitrovskoe,2000000
39,20.0,12.0,22.0,2000.0,1.0,10.0,Mar'ino,6400000
61,38.0,2.0,14.0,1991.0,3.0,8.0,Birjulevo Zapadnoe,8500000
44,27.0,2.0,5.0,1972.0,2.0,5.0,Poselenie Voronovskoe,3250000
32,19.0,5.0,9.0,1967.0,1.0,6.0,Dmitrovskoe,5300000
79,79.0,13.0,,,,,Poselenie Moskovskij,5571245
36,22.0,1.0,9.0,1963.0,2.0,7.0,Kuz'minki,6200000
39,,6.0,17.0,,1.0,1.0,Nekrasovka,4214650
38,20.0,5.0,12.0,1999.0,1.0,8.0,Juzhnoe Butovo,5950000
45,30.0,17.0,25.0,2013.0,3.0,6.0,Poselenie Sosenskoe,4700000
32,20.0,5.0,5.0,1966.0,1.0,5.0,Tekstil'shhiki,4600000
41,19.0,17.0,17.0,2010.0,1.0,8.0,Obruchevskoe,3000000
32,20.0,5.0,5.0,1964.0,1.0,5.0,Bogorodskoe,4800000
28,15.0,4.0,,,,,Tekstil'shhiki,4300000
43,28.0,4.0,4.0,1964.0,2.0,6.0,Babushkinskoe,3600000
54,,12.0,17.0,2014.0,1.0,1.0,Chertanovo Juzhnoe,4991820
43,39.0,2.0,1.0,2016.0,1.0,1.0,Mitino,6294780
34,19.0,5.0,16.0,1979.0,1.0,9.0,Taganskoe,8266000
45,28.0,5.0,9.0,1966.0,2.0,7.0,Levoberezhnoe,7850000
34,13.0,13.0,13.0,1976.0,1.0,6.0,Prospekt Vernadskogo,7100000
57,33.0,3.0,,,,,Strogino,4850000
37,17.0,2.0,14.0,2008.0,1.0,8.0,Juzhnoe Butovo,5200000
57,40.0,2.0,9.0,1959.0,3.0,6.0,Sokolinaja Gora,9900000
25,13.0,9.0,9.0,1978.0,1.0,6.0,Horoshevo-Mnevniki,2000000
38,38.0,15.0,17.0,0.0,1.0,1.0,Poselenie Vnukovskoe,5598652
54,37.0,4.0,,,,,Hamovniki,12900000
35,20.0,12.0,9.0,1969.0,1.0,9.0,Caricyno,5200000
55,37.0,2.0,5.0,1966.0,3.0,5.0,Caricyno,7800000
43,29.0,4.0,9.0,1965.0,2.0,5.0,Tekstil'shhiki,6250000
37,37.0,10.0,,,,,Tverskoe,6786000
37,19.0,6.0,17.0,2001.0,1.0,6.0,Hovrino,6500000
92,,4.0,,,,,Poselenie Moskovskij,6896958
89,48.0,9.0,18.0,2010.0,2.0,14.0,Begovoe,6800000
38,22.0,5.0,9.0,1962.0,2.0,7.0,Severnoe Izmajlovo,6000000
42,20.0,10.0,12.0,1976.0,1.0,8.0,Lianozovo,6400000
42,42.0,5.0,,,,,Poselenie Sosenskoe,3444000
62,62.0,21.0,24.0,0.0,2.0,0.0,Poselenie Vnukovskoe,7491155
76,45.0,16.0,17.0,1992.0,3.0,10.0,Mitino,10700000
79,79.0,7.0,17.0,0.0,3.0,14.0,Solncevo,6856978
74,49.0,2.0,5.0,1958.0,3.0,8.0,Shhukino,12600000
62,38.0,9.0,9.0,1973.0,3.0,8.0,Chertanovo Juzhnoe,5200000
90,62.0,3.0,14.0,2002.0,4.0,10.0,Ljublino,13800000
61,61.0,22.0,22.0,2015.0,2.0,1.0,Nagornoe,14511258
48,1.0,9.0,12.0,2014.0,1.0,1.0,Poselenie Sosenskoe,5948640
48,29.0,3.0,5.0,1960.0,2.0,5.0,Akademicheskoe,7000000
59,44.0,8.0,9.0,1969.0,3.0,5.0,Severnoe Tushino,8600000
45,29.0,3.0,9.0,1967.0,2.0,6.0,Kuz'minki,7000000
75,42.0,13.0,17.0,2013.0,3.0,11.0,Poselenie Vnukovskoe,5163960
33,33.0,12.0,25.0,2013.0,1.0,6.0,Poselenie Sosenskoe,2856000
146,97.0,13.0,,,,,Taganskoe,25000000
44,27.0,2.0,9.0,1976.0,2.0,6.0,Veshnjaki,2000000
54,29.0,2.0,14.0,2004.0,2.0,8.0,Staroe Krjukovo,2126000
38,37.0,2.0,17.0,2015.0,1.0,7.0,Nekrasovka,4033260
60,,24.0,25.0,,2.0,1.0,Poselenie Moskovskij,5450865
32,16.0,11.0,12.0,1972.0,1.0,7.0,Ramenki,6900000
33,18.0,8.0,9.0,1971.0,1.0,6.0,Beskudnikovskoe,5575000
30,17.0,1.0,5.0,1966.0,1.0,5.0,Fili Davydkovo,5700000
41,20.0,10.0,12.0,1979.0,1.0,8.0,Severnoe Tushino,7650000
39,22.0,5.0,14.0,1977.0,2.0,6.0,Otradnoe,7650000
32,16.0,1.0,9.0,1969.0,1.0,7.0,Chertanovo Severnoe,5200000
30,18.0,1.0,5.0,1962.0,1.0,5.0,Nizhegorodskoe,4440000
59,32.0,8.0,22.0,2000.0,2.0,10.0,Hovrino,3000000
58,30.0,4.0,9.0,2004.0,2.0,11.0,Kosino-Uhtomskoe,8500000
46,18.0,3.0,15.0,1971.0,1.0,8.0,Caricyno,3000000
48,31.0,3.0,15.0,1972.0,2.0,9.0,Marfino,7150000
43,28.0,1.0,5.0,1969.0,2.0,6.0,Poselenie Shherbinka,3950000
46,17.0,23.0,24.0,2004.0,1.0,9.0,Ljublino,6400000
38,18.0,6.0,17.0,2011.0,1.0,7.0,Ochakovo-Matveevskoe,4235000
56,39.0,2.0,5.0,1964.0,3.0,5.0,Izmajlovo,7800000
60,,16.0,20.0,,2.0,1.0,Poselenie Vnukovskoe,8078545
63,33.0,11.0,14.0,2007.0,2.0,12.0,Ochakovo-Matveevskoe,8550000
43,26.0,1.0,5.0,1958.0,2.0,6.0,Fili Davydkovo,7500000
40,,3.0,,,,,Nekrasovka,4112800
51,30.0,14.0,17.0,1990.0,2.0,8.0,Pechatniki,8500000
34,17.0,6.0,12.0,1969.0,1.0,10.0,Novogireevo,6250000
34,16.0,3.0,,,,,Tekstil'shhiki,5000000
75,40.0,4.0,21.0,2014.0,2.0,11.0,Ramenki,11136250
54,32.0,13.0,17.0,1990.0,2.0,9.0,Mar'ino,2000000
55,55.0,14.0,17.0,2017.0,2.0,12.0,Filevskij Park,11382878
50,22.0,15.0,17.0,2001.0,1.0,13.0,Kurkino,11500000
54,32.0,11.0,17.0,2012.0,2.0,8.0,Nekrasovka,5414200
57,33.0,16.0,17.0,1983.0,2.0,10.0,Otradnoe,10850000
54,32.0,10.0,16.0,1977.0,2.0,9.0,Lianozovo,8750000
39,23.0,3.0,14.0,1969.0,2.0,6.0,Severnoe Medvedkovo,7600000
63,43.0,2.0,12.0,1972.0,3.0,7.0,Akademicheskoe,10000000
60,,7.0,20.0,0.0,2.0,1.0,Poselenie Vnukovskoe,8000000
74,46.0,1.0,17.0,1985.0,3.0,10.0,Krylatskoe,13150000
65,35.0,1.0,1.0,2014.0,1.0,1.0,Poselenie Krasnopahorskoe,3846149
60,33.0,16.0,17.0,2008.0,2.0,12.0,Poselenie Moskovskij,8100000
61,36.0,3.0,0.0,0.0,2.0,0.0,Poselenie Sosenskoe,7284195
87,87.0,5.0,9.0,2014.0,3.0,1.0,Krjukovo,8642700
48,48.0,5.0,16.0,2015.0,1.0,0.0,Poselenie Moskovskij,6398297
76,41.0,8.0,16.0,2006.0,2.0,11.0,Mozhajskoe,15500000
38,20.0,12.0,,,,,Juzhnoe Butovo,3000000
53,32.0,16.0,17.0,1994.0,2.0,9.0,Donskoe,10750000
38,21.0,3.0,12.0,1968.0,1.0,7.0,Preobrazhenskoe,6450000
35,19.0,3.0,12.0,1968.0,1.0,9.0,Nagatinskij Zaton,7600000
60,42.0,6.0,9.0,1967.0,3.0,6.0,Kon'kovo,10000000
36,19.0,6.0,12.0,1971.0,1.0,10.0,Ochakovo-Matveevskoe,2500000
111,,2.0,10.0,2014.0,3.0,10.0,Troickij okrug,10672302
53,32.0,14.0,16.0,1975.0,2.0,9.0,Orehovo-Borisovo Severnoe,8300000
40,,4.0,,,,,Nekrasovka,4160000
84,52.0,8.0,14.0,2005.0,3.0,10.0,Zapadnoe Degunino,1000000
61,37.0,5.0,9.0,1975.0,3.0,8.0,Vojkovskoe,11000000
39,19.0,17.0,17.0,1992.0,1.0,8.0,Mar'ino,6300000
76,38.0,9.0,30.0,2010.0,2.0,14.0,Zjuzino,14814988
42,24.0,4.0,8.0,1959.0,2.0,4.0,Juzhnoportovoe,8800000
45,28.0,12.0,14.0,1971.0,2.0,6.0,Novogireevo,6800000
30,20.0,1.0,9.0,1962.0,1.0,4.0,Sokolinaja Gora,5400000
38,19.0,4.0,,,,,Dmitrovskoe,5700000
47,1.0,8.0,1.0,2016.0,1.0,1.0,Filevskij Park,9475779
66,37.0,2.0,5.0,1954.0,2.0,8.0,Kuncevo,9800000
35,14.0,1.0,17.0,1991.0,1.0,1.0,Novo-Peredelkino,5000000
35,18.0,1.0,5.0,1951.0,1.0,8.0,Juzhnoportovoe,9200000
54,36.0,1.0,,,,,Ivanovskoe,999000
41,17.0,2.0,17.0,2008.0,1.0,10.0,Poselenie Moskovskij,5700000
53,,3.0,0.0,0.0,2.0,1.0,Poselenie Novofedorovskoe,3175380
35,17.0,1.0,,,,,Bogorodskoe,5450000
38,19.0,2.0,16.0,1985.0,1.0,9.0,Jaroslavskoe,6300000
24,12.0,4.0,9.0,1977.0,1.0,5.0,Golovinskoe,3000000
51,30.0,14.0,14.0,2002.0,2.0,9.0,Mar'ino,2000000
57,57.0,4.0,0.0,0.0,2.0,0.0,Zapadnoe Degunino,6786799
65,43.0,12.0,12.0,1972.0,3.0,7.0,Akademicheskoe,10400000
76,45.0,9.0,16.0,1982.0,3.0,10.0,Nagatinskij Zaton,11600000
82,48.0,6.0,17.0,2015.0,3.0,1.0,Poselenie Voskresenskoe,9007230
30,18.0,2.0,5.0,1963.0,1.0,4.0,Tekstil'shhiki,5200000
63,,16.0,,,,,Nekrasovka,5350326
41,41.0,10.0,1.0,2014.0,1.0,1.0,Pokrovskoe Streshnevo,9318400
40,20.0,5.0,14.0,1985.0,1.0,8.0,Orehovo-Borisovo Severnoe,6500000
34,18.0,2.0,16.0,1988.0,1.0,9.0,Koptevo,6100000
85,52.0,4.0,24.0,2005.0,3.0,9.0,Severnoe Butovo,9600000
63,44.0,7.0,12.0,1979.0,3.0,6.0,Strogino,11550000
75,75.0,7.0,21.0,2017.0,2.0,1.0,Ramenki,12547940
80,,13.0,,,,,Izmajlovo,13971328
42,29.0,1.0,5.0,1961.0,2.0,4.0,Levoberezhnoe,4800000
59,,3.0,,,,,Poselenie Sosenskoe,4600320
82,55.0,3.0,5.0,1937.0,3.0,11.0,Juzhnoportovoe,11200000
39,23.0,2.0,14.0,1966.0,2.0,5.0,Severnoe Izmajlovo,7200000
31,18.0,2.0,5.0,1967.0,1.0,5.0,Losinoostrovskoe,4700000
56,42.0,2.0,5.0,1960.0,3.0,5.0,Timirjazevskoe,8700000
34,20.0,7.0,9.0,1972.0,1.0,6.0,Chertanovo Juzhnoe,5700000
32,18.0,9.0,9.0,1970.0,1.0,6.0,Ivanovskoe,5200000
62,31.0,12.0,22.0,2013.0,2.0,11.0,Birjulevo Vostochnoe,5790000
102,,3.0,17.0,,3.0,1.0,Poselenie Sosenskoe,8286072
67,46.0,7.0,14.0,1982.0,3.0,8.0,Butyrskoe,10800000
21,13.0,8.0,9.0,1975.0,1.0,3.0,Mozhajskoe,4400000
63,36.0,14.0,15.0,2013.0,2.0,1.0,Poselenie Voskresenskoe,6329375
62,38.0,6.0,9.0,1971.0,3.0,8.0,Ljublino,2000000
50,30.0,10.0,17.0,1985.0,2.0,8.0,Brateevo,8200000
53,30.0,12.0,12.0,1975.0,2.0,8.0,Ivanovskoe,8600000
43,19.0,10.0,12.0,1975.0,1.0,12.0,Ajeroport,8000000
41,17.0,20.0,22.0,1984.0,1.0,10.0,Jasenevo,8800000
37,,16.0,17.0,2013.0,1.0,1.0,Tekstil'shhiki,4138020
37,16.0,8.0,12.0,20052009.0,1.0,9.0,Cheremushki,9000000
40,40.0,4.0,17.0,2015.0,1.0,10.0,Poselenie Shherbinka,3399371
48,,12.0,16.0,2015.0,1.0,1.0,Poselenie Vnukovskoe,6494997
62,39.0,4.0,9.0,1973.0,3.0,8.0,Juzhnoe Tushino,8400000
54,27.0,5.0,5.0,1989.0,2.0,8.0,Troickij okrug,5000000
38,23.0,3.0,9.0,1964.0,2.0,7.0,Juzhnoe Medvedkovo,6000000
63,63.0,6.0,17.0,0.0,2.0,1.0,Poselenie Vnukovskoe,7251422
59,34.0,9.0,14.0,1995.0,2.0,10.0,Mar'ino,11650000
44,29.0,3.0,5.0,1962.0,3.0,5.0,Ostankinskoe,8800000
59,43.0,3.0,5.0,1961.0,3.0,5.0,Gol'janovo,7600000
30,19.0,1.0,5.0,1959.0,1.0,6.0,Ostankinskoe,5700000
76,,3.0,,,,,Poselenie Shherbinka,5215415
36,36.0,11.0,14.0,1992.0,1.0,7.0,Krjukovo,5100000
36,21.0,6.0,9.0,1978.0,1.0,6.0,Bibirevo,5950000
79,51.0,7.0,17.0,2012.0,3.0,10.0,Poselenie Vnukovskoe,3654400
61,,20.0,25.0,2015.0,2.0,0.0,Mitino,9805259
63,43.0,4.0,9.0,1978.0,3.0,6.0,Jasenevo,9100000
38,19.0,7.0,17.0,1997.0,1.0,8.0,Donskoe,6800000
135,,3.0,3.0,,4.0,1.0,Troickij okrug,12080087
45,27.0,5.0,9.0,1971.0,2.0,6.0,Veshnjaki,7650000
53,28.0,7.0,16.0,1979.0,2.0,11.0,Kon'kovo,9200000
44,30.0,4.0,5.0,1960.0,2.0,5.0,Danilovskoe,6800000
77,52.0,5.0,5.0,1957.0,3.0,9.0,Akademicheskoe,12750000
63,36.0,8.0,,,,,Poselenie Voskresenskoe,5835375
47,30.0,8.0,12.0,1979.0,2.0,6.0,Vnukovo,1100000
57,31.0,10.0,14.0,1977.0,2.0,7.0,Lefortovo,12000000
68,47.0,10.0,16.0,1978.0,3.0,7.0,Rjazanskij,2000000
52,30.0,3.0,14.0,1989.0,2.0,8.0,Krjukovo,6550000
79,41.0,8.0,0.0,0.0,3.0,0.0,Poselenie Voskresenskoe,8136480
74,45.0,2.0,17.0,1986.0,3.0,10.0,Zjablikovo,11200000
41,27.0,4.0,5.0,1966.0,2.0,5.0,Novogireevo,6500000
33,33.0,8.0,25.0,2013.0,1.0,6.0,Poselenie Sosenskoe,2856000
33,17.0,1.0,10.0,1980.0,1.0,7.0,Poselenie Shherbinka,4200000
31,30.0,3.0,3.0,2016.0,1.0,1.0,Horoshevskoe,4983300
91,62.0,1.0,17.0,1979.0,4.0,10.0,Kon'kovo,16000000
46,29.0,2.0,14.0,1970.0,2.0,6.0,Jaroslavskoe,6850000
41,25.0,4.0,4.0,1963.0,2.0,5.0,Novo-Peredelkino,4500000
37,23.0,1.0,14.0,1970.0,2.0,5.0,Severnoe Medvedkovo,6250000
38,19.0,11.0,16.0,1982.0,1.0,9.0,Otradnoe,6650000
46,29.0,4.0,9.0,1972.0,2.0,6.0,Veshnjaki,6350000
40,23.0,6.0,17.0,2013.0,1.0,9.0,Poselenie Shherbinka,3180200
60,29.0,3.0,3.0,2013.0,2.0,14.0,Poselenie Desjonovskoe,7440750
38,19.0,12.0,17.0,1994.0,1.0,8.0,Mitino,7200000
38,38.0,8.0,17.0,2016.0,1.0,0.0,Poselenie Vnukovskoe,5458589
85,53.0,12.0,14.0,2004.0,3.0,13.0,Krjukovo,12500000
86,67.0,1.0,9.0,1971.0,5.0,5.0,Chertanovo Juzhnoe,10200000
42,20.0,10.0,12.0,1981.0,1.0,8.0,Filevskij Park,1200000
64,64.0,14.0,17.0,2014.0,2.0,12.0,Nekrasovka,5959680
37,19.0,14.0,16.0,1978.0,1.0,8.0,Mar'ina Roshha,8550000
47,30.0,6.0,12.0,1975.0,2.0,6.0,Bibirevo,7500000
50,31.0,15.0,16.0,1987.0,2.0,7.0,Cheremushki,14500000
52,24.0,8.0,,,,,Tverskoe,3400000
78,44.0,10.0,22.0,1998.0,3.0,9.0,Juzhnoe Tushino,12500000
73,,7.0,20.0,2014.0,2.0,1.0,Poselenie Sosenskoe,6330830
39,18.0,10.0,17.0,2013.0,1.0,9.0,Nekrasovka,4649400
79,,2.0,0.0,0.0,2.0,1.0,Poselenie Vnukovskoe,7459537
37,15.0,4.0,21.0,2013.0,1.0,10.0,Birjulevo Vostochnoe,4845136
57,33.0,12.0,22.0,1994.0,2.0,10.0,Mar'ino,10400000
55,34.0,6.0,,,,,Tverskoe,17000000
38,19.0,16.0,16.0,1979.0,1.0,9.0,Jaroslavskoe,5700000
51,30.0,10.0,17.0,1984.0,2.0,8.0,Severnoe Medvedkovo,8800000
53,30.0,11.0,12.0,1990.0,2.0,8.0,Nagatino-Sadovniki,5000000
38,19.0,4.0,17.0,2006.0,1.0,7.0,Kosino-Uhtomskoe,5050000
105,69.0,1.0,5.0,1958.0,4.0,8.0,Shhukino,11200000
54,31.0,10.0,20.0,2008.0,2.0,11.0,Dmitrovskoe,8800000
64,60.0,13.0,17.0,2015.0,2.0,10.0,Nekrasovka,6124096
75,40.0,16.0,17.0,1972.0,3.0,7.0,Ochakovo-Matveevskoe,13500000
51,51.0,4.0,5.0,0.0,1.0,0.0,Poselenie Pervomajskoe,3843750
33,17.0,1.0,14.0,1975.0,1.0,7.0,Pokrovskoe Streshnevo,6800000
46,,16.0,24.0,,1.0,0.0,Poselenie Vnukovskoe,5896770
42,18.0,13.0,23.0,2005.0,1.0,10.0,Rjazanskij,7800000
58,58.0,2.0,0.0,0.0,2.0,0.0,Severnoe Tushino,10921680
39,,1.0,4.0,,1.0,1.0,Poselenie Filimonkovskoe,2553615
39,37.0,8.0,17.0,2013.0,1.0,1.0,Nekrasovka,4061390
52,51.0,14.0,17.0,2013.0,2.0,1.0,Nekrasovka,5073100
38,19.0,9.0,22.0,1989.0,1.0,10.0,Ljublino,7500000
123,,1.0,17.0,,3.0,1.0,Poselenie Vnukovskoe,11013968
29,,5.0,17.0,2014.0,1.0,1.0,Tverskoe,2199436
54,27.0,5.0,16.0,1988.0,2.0,10.0,Hamovniki,14700000
63,39.0,8.0,9.0,1971.0,3.0,8.0,Veshnjaki,8500000
44,29.0,5.0,5.0,1960.0,2.0,5.0,Sokolinaja Gora,5900000
53,32.0,10.0,14.0,1994.0,2.0,9.0,Mitino,9400000
42,23.0,8.0,14.0,1969.0,2.0,6.0,Juzhnoe Medvedkovo,8500000
68,40.0,5.0,9.0,1953.0,2.0,8.0,Zamoskvorech'e,18000000
28,15.0,4.0,5.0,1965.0,1.0,5.0,Savelovskoe,6460000
45,28.0,10.0,12.0,1967.0,2.0,5.0,Zapadnoe Degunino,6000000
43,21.0,1.0,16.0,2001.0,1.0,8.0,Tekstil'shhiki,6500000
37,37.0,6.0,17.0,1998.0,1.0,8.0,Zapadnoe Degunino,5600000
60,30.0,3.0,,,,,Poselenie Voskresenskoe,5322200
56,34.0,9.0,9.0,1967.0,3.0,5.0,Lomonosovskoe,12000000
40,21.0,7.0,10.0,1993.0,1.0,8.0,Vyhino-Zhulebino,5000000
76,40.0,4.0,15.0,2012.0,2.0,13.0,Birjulevo Vostochnoe,6384000
71,42.0,8.0,17.0,2011.0,3.0,11.0,Poselenie Vnukovskoe,4100000
79,79.0,6.0,17.0,2013.0,3.0,10.0,Tverskoe,6175472
41,26.0,5.0,5.0,1964.0,2.0,5.0,Metrogorodok,6000000
41,17.0,2.0,22.0,2010.0,1.0,10.0,Levoberezhnoe,3000000
65,29.0,5.0,1.0,2014.0,2.0,1.0,Nagornoe,6435180
54,54.0,3.0,3.0,0.0,2.0,1.0,Poselenie Desjonovskoe,5237220
45,30.0,5.0,5.0,1962.0,2.0,5.0,Koptevo,6500000
85,,5.0,1.0,,2.0,1.0,Krjukovo,8464500
37,18.0,3.0,17.0,2012.0,1.0,9.0,Poselenie Moskovskij,3861200
43,27.0,1.0,5.0,1968.0,2.0,5.0,Vostochnoe Degunino,6200000
42,28.0,9.0,9.0,1970.0,2.0,5.0,Sviblovo,2000000
40,,12.0,1.0,1.0,1.0,1.0,Poselenie Shherbinka,3848860
29,18.0,2.0,5.0,1960.0,1.0,5.0,Koptevo,5500000
51,30.0,12.0,17.0,1998.0,2.0,8.0,Zapadnoe Degunino,8100000
51,30.0,4.0,17.0,2013.0,2.0,9.0,Nekrasovka,6475000
46,29.0,7.0,12.0,1.0,2.0,6.0,Otradnoe,7600000
64,45.0,12.0,24.0,2017.0,2.0,13.0,Nagatinskij Zaton,9843123
64,40.0,6.0,10.0,2009.0,3.0,11.0,Krjukovo,1000000
49,29.0,5.0,5.0,1961.0,2.0,8.0,Ajeroport,8400000
38,23.0,12.0,12.0,1968.0,2.0,6.0,Vyhino-Zhulebino,5500000
52,30.0,11.0,17.0,2011.0,2.0,9.0,Poselenie Moskovskij,7200000
57,33.0,77.0,22.0,1986.0,2.0,10.0,Lomonosovskoe,13700000
38,19.0,14.0,14.0,2008.0,1.0,7.0,Vostochnoe Degunino,5650000
39,,20.0,1.0,2015.0,1.0,1.0,Nagornoe,10214398
32,19.0,1.0,9.0,1976.0,1.0,6.0,Cheremushki,6100000
49,1.0,15.0,17.0,2014.0,1.0,1.0,Poselenie Moskovskij,5899672
84,47.0,4.0,16.0,2003.0,2.0,13.0,Hovrino,15000000
1,1.0,1.0,1.0,1.0,1.0,1.0,Poselenie Moskovskij,5510645
74,,4.0,17.0,,3.0,1.0,Nekrasovka,7419500
47,30.0,3.0,12.0,1981.0,2.0,6.0,Ljublino,7200000
61,61.0,16.0,17.0,0.0,2.0,0.0,Solncevo,5340905
45,29.0,4.0,12.0,1979.0,2.0,6.0,Birjulevo Vostochnoe,6100000
29,10.0,1.0,4.0,2015.0,1.0,6.0,Poselenie Filimonkovskoe,1973210
34,19.0,16.0,16.0,1979.0,1.0,9.0,Nagatinskij Zaton,7950000
37,22.0,6.0,9.0,1965.0,2.0,7.0,Kapotnja,4900000
37,19.0,17.0,22.0,1986.0,1.0,9.0,Strogino,1000000
80,44.0,22.0,22.0,1995.0,3.0,9.0,Altuf'evskoe,11800000
58,31.0,2.0,25.0,2013.0,2.0,13.0,Golovinskoe,9300000
32,20.0,4.0,9.0,1963.0,1.0,5.0,Cheremushki,6550000
26,14.0,1.0,9.0,1972.0,1.0,6.0,Veshnjaki,1000000
42,28.0,8.0,9.0,1968.0,2.0,5.0,Mozhajskoe,1400000
37,18.0,1.0,14.0,1995.0,1.0,8.0,Novokosino,6350000
35,19.0,11.0,16.0,1981.0,1.0,9.0,Chertanovo Juzhnoe,5650000
75,40.0,12.0,12.0,2002.0,3.0,11.0,Severnoe Butovo,13000000
31,18.0,4.0,5.0,1961.0,1.0,5.0,Vostochnoe Izmajlovo,5030000
65,33.0,16.0,17.0,1998.0,2.0,12.0,Ramenki,17300000
60,45.0,13.0,25.0,2015.0,2.0,8.0,Nekrasovka,6709500
40,25.0,1.0,5.0,1963.0,2.0,5.0,Novogireevo,5570000
97,97.0,13.0,15.0,2015.0,4.0,10.0,Poselenie Sosenskoe,11209031
62,42.0,4.0,12.0,1980.0,3.0,6.0,Butyrskoe,11300000
42,18.0,7.0,14.0,2005.0,1.0,8.0,Lianozovo,6600000
79,45.0,5.0,17.0,2006.0,3.0,12.0,Poselenie Vnukovskoe,6000000
43,30.0,2.0,5.0,1963.0,2.0,5.0,Fili Davydkovo,6600000
80,77.0,3.0,12.0,2013.0,3.0,1.0,Mitino,11795037
38,20.0,16.0,22.0,1988.0,1.0,10.0,Mar'ino,6500000
59,30.0,2.0,16.0,2014.0,2.0,10.0,Birjulevo Vostochnoe,5000000
37,19.0,3.0,14.0,2006.0,1.0,1.0,Kosino-Uhtomskoe,5700000
49,33.0,7.0,9.0,1976.0,3.0,5.0,Gol'janovo,7600000
59,38.0,6.0,9.0,1976.0,3.0,6.0,Jasenevo,5400000
64,38.0,10.0,12.0,1977.0,3.0,8.0,Bogorodskoe,11800000
33,19.0,4.0,9.0,1968.0,1.0,7.0,Ochakovo-Matveevskoe,5800000
51,30.0,2.0,14.0,1995.0,2.0,8.0,Novokosino,7700000
54,30.0,13.0,14.0,1990.0,2.0,8.0,Krjukovo,5500000
52,52.0,13.0,,,,,Poselenie Vnukovskoe,4288566
55,55.0,11.0,17.0,2016.0,2.0,10.0,Poselenie Desjonovskoe,5406662
59,34.0,10.0,17.0,1994.0,2.0,10.0,Mar'ino,9300000
44,28.0,5.0,5.0,1961.0,2.0,5.0,Golovinskoe,5900000
39,15.0,10.0,,,,,Poselenie Voskresenskoe,3362876
50,29.0,9.0,12.0,1975.0,2.0,10.0,Taganskoe,10500000
57,29.0,5.0,17.0,2011.0,2.0,8.0,Poselenie Vnukovskoe,3200000
48,31.0,5.0,12.0,1970.0,2.0,8.0,Golovinskoe,7480000
54,30.0,5.0,16.0,1974.0,2.0,8.0,Golovinskoe,8600000
43,27.0,6.0,9.0,1970.0,2.0,5.0,Severnoe Medvedkovo,7100000
61,61.0,5.0,1.0,2014.0,2.0,1.0,Poselenie Sosenskoe,6797352
43,,17.0,22.0,2015.0,1.0,1.0,Tverskoe,5960466
42,20.0,5.0,12.0,1977.0,1.0,8.0,Ivanovskoe,5100000
85,52.0,12.0,14.0,2003.0,3.0,10.0,Novo-Peredelkino,10500000
58,,15.0,,,,,Nekrasovka,5589799
55,30.0,14.0,17.0,2013.0,2.0,10.0,Poselenie Moskovskij,4547708
85,53.0,2.0,14.0,1994.0,4.0,8.0,Otradnoe,13800000
56,37.0,5.0,5.0,1964.0,3.0,5.0,Zjuzino,8300000
36,17.0,6.0,9.0,1965.0,1.0,9.0,Fili Davydkovo,3000000
55,,4.0,17.0,2016.0,2.0,9.0,Poselenie Desjonovskoe,4838066
35,19.0,10.0,14.0,1974.0,1.0,9.0,Vyhino-Zhulebino,5400000
33,18.0,2.0,,,,,Kuncevo,6100000
38,20.0,5.0,,,,,Kapotnja,1000000
73,44.0,3.0,17.0,1996.0,3.0,10.0,Juzhnoe Butovo,7200000
54,32.0,6.0,17.0,1996.0,2.0,9.0,Mitino,8450000
45,29.0,2.0,5.0,1964.0,2.0,5.0,Nagatinskij Zaton,7500000
56,31.0,9.0,22.0,2005.0,2.0,11.0,Beskudnikovskoe,10500000
39,20.0,16.0,22.0,1996.0,1.0,10.0,Mar'ino,7100000
68,40.0,6.0,6.0,1927.0,2.0,6.0,Danilovskoe,13000000
58,32.0,3.0,17.0,1995.0,2.0,10.0,Gol'janovo,9200000
49,30.0,1.0,5.0,1954.0,2.0,7.0,Mozhajskoe,1000000
32,19.0,9.0,,,,,Kuz'minki,5650000
39,22.0,6.0,12.0,1966.0,2.0,7.0,Butyrskoe,8400000
43,21.0,4.0,9.0,1996.0,1.0,8.0,Vyhino-Zhulebino,7300000
33,20.0,4.0,5.0,1963.0,1.0,5.0,Zjuzino,5300000
64,60.0,16.0,17.0,2014.0,2.0,1.0,Nekrasovka,6592000
42,,20.0,24.0,2015.0,1.0,1.0,Poselenie Vnukovskoe,5424684
41,20.0,12.0,12.0,1982.0,1.0,8.0,Bibirevo,5000000
35,20.0,7.0,12.0,1967.0,1.0,9.0,Izmajlovo,6200000
59,41.0,9.0,9.0,1969.0,3.0,6.0,Gol'janovo,7000000
148,148.0,17.0,17.0,2014.0,5.0,1.0,Chertanovo Central'noe,31970500
95,51.0,21.0,21.0,2013.0,3.0,14.0,Poselenie Moskovskij,8253106
31,15.0,1.0,9.0,1962.0,1.0,9.0,Nizhegorodskoe,5200000
75,46.0,7.0,17.0,1993.0,3.0,10.0,Troparevo-Nikulino,13200000
76,46.0,16.0,16.0,1978.0,3.0,10.0,Jasenevo,10830000
78,38.0,12.0,30.0,2012.0,2.0,12.0,Bogorodskoe,7074000
38,18.0,3.0,17.0,1985.0,1.0,8.0,Meshhanskoe,9600000
53,,11.0,17.0,2014.0,1.0,1.0,Izmajlovo,11316894
46,31.0,1.0,9.0,1968.0,2.0,6.0,Novogireevo,6000000
73,36.0,5.0,16.0,2001.0,2.0,11.0,Kon'kovo,15500000
52,33.0,3.0,9.0,1970.0,3.0,5.0,Ochakovo-Matveevskoe,3000000
36,20.0,10.0,12.0,1967.0,1.0,9.0,Novogireevo,6100000
123,77.0,20.0,21.0,2016.0,4.0,10.0,Levoberezhnoe,18639570
51,30.0,11.0,12.0,1975.0,2.0,9.0,Rjazanskij,7500000
47,30.0,2.0,9.0,1969.0,2.0,6.0,Caricyno,3000000
42,26.0,9.0,9.0,1965.0,2.0,5.0,Filevskij Park,8000000
90,66.0,5.0,5.0,1928.0,4.0,7.0,Tverskoe,32500000
65,44.0,4.0,12.0,1966.0,3.0,9.0,Sokol'niki,14500000
70,70.0,8.0,8.0,2015.0,2.0,1.0,Poselenie Vnukovskoe,8853717
43,27.0,2.0,2.0,1952.0,2.0,5.0,Poselenie Shherbinka,2000000
48,44.0,7.0,9.0,2014.0,1.0,1.0,Zapadnoe Degunino,3411777
37,19.0,6.0,16.0,1990.0,1.0,9.0,Juzhnoe Medvedkovo,7200000
37,18.0,8.0,17.0,1994.0,1.0,8.0,Otradnoe,7000000
29,,2.0,10.0,o,1.0,1.0,Poselenie Filimonkovskoe,2205352
51,30.0,11.0,17.0,2003.0,2.0,9.0,Moskvorech'e-Saburovo,8850000
60,60.0,23.0,,,,,Poselenie Moskovskij,5436451
54,32.0,7.0,17.0,1987.0,2.0,9.0,Zjablikovo,7000000
77,46.0,13.0,23.0,2001.0,3.0,10.0,Horoshevo-Mnevniki,15550000
61,,17.0,,,,,Nekrasovka,5523956
51,26.0,5.0,23.0,2008.0,2.0,6.0,Ramenki,10000000
50,30.0,2.0,17.0,1985.0,2.0,8.0,Ramenki,11300000
51,30.0,7.0,17.0,2005.0,2.0,9.0,Severnoe Izmajlovo,2000000
117,102.0,14.0,40.0,2009.0,1.0,6.0,Tverskoe,18500000
84,45.0,10.0,17.0,2011.0,3.0,9.0,Nekrasovka,7500000
74,44.0,6.0,14.0,1994.0,3.0,10.0,Juzhnoe Butovo,9700000
93,93.0,22.0,23.0,2015.0,3.0,1.0,Mitino,12911295
57,40.0,6.0,8.0,1960.0,3.0,6.0,Danilovskoe,11000000
83,,6.0,0.0,,3.0,0.0,Poselenie Sosenskoe,7805210
98,63.0,4.0,10.0,2001.0,4.0,10.0,Vyhino-Zhulebino,14500000
42,26.0,4.0,5.0,1962.0,2.0,5.0,Taganskoe,7000000
63,22.0,1.0,18.0,2006.0,1.0,18.0,Horoshevo-Mnevniki,17400000
60,,17.0,17.0,2014.0,2.0,1.0,Chertanovo Severnoe,10007250
41,22.0,8.0,14.0,1977.0,2.0,6.0,Mar'ina Roshha,3000000
60,44.0,8.0,9.0,1968.0,3.0,6.0,Severnoe Medvedkovo,8550000
32,18.0,5.0,9.0,1974.0,1.0,6.0,Ljublino,5000000
45,28.0,5.0,9.0,1980.0,2.0,6.0,Losinoostrovskoe,6500000
34,19.0,1.0,12.0,1974.0,1.0,9.0,Nagornoe,5500000
79,,17.0,,,,,Nekrasovka,6606864
56,34.0,5.0,5.0,1958.0,2.0,7.0,Butyrskoe,7600000
41,25.0,4.0,5.0,1971.0,2.0,5.0,Chertanovo Juzhnoe,7000000
51,51.0,7.0,17.0,,2.0,9.0,Poselenie Vnukovskoe,6112158
38,18.0,2.0,17.0,1992.0,1.0,8.0,Severnoe Butovo,6100000
38,18.0,6.0,16.0,2007.0,1.0,8.0,Kosino-Uhtomskoe,6150000
63,41.0,4.0,6.0,1928.0,3.0,8.0,Hamovniki,15325000
53,31.0,14.0,,,,,Nagatinskij Zaton,9300000
65,46.0,5.0,9.0,1976.0,4.0,6.0,Cheremushki,12650000
42,42.0,1.0,,,,,Poselenie Filimonkovskoe,2864850
39,23.0,9.0,9.0,1970.0,2.0,5.0,Butyrskoe,6850000
51,,4.0,4.0,2014.0,2.0,1.0,Poselenie Filimonkovskoe,3113365
37,,2.0,12.0,2015.0,1.0,1.0,Poselenie Filimonkovskoe,2896143
65,44.0,11.0,12.0,1967.0,3.0,9.0,Metrogorodok,10400000
45,30.0,1.0,5.0,1963.0,2.0,5.0,Perovo,5700000
55,30.0,3.0,14.0,1998.0,2.0,8.0,Sviblovo,13000000
43,27.0,1.0,9.0,1976.0,2.0,5.0,Birjulevo Vostochnoe,1000000
62,62.0,11.0,20.0,1.0,2.0,1.0,Poselenie Vnukovskoe,6814110
44,28.0,1.0,5.0,1959.0,2.0,6.0,Horoshevo-Mnevniki,6700000
32,21.0,1.0,9.0,1963.0,1.0,5.0,Severnoe Izmajlovo,990000
57,57.0,11.0,11.0,,2.0,1.0,Krjukovo,6037500
42,1.0,10.0,25.0,2014.0,1.0,1.0,Tverskoe,5313000
54,31.0,11.0,16.0,1979.0,2.0,8.0,Severnoe Tushino,10500000
63,33.0,4.0,12.0,2004.0,2.0,12.0,Kosino-Uhtomskoe,8700000
63,34.0,4.0,17.0,2000.0,2.0,12.0,Sviblovo,11000000
45,27.0,3.0,9.0,1971.0,2.0,6.0,Veshnjaki,5900000
40,25.0,4.0,5.0,1964.0,2.0,5.0,Ochakovo-Matveevskoe,6500000
160,94.0,12.0,16.0,2001.0,4.0,17.0,Obruchevskoe,55000000
104,,8.0,1.0,2015.0,3.0,1.0,Poselenie Sosenskoe,7697340
43,43.0,4.0,24.0,2014.0,1.0,1.0,Presnenskoe,12855217
106,79.0,26.0,37.0,2009.0,1.0,17.0,Izmajlovo,9500000
54,28.0,11.0,14.0,1997.0,2.0,11.0,Tekstil'shhiki,8700000
53,29.0,1.0,9.0,2000.0,2.0,8.0,Juzhnoe Butovo,6300000
26,13.0,3.0,9.0,1968.0,1.0,6.0,Juzhnoe Tushino,5350000
84,85.0,5.0,0.0,0.0,3.0,11.0,Poselenie Sosenskoe,8762000
58,32.0,10.0,17.0,1998.0,2.0,10.0,Mar'ino,8600000
74,1.0,1.0,9.0,2015.0,2.0,1.0,Poselenie Pervomajskoe,4959328
43,27.0,5.0,5.0,1966.0,2.0,5.0,Nagatinskij Zaton,6600000
32,18.0,1.0,9.0,1970.0,1.0,6.0,Matushkino,4150000
134,76.0,10.0,20.0,2009.0,4.0,16.0,Ramenki,24000000
30,18.0,6.0,9.0,1967.0,1.0,5.0,Gol'janovo,4900000
58,33.0,19.0,22.0,1996.0,2.0,10.0,Perovo,8500000
28,26.0,10.0,17.0,2014.0,1.0,0.0,Poselenie Filimonkovskoe,2170303
31,31.0,1.0,14.0,2014.0,1.0,1.0,Poselenie Voskresenskoe,3816340
73,51.0,2.0,,,,,Krasnosel'skoe,13030000
62,62.0,5.0,17.0,0.0,2.0,1.0,Poselenie Vnukovskoe,7036806
30,19.0,4.0,5.0,1962.0,1.0,5.0,Kuz'minki,4600000
45,28.0,14.0,14.0,1970.0,2.0,5.0,Vyhino-Zhulebino,5800000
37,19.0,6.0,10.0,2004.0,1.0,7.0,Kosino-Uhtomskoe,5700000
17,13.0,2.0,5.0,1962.0,1.0,2.0,Bogorodskoe,3750000
46,28.0,5.0,14.0,1972.0,2.0,5.0,Zamoskvorech'e,7250000
41,26.0,3.0,5.0,1962.0,2.0,5.0,Bogorodskoe,6400000
79,49.0,1.0,22.0,1991.0,3.0,9.0,Silino,2000000
83,,3.0,12.0,,3.0,10.0,Poselenie Sosenskoe,8632964
65,64.0,7.0,9.0,2015.0,3.0,1.0,Poselenie Filimonkovskoe,4446269
37,19.0,3.0,16.0,1981.0,1.0,8.0,Mar'ino,6300000
38,23.0,5.0,5.0,1957.0,1.0,6.0,Izmajlovo,5500000
59,,12.0,,,,,Poselenie Sosenskoe,4566100
64,1.0,12.0,17.0,1.0,2.0,1.0,Poselenie Vnukovskoe,7289472
58,32.0,12.0,17.0,1997.0,2.0,10.0,Fili Davydkovo,11800000
39,20.0,2.0,12.0,1980.0,1.0,8.0,Strogino,7500000
78,44.0,1.0,5.0,2005.0,3.0,11.0,Kurkino,13200000
71,42.0,3.0,3.0,2017.0,3.0,13.0,Poselenie Novofedorovskoe,3624480
82,82.0,25.0,25.0,2015.0,3.0,10.0,Mitino,11406967
53,30.0,9.0,14.0,1986.0,2.0,8.0,Zjablikovo,9000000
69,39.0,6.0,16.0,1984.0,3.0,9.0,Severnoe Medvedkovo,10600000
51,51.0,3.0,17.0,0.0,2.0,0.0,Poselenie Vnukovskoe,5612655
45,28.0,3.0,5.0,1969.0,2.0,5.0,Troickij okrug,4400000
60,30.0,16.0,1.0,2015.0,2.0,1.0,Poselenie Voskresenskoe,6570520
41,21.0,6.0,14.0,1984.0,1.0,8.0,Orehovo-Borisovo Severnoe,999000
82,76.0,4.0,23.0,2013.0,2.0,1.0,Mitino,11904808
32,18.0,3.0,12.0,1971.0,1.0,6.0,Chertanovo Juzhnoe,5200000
44,29.0,6.0,9.0,1969.0,2.0,6.0,Ivanovskoe,7200000
76,47.0,10.0,12.0,2006.0,3.0,10.0,Kuncevo,14600000
32,17.0,1.0,9.0,1969.0,1.0,7.0,Chertanovo Severnoe,4850000
82,82.0,8.0,8.0,2017.0,2.0,1.0,Poselenie Sosenskoe,6125400
52,30.0,2.0,12.0,1983.0,2.0,8.0,Birjulevo Vostochnoe,7330000
62,62.0,2.0,17.0,2014.0,2.0,10.0,Poselenie Vnukovskoe,6368080
39,39.0,4.0,17.0,0.0,1.0,1.0,Solncevo,4583565
79,43.0,13.0,14.0,2008.0,3.0,11.0,Beskudnikovskoe,13900000
41,21.0,11.0,14.0,2002.0,1.0,21.0,Savelki,1100000
45,16.0,15.0,17.0,2015.0,1.0,10.0,Levoberezhnoe,8308300
59,41.0,4.0,17.0,1971.0,3.0,6.0,Kon'kovo,9650000
59,34.0,9.0,16.0,1981.0,2.0,10.0,Mar'ino,2000000
44,27.0,1.0,9.0,1976.0,2.0,5.0,Gol'janovo,6450000
74,44.0,16.0,17.0,1998.0,3.0,10.0,Losinoostrovskoe,12300000
41,25.0,2.0,5.0,1959.0,2.0,6.0,Danilovskoe,6700000
38,38.0,8.0,8.0,2015.0,1.0,1.0,Poselenie Vnukovskoe,5371018
72,45.0,5.0,,,,,Strogino,6350000
55,30.0,6.0,7.0,2000.0,2.0,12.0,Juzhnoe Butovo,7850000
46,28.0,3.0,12.0,1981.0,2.0,6.0,Ljublino,7570000
43,26.0,4.0,5.0,1959.0,2.0,6.0,Presnenskoe,7900000
116,1.0,2.0,22.0,2013.0,1.0,1.0,Losinoostrovskoe,16658964
51,30.0,17.0,17.0,1987.0,2.0,8.0,Chertanovo Severnoe,8700000
47,29.0,1.0,12.0,1980.0,2.0,7.0,Poselenie Mosrentgen,5350000
63,42.0,1.0,9.0,1972.0,3.0,9.0,Vostochnoe Izmajlovo,8550000
40,20.0,3.0,14.0,1987.0,1.0,8.0,Tekstil'shhiki,6250000
31,21.0,2.0,9.0,1963.0,1.0,5.0,Presnenskoe,8000000
36,,10.0,17.0,,1.0,1.0,Poselenie Moskovskij,3903740
62,40.0,2.0,7.0,1957.0,3.0,7.0,Pokrovskoe Streshnevo,10900000
45,28.0,5.0,9.0,1971.0,2.0,6.0,Veshnjaki,6150000
50,35.0,2.0,9.0,1970.0,3.0,6.0,Ivanovskoe,7400000
42,20.0,9.0,14.0,1990.0,1.0,8.0,Krjukovo,4850000
38,19.0,9.0,17.0,2007.0,1.0,7.0,Beskudnikovskoe,6375000
34,20.0,5.0,9.0,1970.0,2.0,5.0,Gol'janovo,4500000
35,19.0,9.0,12.0,1970.0,1.0,9.0,Pechatniki,5700000
52,30.0,7.0,12.0,1981.0,2.0,8.0,Bibirevo,8300000
46,29.0,2.0,,,,,Hovrino,6600000
45,30.0,6.0,9.0,1974.0,2.0,5.0,Birjulevo Vostochnoe,6800000
42,26.0,5.0,5.0,1960.0,2.0,5.0,Horoshevskoe,6700000
102,,15.0,,,,,Poselenie Moskovskij,7682493
31,18.0,2.0,5.0,1964.0,1.0,5.0,Sokolinaja Gora,5600000
44,30.0,1.0,5.0,1960.0,2.0,5.0,Horoshevo-Mnevniki,1000000
53,53.0,4.0,6.0,0.0,1.0,0.0,Poselenie Pervomajskoe,3843750
46,,5.0,16.0,2014.0,1.0,1.0,Nekrasovka,4471700
24,12.0,3.0,5.0,1967.0,1.0,5.0,Preobrazhenskoe,5000000
32,18.0,3.0,9.0,1967.0,1.0,6.0,Severnoe Tushino,6100000
45,26.0,7.0,9.0,1977.0,2.0,6.0,Zjablikovo,7400000
32,21.0,8.0,9.0,1962.0,1.0,5.0,Juzhnoportovoe,7000000
59,43.0,8.0,9.0,1980.0,3.0,6.0,Mar'ino,2000000
38,23.0,8.0,9.0,1965.0,2.0,7.0,Mozhajskoe,6400000
83,49.0,7.0,17.0,2004.0,3.0,10.0,Mozhajskoe,14000000
49,29.0,5.0,5.0,1960.0,2.0,8.0,Horoshevskoe,3080000
50,30.0,19.0,14.0,1993.0,2.0,8.0,Mitino,9100000
63,46.0,6.0,9.0,1978.0,4.0,6.0,Jasenevo,8800000
35,21.0,5.0,9.0,1967.0,2.0,6.0,Ajeroport,7000000
38,19.0,4.0,17.0,2003.0,1.0,7.0,Vyhino-Zhulebino,7200000
43,28.0,4.0,5.0,1965.0,2.0,5.0,Ljublino,6150000
77,,2.0,17.0,2015.0,3.0,10.0,Poselenie Vnukovskoe,8263322
59,43.0,3.0,9.0,1971.0,3.0,5.0,Chertanovo Central'noe,8700000
63,,15.0,17.0,,2.0,1.0,Poselenie Vnukovskoe,6950542
84,54.0,8.0,12.0,1956.0,3.0,7.0,Sokolinaja Gora,2000000
63,,5.0,1.0,,2.0,1.0,Poselenie Voskresenskoe,5995440
65,65.0,20.0,20.0,0.0,2.0,1.0,Poselenie Filimonkovskoe,8503902
102,65.0,13.0,17.0,2013.0,3.0,18.0,Strogino,20145960
38,20.0,2.0,14.0,1990.0,1.0,8.0,Krjukovo,4500000
52,30.0,12.0,14.0,2007.0,2.0,9.0,Hovrino,8800000
33,20.0,6.0,9.0,1974.0,1.0,6.0,Otradnoe,6500000
53,30.0,3.0,12.0,1983.0,2.0,8.0,Ljublino,7400000
66,46.0,1.0,5.0,1960.0,3.0,8.0,Vostochnoe Izmajlovo,8200000
82,52.0,11.0,14.0,2008.0,3.0,11.0,Timirjazevskoe,10500000
36,18.0,10.0,16.0,1983.0,1.0,9.0,Nizhegorodskoe,7500000
62,36.0,8.0,9.0,1980.0,3.0,7.0,Severnoe Butovo,1000000
59,43.0,4.0,9.0,1969.0,3.0,6.0,Losinoostrovskoe,8700000
38,19.0,11.0,17.0,1987.0,1.0,8.0,Chertanovo Severnoe,2000000
42,,7.0,,,,,Poselenie Sosenskoe,3486000
41,26.0,2.0,8.0,1964.0,2.0,5.0,Bogorodskoe,7100000
35,19.0,10.0,12.0,1969.0,1.0,9.0,Sokolinaja Gora,6800000
84,49.0,1.0,3.0,2013.0,3.0,17.0,Poselenie Desjonovskoe,7990040
32,19.0,4.0,5.0,1961.0,1.0,5.0,Vostochnoe Izmajlovo,1500000
56,40.0,7.0,24.0,2016.0,2.0,7.0,Nagatinskij Zaton,11194600
76,76.0,12.0,12.0,2015.0,3.0,1.0,Nagornoe,14089884
52,,15.0,,,,,Zapadnoe Degunino,4864371
45,30.0,4.0,5.0,1960.0,2.0,5.0,Kuz'minki,6600000
60,44.0,2.0,9.0,1968.0,3.0,6.0,Kuncevo,10500000
53,31.0,7.0,17.0,1985.0,2.0,9.0,Krylatskoe,12700000
40,26.0,6.0,9.0,1966.0,2.0,5.0,Horoshevo-Mnevniki,7500000
74,44.0,16.0,22.0,1986.0,3.0,10.0,Jasenevo,13500000
73,47.0,10.0,16.0,1981.0,3.0,10.0,Obruchevskoe,13900000
75,45.0,8.0,17.0,1992.0,3.0,10.0,Mitino,11850000
84,,17.0,,,,,Nekrasovka,6218100
51,30.0,11.0,17.0,1984.0,2.0,8.0,Nagatino-Sadovniki,9500000
37,17.0,7.0,22.0,1989.0,1.0,7.0,Krylatskoe,8000000
34,19.0,2.0,16.0,1985.0,1.0,9.0,Ljublino,6100000
34,20.0,9.0,9.0,1967.0,2.0,6.0,Sokolinaja Gora,6300000
45,27.0,1.0,5.0,1966.0,2.0,4.0,Severnoe Tushino,6800000
59,45.0,5.0,5.0,1963.0,3.0,5.0,Kuz'minki,6850000
44,1.0,7.0,1.0,1.0,1.0,1.0,Krjukovo,4664000
43,28.0,1.0,5.0,1962.0,2.0,5.0,Izmajlovo,990000
96,96.0,5.0,24.0,2014.0,3.0,1.0,Presnenskoe,27001900
35,19.0,9.0,12.0,1968.0,1.0,9.0,Severnoe Tushino,6220000
56,32.0,20.0,22.0,2001.0,2.0,10.0,Bogorodskoe,10000000
45,28.0,7.0,9.0,1973.0,2.0,6.0,Fili Davydkovo,2000000
41,1.0,2.0,2.0,2015.0,1.0,1.0,Nagornoe,4419100
38,19.0,14.0,14.0,1974.0,1.0,9.0,Ochakovo-Matveevskoe,6950000
41,21.0,4.0,12.0,1980.0,1.0,8.0,Mar'ino,5700000
32,17.0,1.0,5.0,1960.0,1.0,6.0,Izmajlovo,5250000
29,18.0,8.0,9.0,1967.0,1.0,5.0,Ajeroport,6800000
61,43.0,1.0,9.0,1976.0,3.0,6.0,Jasenevo,8450000
42,27.0,1.0,5.0,1966.0,2.0,5.0,Caricyno,5700000
46,46.0,10.0,24.0,0.0,1.0,0.0,Poselenie Vnukovskoe,5826670
53,36.0,1.0,5.0,1960.0,3.0,5.0,Kuncevo,8400000
34,34.0,1.0,14.0,2014.0,1.0,1.0,Tverskoe,3868800
119,114.0,4.0,17.0,2017.0,3.0,14.0,Presnenskoe,30274932
53,32.0,9.0,17.0,2001.0,2.0,9.0,Horoshevskoe,13400000
51,30.0,4.0,17.0,2008.0,2.0,9.0,Levoberezhnoe,2400000
40,20.0,8.0,14.0,1992.0,1.0,8.0,Mitino,7200000
38,19.0,6.0,16.0,1975.0,1.0,9.0,Birjulevo Zapadnoe,5000000
38,19.0,12.0,17.0,1996.0,1.0,8.0,Brateevo,6250000
58,41.0,3.0,5.0,1969.0,3.0,5.0,Zapadnoe Degunino,7650000
37,18.0,2.0,16.0,1988.0,1.0,10.0,Tekstil'shhiki,6200000
36,18.0,2.0,17.0,2003.0,1.0,6.0,Ljublino,7050000
51,30.0,10.0,17.0,2002.0,2.0,9.0,Chertanovo Juzhnoe,8600000
32,17.0,10.0,12.0,1971.0,1.0,10.0,Presnenskoe,5500000
45,30.0,3.0,5.0,1961.0,2.0,5.0,Kotlovka,7000000
95,95.0,15.0,1.0,2014.0,3.0,1.0,Strogino,18389700
38,19.0,14.0,17.0,1995.0,1.0,8.0,Brateevo,5800000
45,28.0,9.0,12.0,1967.0,2.0,5.0,Dmitrovskoe,6900000
44,28.0,4.0,5.0,1959.0,2.0,5.0,Vojkovskoe,8300000
42,26.0,6.0,9.0,1975.0,2.0,6.0,Otradnoe,8150000
38,19.0,12.0,17.0,1986.0,1.0,8.0,Brateevo,6200000
35,20.0,7.0,9.0,1977.0,1.0,6.0,Lianozovo,6250000
52,22.0,7.0,17.0,2007.0,1.0,11.0,Kosino-Uhtomskoe,6700000
54,35.0,3.0,9.0,1957.0,2.0,8.0,Lomonosovskoe,13500000
78,52.0,3.0,9.0,1960.0,3.0,9.0,Lomonosovskoe,13000000
39,,4.0,4.0,0.0,1.0,1.0,Poselenie Filimonkovskoe,3039200
45,27.0,1.0,9.0,1975.0,2.0,6.0,Otradnoe,6800000
41,25.0,3.0,5.0,1963.0,2.0,5.0,Ajeroport,7600000
32,20.0,3.0,5.0,1965.0,1.0,5.0,Perovo,4800000
51,,8.0,17.0,0.0,2.0,1.0,Poselenie Vnukovskoe,6380580
82,60.0,5.0,14.0,2000.0,4.0,8.0,Perovo,16500000
78,45.0,2.0,16.0,1981.0,3.0,10.0,Beskudnikovskoe,11500000
63,33.0,14.0,17.0,2013.0,2.0,12.0,Nekrasovka,5160760
39,15.0,16.0,17.0,2013.0,1.0,9.0,Poselenie Moskovskij,3460000
37,19.0,2.0,16.0,1980.0,1.0,8.0,Bibirevo,990000
44,28.0,4.0,9.0,1966.0,2.0,6.0,Kon'kovo,8100000
59,38.0,4.0,9.0,1971.0,3.0,6.0,Shhukino,11150000
52,33.0,1.0,9.0,1978.0,3.0,6.0,Otradnoe,8150000
30,18.0,1.0,5.0,1964.0,1.0,5.0,Losinoostrovskoe,5200000
87,63.0,5.0,9.0,1952.0,5.0,9.0,Danilovskoe,14000000
42,18.0,3.0,22.0,,1.0,12.0,Poselenie Voskresenskoe,5430150
36,20.0,4.0,12.0,1968.0,1.0,9.0,Perovo,5700000
63,36.0,2.0,5.0,1957.0,2.0,7.0,Timirjazevskoe,2000000
36,20.0,3.0,12.0,1968.0,1.0,9.0,Koptevo,5700000
63,,2.0,17.0,,2.0,1.0,Tverskoe,6699000
103,86.0,14.0,39.0,2009.0,1.0,5.0,Tverskoe,16840000
41,26.0,4.0,5.0,1961.0,2.0,5.0,Shhukino,5000000
36,36.0,10.0,1.0,2014.0,1.0,1.0,Strogino,7757700
41,20.0,4.0,12.0,1983.0,1.0,8.0,Strogino,7000000
51,30.0,17.0,,,,,Poselenie Moskovskij,2884032
96,67.0,3.0,5.0,1957.0,4.0,8.0,Perovo,16960000
61,33.0,9.0,17.0,2007.0,2.0,11.0,Kosino-Uhtomskoe,8400000
50,28.0,12.0,16.0,1975.0,2.0,12.0,Ivanovskoe,7100000
60,,22.0,25.0,,2.0,1.0,Poselenie Moskovskij,6299213
78,47.0,2.0,14.0,1996.0,3.0,7.0,Mar'ino,10000000
29,15.0,9.0,12.0,1971.0,1.0,6.0,Birjulevo Vostochnoe,4900000
30,22.0,3.0,5.0,1962.0,2.0,5.0,Fili Davydkovo,5000000
88,88.0,7.0,,,,,Poselenie Sosenskoe,6748800
43,21.0,4.0,14.0,1991.0,1.0,8.0,Gol'janovo,6000000
46,30.0,4.0,12.0,1976.0,2.0,6.0,Orehovo-Borisovo Severnoe,7000000
37,37.0,11.0,1.0,2014.0,1.0,1.0,Strogino,7655760
34,34.0,3.0,2.0,0.0,1.0,1.0,Poselenie Novofedorovskoe,1915412
40,19.0,15.0,17.0,1994.0,1.0,8.0,Losinoostrovskoe,7000000
61,,10.0,25.0,2015.0,2.0,0.0,Poselenie Sosenskoe,7218961
99,47.0,4.0,6.0,1914.0,3.0,14.0,Basmannoe,10000000
61,34.0,16.0,16.0,1971.0,2.0,9.0,Chertanovo Central'noe,12150000
59,45.0,9.0,9.0,1969.0,3.0,6.0,Losinoostrovskoe,8700000
35,20.0,8.0,12.0,1968.0,1.0,9.0,Severnoe Tushino,6900000
34,19.0,5.0,6.0,1962.0,1.0,6.0,Severnoe Izmajlovo,2500000
119,112.0,24.0,1.0,1.0,5.0,1.0,Mitino,16119181
67,44.0,5.0,12.0,1978.0,3.0,10.0,Juzhnoe Medvedkovo,1000000
45,28.0,8.0,9.0,1969.0,2.0,6.0,Kon'kovo,2000000
53,32.0,9.0,16.0,1976.0,2.0,9.0,Troparevo-Nikulino,1000000
39,,14.0,1.0,2014.0,2.0,1.0,Tverskoe,4890600
77,45.0,5.0,16.0,1977.0,3.0,10.0,Lianozovo,12300000
41,20.0,4.0,12.0,2001.0,1.0,8.0,Juzhnoe Butovo,6000000
77,48.0,17.0,17.0,2009.0,3.0,9.0,Troickij okrug,7800000
85,,4.0,22.0,2015.0,3.0,10.0,Poselenie Vnukovskoe,9561736
37,,13.0,17.0,1.0,1.0,1.0,Poselenie Vnukovskoe,4648932
53,30.0,12.0,12.0,1981.0,2.0,8.0,Gol'janovo,9250000
48,31.0,11.0,12.0,1967.0,2.0,8.0,Gol'janovo,6700000
39,20.0,4.0,12.0,1981.0,1.0,8.0,Dmitrovskoe,6400000
43,26.0,5.0,5.0,1965.0,2.0,5.0,Golovinskoe,6300000
39,19.0,2.0,14.0,1983.0,1.0,9.0,Severnoe Medvedkovo,7400000
38,19.0,16.0,17.0,1986.0,1.0,8.0,Sviblovo,8100000
40,,2.0,17.0,0.0,1.0,1.0,Poselenie Vnukovskoe,5902013
44,27.0,3.0,9.0,1975.0,2.0,6.0,Zjablikovo,7300000
52,27.0,1.0,16.0,1983.0,2.0,10.0,Butyrskoe,9500000
52,30.0,12.0,14.0,2006.0,2.0,9.0,Kosino-Uhtomskoe,6750000
32,18.0,5.0,9.0,1967.0,1.0,6.0,Kon'kovo,6500000
32,20.0,2.0,5.0,1961.0,1.0,5.0,Perovo,5250000
113,103.0,5.0,,,,,Vyhino-Zhulebino,13000000
62,62.0,8.0,17.0,2015.0,2.0,1.0,Nekrasovka,6396300
63,,11.0,17.0,,2.0,10.0,Poselenie Sosenskoe,7225410
63,63.0,5.0,17.0,1.0,2.0,1.0,Poselenie Vnukovskoe,7049841
38,19.0,10.0,17.0,2001.0,1.0,7.0,Mar'ino,6300000
50,33.0,7.0,9.0,1969.0,2.0,6.0,Tekstil'shhiki,7200000
44,28.0,6.0,9.0,1976.0,2.0,5.0,Zjablikovo,7100000
53,28.0,2.0,,,,,Ljublino,6800000
30,16.0,3.0,10.0,1974.0,1.0,5.0,Vostochnoe Izmajlovo,6250000
75,44.0,17.0,17.0,1987.0,3.0,10.0,Orehovo-Borisovo Juzhnoe,12500000
51,30.0,2.0,17.0,1986.0,2.0,8.0,Brateevo,7600000
38,38.0,8.0,12.0,2014.0,1.0,1.0,Poselenie Desjonovskoe,4116365
40,20.0,12.0,12.0,1977.0,1.0,8.0,Zjablikovo,5825000
37,23.0,1.0,9.0,1966.0,2.0,6.0,Levoberezhnoe,7150000
74,43.0,8.0,,,,,Kon'kovo,15100000
43,43.0,5.0,,,,,Tekstil'shhiki,6269800
38,19.0,16.0,16.0,1981.0,1.0,8.0,Chertanovo Central'noe,6300000
53,30.0,9.0,12.0,1980.0,2.0,8.0,Mar'ino,7250000
52,30.0,16.0,17.0,2001.0,2.0,9.0,Mar'ino,8700000
76,45.0,3.0,17.0,1984.0,3.0,10.0,Beskudnikovskoe,10350000
38,19.0,6.0,12.0,2005.0,1.0,7.0,Kosino-Uhtomskoe,5600000
30,19.0,1.0,5.0,1960.0,1.0,5.0,Tekstil'shhiki,4800000
45,27.0,6.0,9.0,1972.0,2.0,6.0,Pokrovskoe Streshnevo,7300000
74,45.0,6.0,16.0,1980.0,3.0,10.0,Chertanovo Central'noe,11650000
36,19.0,8.0,16.0,1978.0,1.0,9.0,Zjablikovo,5950000
57,33.0,4.0,15.0,2006.0,2.0,9.0,Krjukovo,7400000
77,77.0,5.0,17.0,2016.0,1.0,10.0,Hovrino,8958812
44,27.0,6.0,9.0,1970.0,2.0,6.0,Gol'janovo,6150000
39,19.0,22.0,22.0,1992.0,1.0,10.0,Krjukovo,3000000
64,43.0,5.0,12.0,1972.0,3.0,6.0,Chertanovo Juzhnoe,10500000
39,18.0,10.0,14.0,1968.0,1.0,8.0,Golovinskoe,7000000
60,42.0,3.0,9.0,1975.0,3.0,6.0,Otradnoe,9200000
63,1.0,5.0,5.0,2014.0,2.0,1.0,Poselenie Voskresenskoe,6550000
44,,1.0,3.0,2015.0,2.0,1.0,Poselenie Filimonkovskoe,3120078
52,35.0,1.0,9.0,1978.0,2.0,6.0,Solncevo,2000000
39,20.0,8.0,22.0,1988.0,1.0,10.0,Mar'ino,6800000
36,20.0,7.0,12.0,1969.0,1.0,9.0,Novogireevo,6200000
63,34.0,12.0,17.0,2012.0,2.0,9.0,Poselenie Shherbinka,4336015
40,40.0,3.0,17.0,0.0,1.0,0.0,Poselenie Vnukovskoe,5664938
29,16.0,5.0,9.0,1966.0,1.0,5.0,Lomonosovskoe,1000000
48,31.0,5.0,12.0,1969.0,2.0,8.0,Lefortovo,8900000
32,32.0,6.0,9.0,1978.0,1.0,6.0,Akademicheskoe,6050000
35,14.0,,,,,,Severnoe Butovo,5000000
32,18.0,2.0,9.0,1975.0,1.0,5.0,Orehovo-Borisovo Severnoe,999000
53,32.0,14.0,17.0,1996.0,2.0,9.0,Vnukovo,5600000
65,39.0,2.0,12.0,1975.0,3.0,7.0,Bibirevo,9250000
43,25.0,9.0,9.0,1978.0,2.0,5.0,Jasenevo,1000000
75,46.0,10.0,16.0,1978.0,3.0,10.0,Jasenevo,13500000
64,60.0,7.0,17.0,2015.0,2.0,1.0,Poselenie Desjonovskoe,5336200
52,30.0,2.0,17.0,1990.0,2.0,8.0,Nagornoe,10000000
38,18.0,2.0,14.0,1967.0,1.0,9.0,Gagarinskoe,9200000
31,18.0,2.0,4.0,1961.0,1.0,5.0,Solncevo,4700000
37,19.0,13.0,17.0,1994.0,1.0,7.0,Juzhnoe Butovo,6030000
38,,5.0,22.0,2014.0,1.0,1.0,Nagatinskij Zaton,7225647
41,20.0,12.0,14.0,1991.0,1.0,8.0,Novo-Peredelkino,5760000
44,27.0,1.0,4.0,1961.0,2.0,5.0,Solncevo,5150000
38,19.0,12.0,14.0,1996.0,1.0,7.0,Savelki,4450000
45,17.0,15.0,25.0,2011.0,1.0,13.0,Ochakovo-Matveevskoe,6049200
110,59.0,18.0,28.0,2007.0,3.0,12.0,Ramenki,5078000
53,32.0,14.0,16.0,1979.0,2.0,9.0,Jasenevo,10200000
79,79.0,6.0,17.0,2015.0,3.0,1.0,Poselenie Vnukovskoe,8220547
32,19.0,1.0,4.0,1969.0,1.0,6.0,Solncevo,3750000
40,20.0,8.0,14.0,1986.0,1.0,8.0,Mar'ino,5600000
39,39.0,5.0,1.0,1.0,1.0,1.0,Nekrasovka,4138020
64,60.0,5.0,17.0,2014.0,2.0,1.0,Nekrasovka,6592000
33,18.0,3.0,9.0,1969.0,1.0,6.0,Chertanovo Severnoe,6300000
55,30.0,8.0,22.0,2016.0,2.0,10.0,Nagatinskij Zaton,10221105
29,29.0,5.0,5.0,1962.0,1.0,5.0,Ljublino,5100000
73,43.0,2.0,12.0,1983.0,3.0,8.0,Horoshevo-Mnevniki,14800000
40,,18.0,22.0,1.0,1.0,1.0,Poselenie Shherbinka,3720730
65,39.0,7.0,12.0,1979.0,3.0,8.0,Fili Davydkovo,13500000
62,62.0,21.0,25.0,2015.0,2.0,10.0,Nekrasovka,6552000
31,18.0,3.0,5.0,1962.0,1.0,6.0,Ajeroport,6000000
38,19.0,8.0,12.0,2005.0,1.0,7.0,Kosino-Uhtomskoe,6400000
49,32.0,4.0,5.0,1938.0,2.0,4.0,Presnenskoe,8400000
51,30.0,5.0,12.0,1998.0,2.0,8.0,Filevskij Park,11100000
38,19.0,4.0,14.0,1997.0,1.0,8.0,Vyhino-Zhulebino,6100000
47,47.0,7.0,17.0,2016.0,1.0,10.0,Ochakovo-Matveevskoe,5654950
45,32.0,9.0,9.0,1967.0,2.0,5.0,Gol'janovo,6300000
46,19.0,18.0,25.0,2011.0,1.0,12.0,Poselenie Moskovskij,3078500
52,51.0,10.0,12.0,1980.0,2.0,8.0,Strogino,10700000
38,19.0,9.0,14.0,2005.0,1.0,7.0,Dmitrovskoe,7050000
40,21.0,12.0,12.0,1988.0,1.0,8.0,Tekstil'shhiki,5950000
78,47.0,6.0,,,,,Rjazanskij,5759000
30,18.0,2.0,5.0,1965.0,1.0,5.0,Ljublino,2000000
33,18.0,1.0,12.0,1971.0,1.0,9.0,Gol'janovo,4500000
72,44.0,2.0,17.0,2012.0,3.0,10.0,Poselenie Desjonovskoe,4398000
43,27.0,5.0,5.0,1961.0,2.0,5.0,Vojkovskoe,5900000
76,53.0,3.0,,,,,Filevskij Park,14000000
32,20.0,4.0,5.0,1965.0,1.0,5.0,Ochakovo-Matveevskoe,5400000
39,23.0,9.0,12.0,1965.0,2.0,6.0,Zjuzino,6800000
30,15.0,1.0,9.0,1974.0,1.0,6.0,Bibirevo,5350000
62,38.0,6.0,9.0,1979.0,3.0,7.0,Otradnoe,8900000
43,27.0,8.0,8.0,1965.0,2.0,6.0,Bogorodskoe,6500000
28,,2.0,4.0,,1.0,0.0,Poselenie Filimonkovskoe,2074920
63,36.0,9.0,9.0,1955.0,2.0,10.0,Kon'kovo,13500000
48,31.0,4.0,12.0,1.0,2.0,9.0,Birjulevo Vostochnoe,6400000
91,61.0,3.0,10.0,1958.0,4.0,7.0,Donskoe,19900000
35,19.0,12.0,12.0,1965.0,1.0,9.0,Novogireevo,5500000
46,19.0,14.0,14.0,2014.0,1.0,1.0,Levoberezhnoe,8232500
76,45.0,8.0,17.0,1986.0,3.0,10.0,Brateevo,10600000
24,16.0,5.0,5.0,1972.0,1.0,3.0,Golovinskoe,3000000
57,41.0,3.0,5.0,1963.0,3.0,5.0,Tekstil'shhiki,7500000
35,19.0,9.0,12.0,1966.0,1.0,9.0,Timirjazevskoe,6200000
39,39.0,2.0,17.0,0.0,1.0,1.0,Solncevo,4445883
60,44.0,6.0,9.0,1969.0,3.0,6.0,Losinoostrovskoe,2000000
37,19.0,13.0,17.0,1999.0,1.0,7.0,Rjazanskij,6400000
32,18.0,6.0,9.0,1970.0,1.0,6.0,Jaroslavskoe,6200000
70,45.0,21.0,22.0,1985.0,3.0,10.0,Pokrovskoe Streshnevo,14200000
51,31.0,2.0,12.0,1972.0,2.0,9.0,Meshhanskoe,2000000
60,34.0,3.0,,,,,Lefortovo,7400000
39,20.0,10.0,22.0,1999.0,1.0,10.0,Krylatskoe,10300000
64,64.0,3.0,17.0,2016.0,2.0,0.0,Solncevo,6001649
63,33.0,14.0,17.0,2008.0,2.0,12.0,Taganskoe,12600000
49,34.0,5.0,9.0,1969.0,3.0,5.0,Severnoe Tushino,6800000
78,43.0,1.0,17.0,1985.0,3.0,10.0,Juzhnoe Tushino,10500000
30,15.0,5.0,,,,,Alekseevskoe,5600000
58,33.0,11.0,22.0,1988.0,2.0,10.0,Mar'ino,2000000
81,54.0,5.0,7.0,1958.0,3.0,8.0,Savelovskoe,17500000
40,40.0,23.0,25.0,2015.0,1.0,1.0,Mitino,9445545
36,1.0,17.0,25.0,,1.0,1.0,Poselenie Sosenskoe,4364490
56,32.0,5.0,9.0,1943.0,2.0,7.0,Dorogomilovo,8000000
38,38.0,6.0,6.0,2016.0,1.0,1.0,Poselenie Desjonovskoe,4133322
51,30.0,9.0,17.0,1991.0,2.0,8.0,Vostochnoe Degunino,8300000
60,31.0,6.0,16.0,2013.0,2.0,11.0,Sokolinaja Gora,12500000
26,14.0,1.0,9.0,1976.0,1.0,6.0,Otradnoe,4800000
77,,7.0,,,,,Poselenie Sosenskoe,5897600
89,89.0,2.0,8.0,1939.0,3.0,7.0,Presnenskoe,21850000
40,40.0,15.0,20.0,,1.0,1.0,Tverskoe,5030984
29,17.0,4.0,9.0,1968.0,1.0,5.0,Nizhegorodskoe,4400000
39,20.0,4.0,,,,,Mar'ino,5550000
78,46.0,20.0,22.0,1988.0,3.0,10.0,Mar'ino,11500000
59,34.0,15.0,17.0,1988.0,2.0,10.0,Ljublino,9950000
32,20.0,4.0,5.0,1969.0,1.0,5.0,Perovo,2000000
45,27.0,2.0,5.0,1979.0,2.0,5.0,Poselenie Rjazanovskoe,990000
51,33.0,6.0,12.0,1973.0,2.0,7.0,Veshnjaki,1000000
38,19.0,11.0,17.0,1987.0,1.0,8.0,Solncevo,5700000
44,27.0,7.0,9.0,1968.0,2.0,5.0,Nagatino-Sadovniki,5600000
75,71.0,16.0,17.0,2016.0,3.0,1.0,Nekrasovka,7595200
38,19.0,6.0,16.0,1979.0,1.0,9.0,Lefortovo,6800000
38,19.0,14.0,19.0,2000.0,1.0,10.0,Mar'ino,6700000
27,,4.0,4.0,2015.0,1.0,1.0,Tverskoe,2254821
83,83.0,7.0,7.0,0.0,3.0,0.0,Zapadnoe Degunino,8903400
52,19.0,5.0,17.0,2014.0,1.0,15.0,Poselenie Sosenskoe,3100000
40,20.0,5.0,9.0,2004.0,1.0,8.0,Kosino-Uhtomskoe,5300000
27,17.0,3.0,4.0,1957.0,1.0,4.0,Akademicheskoe,6900000
37,22.0,8.0,9.0,1968.0,2.0,7.0,Rostokino,7400000
80,45.0,6.0,12.0,2005.0,3.0,12.0,Kosino-Uhtomskoe,11000000
45,30.0,3.0,5.0,1962.0,2.0,5.0,Severnoe Izmajlovo,6600000
125,,15.0,1.0,2011.0,3.0,1.0,Nagatino-Sadovniki,17958104
36,18.0,14.0,14.0,1969.0,1.0,8.0,Savelki,2000000
45,28.0,5.0,9.0,1968.0,2.0,6.0,Zjuzino,7600000
52,,10.0,17.0,,2.0,0.0,Zapadnoe Degunino,5576588
44,28.0,6.0,9.0,1979.0,2.0,6.0,Mar'ino,5800000
61,1.0,18.0,22.0,2014.0,2.0,1.0,Poselenie Vnukovskoe,7168755
62,40.0,24.0,25.0,2015.0,2.0,10.0,Nagornoe,14227211
65,38.0,6.0,9.0,1955.0,3.0,7.0,Severnoe Butovo,10100000
84,36.0,5.0,11.0,2008.0,2.0,13.0,Kurkino,17000000
42,28.0,1.0,5.0,1961.0,2.0,6.0,Caricyno,5700000
20,12.0,4.0,9.0,1960.0,1.0,2.0,Bogorodskoe,4490000
31,18.0,3.0,17.0,1964.0,1.0,5.0,Troickij okrug,3000000
32,17.0,8.0,,,,,Matushkino,1000000
58,34.0,9.0,22.0,2004.0,2.0,10.0,Obruchevskoe,11300000
45,29.0,7.0,9.0,1969.0,2.0,6.0,Chertanovo Severnoe,7450000
38,18.0,1.0,14.0,1996.0,1.0,8.0,Savelki,3800000
49,29.0,3.0,12.0,1981.0,2.0,7.0,Kotlovka,9500000
74,49.0,1.0,6.0,1928.0,3.0,4.0,Meshhanskoe,13350000
38,16.0,5.0,22.0,2008.0,1.0,9.0,Fili Davydkovo,8900000
52,31.0,13.0,16.0,1983.0,1.0,9.0,Chertanovo Juzhnoe,4000000
42,26.0,5.0,5.0,1958.0,2.0,6.0,Fili Davydkovo,7500000
44,27.0,7.0,9.0,1968.0,2.0,5.0,Horoshevo-Mnevniki,7600000
38,22.0,3.0,9.0,1964.0,2.0,7.0,Preobrazhenskoe,6350000
31,19.0,4.0,9.0,1972.0,1.0,9.0,Preobrazhenskoe,7000000
45,28.0,3.0,9.0,1967.0,2.0,5.0,Nagatinskij Zaton,2000000
61,,6.0,,,,,Nekrasovka,5718266
51,29.0,6.0,10.0,2001.0,2.0,8.0,Matushkino,6450000
55,36.0,5.0,5.0,1961.0,3.0,5.0,Ajeroport,8050000
32,18.0,4.0,9.0,1975.0,1.0,6.0,Otradnoe,5700000
54,30.0,3.0,12.0,1975.0,2.0,8.0,Bibirevo,8150000
44,,7.0,18.0,2014.0,1.0,1.0,Chertanovo Severnoe,7297950
38,19.0,8.0,14.0,1971.0,1.0,9.0,Veshnjaki,6200000
34,34.0,1.0,1.0,0.0,1.0,1.0,Tverskoe,1920412
43,,17.0,22.0,2015.0,1.0,1.0,Kapotnja,4744953
82,43.0,3.0,11.0,2013.0,3.0,9.0,Krjukovo,8260000
34,21.0,8.0,9.0,1974.0,2.0,5.0,Bogorodskoe,5800000
37,19.0,9.0,17.0,2005.0,1.0,7.0,Solncevo,6900000
34,20.0,7.0,9.0,1970.0,1.0,5.0,Gol'janovo,1000000
77,46.0,9.0,17.0,1993.0,3.0,10.0,Mitino,10900000
52,,15.0,,,,,Nekrasovka,4890050
38,19.0,1.0,14.0,1976.0,1.0,9.0,Alekseevskoe,6500000
31,15.0,5.0,6.0,1927.0,1.0,7.0,Sokol'niki,6500000
36,20.0,17.0,,,,,Nagornoe,5000000
38,18.0,8.0,17.0,1990.0,1.0,8.0,Novokosino,6600000
42,21.0,6.0,14.0,1991.0,1.0,8.0,Ljublino,5600000
37,19.0,14.0,17.0,1988.0,1.0,8.0,Severnoe Butovo,6200000
84,,11.0,20.0,0.0,3.0,1.0,Poselenie Vnukovskoe,9469954
34,18.0,4.0,5.0,1961.0,1.0,7.0,Bogorodskoe,6150000
48,28.0,1.0,9.0,1972.0,2.0,9.0,Chertanovo Juzhnoe,6200000
77,45.0,5.0,17.0,1987.0,3.0,10.0,Novokosino,11400000
38,19.0,17.0,17.0,2011.0,1.0,7.0,Nekrasovka,3998500
45,30.0,5.0,5.0,1963.0,2.0,5.0,Akademicheskoe,2000000
42,23.0,6.0,14.0,1975.0,2.0,6.0,Nagatino-Sadovniki,8000000
32,22.0,7.0,9.0,1963.0,1.0,5.0,Juzhnoe Medvedkovo,5550000
32,19.0,2.0,5.0,1966.0,1.0,5.0,Caricyno,5400000
51,30.0,14.0,17.0,1998.0,2.0,8.0,Mitino,8400000
57,41.0,6.0,9.0,1970.0,3.0,5.0,Filevskij Park,11100000
75,44.0,16.0,17.0,2004.0,3.0,12.0,Moskvorech'e-Saburovo,13000000
43,20.0,5.0,12.0,1983.0,1.0,8.0,Bogorodskoe,9000000
43,29.0,9.0,9.0,1969.0,2.0,5.0,Kuz'minki,1000000
37,34.0,8.0,14.0,1994.0,1.0,7.0,Krjukovo,4700000
39,21.0,2.0,9.0,1991.0,1.0,8.0,Severnoe Butovo,6100000
78,,4.0,12.0,,2.0,1.0,Poselenie Moskovskij,8010965
82,48.0,6.0,7.0,1995.0,3.0,8.0,Mitino,13700000
101,53.0,14.0,21.0,2002.0,3.0,14.0,Koptevo,14499000
52,34.0,4.0,9.0,1977.0,3.0,6.0,Jasenevo,8250000
39,20.0,18.0,22.0,1994.0,1.0,10.0,Strogino,7450000
32,18.0,6.0,9.0,1967.0,1.0,6.0,Severnoe Tushino,5350000
38,19.0,16.0,16.0,1984.0,1.0,9.0,Birjulevo Zapadnoe,5100000
29,17.0,9.0,9.0,1969.0,1.0,5.0,Izmajlovo,5550000
53,32.0,11.0,17.0,1987.0,2.0,9.0,Orehovo-Borisovo Severnoe,2000000
97,,12.0,25.0,2015.0,4.0,0.0,Mitino,13205837
73,,1.0,9.0,2015.0,2.0,1.0,Poselenie Moskovskij,7322961
17,13.0,2.0,5.0,1962.0,1.0,1.0,Vostochnoe Izmajlovo,3800000
53,30.0,5.0,14.0,1975.0,2.0,8.0,Pokrovskoe Streshnevo,10500000
38,19.0,12.0,14.0,1998.0,1.0,8.0,Novokosino,6100000
76,45.0,14.0,17.0,1985.0,3.0,9.0,Krylatskoe,17250000
41,19.0,14.0,4.0,1976.0,1.0,12.0,Novogireevo,6750000
59,31.0,12.0,24.0,2009.0,2.0,9.0,Cheremushki,14500000
41,26.0,3.0,9.0,1958.0,2.0,5.0,Meshhanskoe,10000000
65,34.0,15.0,17.0,2001.0,2.0,13.0,Mitino,12000000
49,49.0,2.0,17.0,2017.0,1.0,1.0,Poselenie Sosenskoe,4773579
35,19.0,9.0,12.0,1971.0,1.0,10.0,Severnoe Tushino,6100000
59,33.0,2.0,16.0,1982.0,2.0,10.0,Obruchevskoe,10200000
60,56.0,14.0,25.0,2016.0,2.0,10.0,Sviblovo,10647420
42,28.0,5.0,5.0,1963.0,2.0,5.0,Bogorodskoe,6000000
36,14.0,8.0,12.0,1994.0,1.0,9.0,Juzhnoe Butovo,6100000
45,32.0,6.0,9.0,1964.0,2.0,5.0,Jakimanka,8300000
45,27.0,3.0,12.0,1973.0,2.0,6.0,Chertanovo Severnoe,7975000
53,30.0,10.0,12.0,1983.0,2.0,8.0,Birjulevo Vostochnoe,7400000
38,22.0,2.0,12.0,1965.0,1.0,6.0,Zjuzino,6800000
32,18.0,5.0,9.0,1970.0,1.0,6.0,Pechatniki,5300000
58,34.0,14.0,18.0,1981.0,2.0,10.0,Lomonosovskoe,12900000
44,28.0,6.0,6.0,1980.0,2.0,6.0,Mar'ino,6000000
34,19.0,6.0,,,,,Mar'ina Roshha,6800000
97,52.0,8.0,17.0,2007.0,3.0,12.0,Juzhnoe Butovo,10500000
65,47.0,1.0,16.0,1976.0,3.0,8.0,Orehovo-Borisovo Severnoe,9400000
37,19.0,16.0,17.0,2012.0,1.0,7.0,Poselenie Vnukovskoe,4950000
65,60.0,3.0,10.0,2017.0,2.0,7.0,Sviblovo,10731500
52,52.0,4.0,15.0,2015.0,2.0,1.0,Poselenie Filimonkovskoe,3213556
39,19.0,12.0,12.0,1997.0,1.0,8.0,Vyhino-Zhulebino,6100000
37,22.0,1.0,9.0,1966.0,2.0,7.0,Juzhnoe Tushino,5900000
37,18.0,9.0,16.0,1999.0,1.0,8.0,Ljublino,6000000
38,19.0,16.0,17.0,2011.0,1.0,7.0,Poselenie Moskovskij,2680000
31,19.0,1.0,,,,,Shhukino,5150000
44,26.0,1.0,4.0,1961.0,2.0,7.0,Izmajlovo,2100000
37,16.0,9.0,,,,,Mar'ino,6700000
77,46.0,17.0,17.0,1993.0,3.0,10.0,Troparevo-Nikulino,12300000
48,24.0,10.0,10.0,2001.0,2.0,10.0,Bogorodskoe,9000000
83,40.0,1.0,3.0,2013.0,2.0,15.0,Troickij okrug,6350000
44,43.0,2.0,17.0,2014.0,1.0,10.0,Poselenie Desjonovskoe,4889369
45,24.0,14.0,16.0,1974.0,2.0,7.0,Golovinskoe,3200000
73,50.0,2.0,9.0,1978.0,3.0,6.0,Jasenevo,3000000
23,16.0,3.0,5.0,1969.0,1.0,3.0,Sokolinaja Gora,4400000
53,38.0,9.0,16.0,1968.0,3.0,6.0,Mozhajskoe,8800000
40,,8.0,17.0,,1.0,0.0,Nekrasovka,4400000
37,18.0,11.0,12.0,1988.0,1.0,7.0,Lefortovo,990000
44,29.0,3.0,5.0,1962.0,2.0,5.0,Shhukino,9100000
72,43.0,6.0,16.0,1976.0,3.0,10.0,Jakimanka,15000000
35,19.0,8.0,12.0,1968.0,1.0,9.0,Severnoe Medvedkovo,5200000
197,197.0,1.0,2.0,2012.0,4.0,25.0,Juzhnoe Butovo,18657500
74,45.0,9.0,17.0,1989.0,3.0,9.0,Krjukovo,10500000
59,31.0,19.0,22.0,2009.0,2.0,8.0,Kuncevo,12350000
32,18.0,1.0,5.0,1961.0,1.0,5.0,Filevskij Park,5900000
44,32.0,8.0,9.0,1964.0,2.0,5.0,Kotlovka,7000000
37,19.0,7.0,17.0,1983.0,1.0,7.0,Kuncevo,7300000
49,29.0,22.0,,,,,Silino,2000000
58,44.0,5.0,5.0,1963.0,3.0,5.0,Cheremushki,7850000
77,46.0,9.0,14.0,1996.0,3.0,10.0,Mar'ino,10200000
38,20.0,20.0,24.0,2009.0,1.0,10.0,Mozhajskoe,2000000
32,19.0,4.0,5.0,1965.0,1.0,5.0,Mar'ina Roshha,2000000
39,39.0,3.0,17.0,2015.0,1.0,1.0,Poselenie Filimonkovskoe,2488591
44,28.0,4.0,9.0,1974.0,2.0,5.0,Juzhnoe Tushino,1200000
73,45.0,6.0,17.0,1992.0,3.0,10.0,Krjukovo,8500000
37,18.0,5.0,,,,,Strogino,6200000
79,44.0,5.0,12.0,2005.0,3.0,12.0,Kosino-Uhtomskoe,12000000
57,33.0,11.0,17.0,1989.0,2.0,9.0,Brateevo,3000000
57,29.0,8.0,16.0,2006.0,2.0,10.0,Troickij okrug,6100000
57,,21.0,21.0,2015.0,2.0,10.0,Mitino,7355137
35,14.0,10.0,12.0,1997.0,1.0,11.0,Brateevo,6200000
79,45.0,11.0,14.0,2003.0,3.0,12.0,Zapadnoe Degunino,11800000
37,37.0,6.0,,,,,Nekrasovka,3797986
58,33.0,13.0,22.0,1990.0,2.0,10.0,Novokosino,8850000
85,,8.0,1.0,1.0,3.0,1.0,Krjukovo,9180500
54,32.0,14.0,17.0,1988.0,2.0,9.0,Novo-Peredelkino,7500000
78,,2.0,15.0,2015.0,3.0,1.0,Tverskoe,6421347
77,52.0,2.0,10.0,1960.0,3.0,7.0,Timirjazevskoe,14300000
82,49.0,6.0,10.0,2015.0,3.0,1.0,Poselenie Voskresenskoe,7709760
51,51.0,7.0,17.0,2015.0,2.0,1.0,Poselenie Vnukovskoe,7001144
41,26.0,4.0,5.0,1962.0,2.0,5.0,Sokolinaja Gora,6200000
85,51.0,5.0,14.0,1971.0,3.0,10.0,Fili Davydkovo,23500000
54,32.0,15.0,16.0,1988.0,2.0,9.0,Horoshevo-Mnevniki,9850000
61,,8.0,17.0,0.0,2.0,1.0,Poselenie Vnukovskoe,7774874
71,33.0,23.0,25.0,2002.0,2.0,9.0,Troparevo-Nikulino,15400000
38,37.0,7.0,19.0,2016.0,1.0,1.0,Nagatinskij Zaton,6921040
47,18.0,16.0,16.0,2015.0,1.0,1.0,Poselenie Voskresenskoe,5225800
71,43.0,18.0,25.0,1983.0,3.0,10.0,Tverskoe,13400000
31,18.0,28.0,34.0,2002.0,1.0,7.0,Shhukino,8900000
49,46.0,3.0,9.0,2015.0,1.0,1.0,Poselenie Pervomajskoe,3611262
125,76.0,1.0,6.0,1910.0,5.0,14.0,Tverskoe,27000000
52,51.0,12.0,17.0,2001.0,2.0,9.0,Hovrino,9350000
44,28.0,3.0,5.0,1959.0,2.0,5.0,Bogorodskoe,7250000
33,17.0,9.0,9.0,1968.0,1.0,7.0,Kon'kovo,6680000
38,18.0,11.0,16.0,1987.0,1.0,9.0,Kuncevo,7800000
38,15.0,7.0,17.0,2013.0,1.0,9.0,Poselenie Moskovskij,3233729
46,30.0,2.0,12.0,1978.0,2.0,6.0,Zapadnoe Degunino,7500000
79,41.0,6.0,14.0,2014.0,3.0,1.0,Poselenie Voskresenskoe,8073450
36,18.0,12.0,16.0,1996.0,1.0,10.0,Vyhino-Zhulebino,6400000
51,30.0,2.0,17.0,1985.0,2.0,8.0,Orehovo-Borisovo Juzhnoe,7700000
57,1.0,6.0,19.0,2016.0,2.0,1.0,Poselenie Shherbinka,4646235
65,65.0,11.0,17.0,0.0,2.0,10.0,Poselenie Sosenskoe,6529012
57,35.0,5.0,8.0,1956.0,2.0,7.0,Alekseevskoe,12200000
75,50.0,5.0,8.0,1960.0,3.0,9.0,Dorogomilovo,19300000
32,18.0,5.0,,,,,Otradnoe,5650000
52,29.0,10.0,14.0,1997.0,2.0,8.0,Akademicheskoe,10200000
43,26.0,5.0,5.0,1967.0,2.0,5.0,Tekstil'shhiki,5600000
50,30.0,3.0,17.0,2012.0,3.0,9.0,Zjuzino,4601300
56,55.0,2.0,17.0,2014.0,2.0,1.0,Nagornoe,11082586
31,21.0,8.0,9.0,1963.0,1.0,5.0,Zjuzino,6150000
54,31.0,15.0,16.0,1980.0,2.0,8.0,Orehovo-Borisovo Juzhnoe,8000000
63,33.0,12.0,17.0,2010.0,2.0,12.0,Vyhino-Zhulebino,3000000
54,32.0,6.0,17.0,1983.0,2.0,9.0,Birjulevo Vostochnoe,6950000
42,24.0,8.0,12.0,1972.0,2.0,5.0,Birjulevo Vostochnoe,6650000
88,,12.0,,,,,Pokrovskoe Streshnevo,12901530
43,28.0,5.0,9.0,1974.0,2.0,5.0,Kon'kovo,7500000
45,30.0,3.0,5.0,1962.0,2.0,5.0,Sokolinaja Gora,7250000
43,27.0,6.0,9.0,1970.0,2.0,6.0,Chertanovo Central'noe,7350000
72,35.0,17.0,17.0,2000.0,3.0,12.0,Troickij okrug,6700000
52,34.0,1.0,5.0,1960.0,3.0,5.0,Nagornoe,2000000
82,46.0,14.0,,,,,Juzhnoportovoe,7700000
39,,5.0,,,,,Nekrasovka,3831500
53,30.0,4.0,4.0,,2.0,10.0,Poselenie Filimonkovskoe,3094476
52,28.0,10.0,22.0,1987.0,2.0,8.0,Silino,6750000
38,19.0,7.0,17.0,1997.0,1.0,8.0,Donskoe,8900000
62,45.0,1.0,12.0,1980.0,3.0,6.0,Strogino,10500000
70,70.0,8.0,17.0,0.0,2.0,0.0,Poselenie Sosenskoe,5938920
59,35.0,5.0,7.0,1957.0,2.0,8.0,Danilovskoe,10700000
74,39.0,4.0,12.0,2014.0,2.0,14.0,Poselenie Pervomajskoe,4355165
52,52.0,16.0,17.0,2015.0,2.0,1.0,Tverskoe,6326787
38,18.0,3.0,17.0,1986.0,1.0,8.0,Sviblovo,7700000
47,28.0,3.0,9.0,1974.0,2.0,6.0,Bibirevo,7250000
41,,24.0,25.0,,1.0,0.0,Poselenie Moskovskij,4036219
80,48.0,11.0,14.0,1980.0,3.0,9.0,Kotlovka,13800000
74,45.0,16.0,17.0,1985.0,3.0,10.0,Ramenki,14900000
77,77.0,11.0,22.0,2016.0,3.0,10.0,Poselenie Shherbinka,6072395
44,29.0,3.0,5.0,1963.0,2.0,5.0,Perovo,6600000
83,53.0,3.0,5.0,1952.0,3.0,7.0,Pokrovskoe Streshnevo,11750000
60,34.0,6.0,17.0,1991.0,2.0,10.0,Severnoe Butovo,9750000
54,30.0,5.0,10.0,1993.0,2.0,8.0,Vyhino-Zhulebino,9100000
55,36.0,1.0,9.0,1962.0,3.0,4.0,Juzhnoportovoe,8300000
80,45.0,10.0,17.0,2011.0,3.0,12.0,Nekrasovka,1999000
51,,2.0,0.0,,2.0,0.0,Poselenie Novofedorovskoe,2560000
38,20.0,5.0,12.0,2003.0,1.0,8.0,Perovo,7600000
37,19.0,17.0,17.0,1999.0,1.0,7.0,Mar'ino,6000000
51,,7.0,17.0,2014.0,2.0,1.0,Poselenie Moskovskij,5100484
69,,8.0,1.0,1.0,2.0,1.0,Poselenie Moskovskij,8570190
43,27.0,7.0,9.0,1971.0,2.0,6.0,Chertanovo Juzhnoe,7000000
68,44.0,12.0,14.0,1967.0,3.0,9.0,Savelki,6900000
56,32.0,1.0,17.0,1987.0,2.0,10.0,Teplyj Stan,8700000
44,27.0,7.0,9.0,1966.0,2.0,5.0,Matushkino,2000000
55,34.0,7.0,8.0,1960.0,2.0,8.0,Ostankinskoe,13300000
35,14.0,4.0,14.0,2001.0,1.0,9.0,Juzhnoe Butovo,5900000
47,27.0,5.0,9.0,1972.0,2.0,6.0,Staroe Krjukovo,5400000
58,58.0,1.0,16.0,1981.0,2.0,10.0,Teplyj Stan,9000000
33,14.0,8.0,14.0,1994.0,1.0,7.0,Vyhino-Zhulebino,1000000
74,45.0,8.0,16.0,1981.0,3.0,10.0,Horoshevo-Mnevniki,15700000
77,46.0,12.0,17.0,1994.0,3.0,10.0,Mitino,11300000
62,39.0,9.0,14.0,1988.0,3.0,8.0,Zapadnoe Degunino,3550000
54,32.0,3.0,19.0,2004.0,2.0,10.0,Strogino,1000000
63,43.0,11.0,,,,,Troparevo-Nikulino,10900000
32,18.0,5.0,9.0,1972.0,1.0,6.0,Birjulevo Vostochnoe,5350000
38,37.0,5.0,17.0,2013.0,1.0,7.0,Nekrasovka,4486500
34,1.0,1.0,3.0,2015.0,1.0,1.0,Tverskoe,1858668
35,19.0,7.0,12.0,1973.0,1.0,7.0,Kon'kovo,8000000
39,38.0,7.0,22.0,2006.0,1.0,10.0,Kosino-Uhtomskoe,5600000
73,41.0,21.0,22.0,1985.0,3.0,9.0,Silino,8600000
74,43.0,1.0,17.0,2005.0,3.0,10.0,Severnoe Butovo,10900000
67,46.0,16.0,16.0,1997.0,3.0,7.0,Chertanovo Central'noe,8500000
57,,18.0,19.0,,2.0,9.0,Poselenie Shherbinka,4638182
31,17.0,8.0,3.0,1964.0,1.0,5.0,Severnoe Izmajlovo,6500000
63,60.0,2.0,17.0,2015.0,2.0,12.0,Nekrasovka,6008354
79,41.0,16.0,17.0,2013.0,3.0,6.0,Poselenie Voskresenskoe,7281225
58,42.0,2.0,9.0,1960.0,3.0,7.0,Lomonosovskoe,11000000
54,35.0,3.0,5.0,1962.0,3.0,5.0,Savelovskoe,2000000
59,41.0,4.0,5.0,1966.0,3.0,5.0,Solncevo,7000000
63,39.0,8.0,9.0,1973.0,3.0,7.0,Teplyj Stan,8500000
66,45.0,9.0,9.0,1974.0,3.0,5.0,Teplyj Stan,8200000
39,18.0,4.0,13.0,1977.0,1.0,12.0,Juzhnoportovoe,8000000
47,32.0,2.0,12.0,1966.0,2.0,9.0,Gol'janovo,6500000
137,89.0,3.0,3.0,2013.0,2.0,42.0,Poselenie Pervomajskoe,5450000
24,13.0,9.0,9.0,1974.0,1.0,6.0,Filevskij Park,5490000
55,31.0,12.0,16.0,1976.0,2.0,9.0,Ramenki,11450000
34,20.0,3.0,9.0,1977.0,1.0,6.0,Orehovo-Borisovo Juzhnoe,5350000
44,30.0,5.0,5.0,1959.0,2.0,5.0,Akademicheskoe,7400000
60,,24.0,24.0,1.0,2.0,1.0,Poselenie Vnukovskoe,5402275
75,45.0,10.0,17.0,1989.0,3.0,10.0,Novo-Peredelkino,9700000
62,32.0,7.0,14.0,1.0,2.0,12.0,Severnoe Medvedkovo,2000000
43,28.0,5.0,,,,,Dmitrovskoe,6000000
45,28.0,3.0,9.0,1978.0,2.0,6.0,Vostochnoe,3700000
78,,9.0,1.0,,3.0,1.0,Krjukovo,7712600
38,17.0,11.0,17.0,2007.0,1.0,8.0,Krjukovo,1200000
42,28.0,1.0,5.0,1963.0,2.0,5.0,Juzhnoe Tushino,6000000
70,69.0,8.0,9.0,1973.0,3.0,8.0,Kotlovka,13000000
38,,6.0,17.0,2015.0,1.0,1.0,Poselenie Filimonkovskoe,4501730
42,42.0,8.0,9.0,1975.0,2.0,5.0,Staroe Krjukovo,990000
33,18.0,7.0,9.0,1969.0,1.0,6.0,Chertanovo Severnoe,1100000
32,20.0,3.0,5.0,1965.0,1.0,5.0,Perovo,1400000
76,45.0,10.0,16.0,1979.0,3.0,10.0,Strogino,13450000
53,33.0,1.0,16.0,1968.0,3.0,6.0,Juzhnoportovoe,6200000
45,29.0,8.0,9.0,1968.0,2.0,5.0,Nagatino-Sadovniki,7400000
46,,10.0,25.0,2014.0,1.0,1.0,Nekrasovka,4840500
41,18.0,13.0,24.0,2006.0,1.0,10.0,Kuz'minki,8000000
37,37.0,20.0,1.0,2014.0,1.0,1.0,Strogino,7249140
41,20.0,6.0,14.0,1990.0,1.0,8.0,Rjazanskij,1000000
41,38.0,17.0,24.0,2008.0,1.0,10.0,Beskudnikovskoe,7500000
40,40.0,13.0,15.0,2014.0,1.0,1.0,Poselenie Desjonovskoe,3846600
68,45.0,8.0,,,,,Teplyj Stan,10200000
46,30.0,3.0,5.0,1963.0,2.0,5.0,Prospekt Vernadskogo,8000000
61,,11.0,0.0,,2.0,0.0,Poselenie Sosenskoe,7316962
117,66.0,2.0,2.0,2016.0,4.0,1.0,Tverskoe,6488026
38,19.0,11.0,14.0,1971.0,1.0,9.0,Matushkino,3900000
53,30.0,4.0,4.0,2014.0,2.0,8.0,Poselenie Filimonkovskoe,3242837
48,31.0,12.0,14.0,1971.0,2.0,8.0,Hovrino,10670000
33,18.0,2.0,9.0,1975.0,1.0,6.0,Orehovo-Borisovo Severnoe,5180000
54,30.0,9.0,12.0,1982.0,2.0,8.0,Basmannoe,10500000
34,19.0,8.0,9.0,1978.0,1.0,6.0,Hovrino,5500000
74,45.0,1.0,,,,,Donskoe,8800000
77,52.0,2.0,8.0,1960.0,3.0,9.0,Zjuzino,17500000
49,29.0,2.0,9.0,1969.0,2.0,7.0,Kon'kovo,7950000
38,19.0,13.0,17.0,2009.0,1.0,7.0,Taganskoe,9350000
74,45.0,12.0,23.0,1987.0,3.0,10.0,Nagatinskij Zaton,14000000
47,31.0,10.0,12.0,1965.0,2.0,9.0,Sokolinaja Gora,7100000
38,37.0,5.0,9.0,2016.0,1.0,1.0,Poselenie Vnukovskoe,5428374
57,31.0,15.0,17.0,1984.0,2.0,10.0,Dmitrovskoe,8000000
31,19.0,3.0,8.0,1964.0,1.0,5.0,Danilovskoe,2000000
65,40.0,15.0,,,,,Chertanovo Severnoe,11600000
39,25.0,2.0,5.0,1964.0,2.0,5.0,Taganskoe,1000000
64,39.0,5.0,9.0,1977.0,3.0,8.0,Orehovo-Borisovo Juzhnoe,8150000
55,55.0,3.0,12.0,2014.0,2.0,10.0,Poselenie Desjonovskoe,4838066
47,29.0,1.0,9.0,1979.0,2.0,6.0,Otradnoe,2000000
51,,1.0,4.0,2014.0,2.0,1.0,Poselenie Filimonkovskoe,3042382
42,17.0,18.0,24.0,2004.0,1.0,10.0,Birjulevo Vostochnoe,2000000
38,23.0,1.0,12.0,1969.0,2.0,6.0,Kotlovka,6550000
52,1.0,17.0,17.0,2015.0,2.0,1.0,Nekrasovka,5326755
111,,14.0,0.0,,3.0,1.0,Poselenie Moskovskij,12992090
47,30.0,7.0,12.0,1973.0,2.0,7.0,Chertanovo Severnoe,7800000
37,18.0,4.0,17.0,2002.0,1.0,7.0,Bibirevo,7100000
76,46.0,7.0,17.0,1990.0,3.0,10.0,Mar'ino,3000000
81,,15.0,25.0,,3.0,1.0,Mitino,10417525
74,74.0,3.0,1.0,,3.0,1.0,Krjukovo,7950000
32,21.0,8.0,9.0,1964.0,1.0,5.0,Pokrovskoe Streshnevo,5880000
44,29.0,1.0,5.0,1960.0,2.0,6.0,Presnenskoe,6300000
79,47.0,14.0,17.0,2011.0,3.0,9.0,Nekrasovka,7696425
41,20.0,11.0,14.0,1993.0,1.0,8.0,Silino,4450000
45,30.0,8.0,12.0,1980.0,2.0,6.0,Strogino,9100000
84,22.0,5.0,19.0,1984.0,2.0,30.0,Taganskoe,20300000
38,19.0,15.0,16.0,1982.0,1.0,8.0,Nagatinskij Zaton,8200000
77,46.0,10.0,12.0,2001.0,3.0,10.0,Juzhnoe Butovo,11200000
32,18.0,7.0,9.0,1974.0,1.0,6.0,Nagatino-Sadovniki,3800000
35,20.0,3.0,12.0,2009.0,1.0,9.0,Shhukino,6150000
68,46.0,12.0,16.0,1974.0,3.0,7.0,Golovinskoe,1000000
46,29.0,5.0,9.0,1975.0,2.0,5.0,Losinoostrovskoe,8000000
100,72.0,2.0,5.0,1958.0,4.0,9.0,Vostochnoe Izmajlovo,14600000
133,69.0,24.0,25.0,2008.0,3.0,21.0,Solncevo,17450000
53,33.0,1.0,5.0,1959.0,2.0,8.0,Ivanovskoe,7000000
53,32.0,4.0,16.0,1978.0,2.0,9.0,Altuf'evskoe,8700000
30,19.0,1.0,17.0,2011.0,1.0,3.0,Poselenie Sosenskoe,2000000
67,46.0,2.0,5.0,1961.0,3.0,8.0,Vostochnoe Izmajlovo,3000000
48,31.0,9.0,12.0,1968.0,2.0,8.0,Koptevo,7450000
50,29.0,2.0,12.0,1977.0,2.0,8.0,Juzhnoe Tushino,1300000
78,51.0,1.0,12.0,1984.0,4.0,8.0,Shhukino,12800000
76,45.0,6.0,16.0,2001.0,3.0,10.0,Mar'ino,12800000
37,19.0,5.0,14.0,1970.0,1.0,9.0,Rjazanskij,5960000
46,46.0,2.0,4.0,2014.0,1.0,1.0,Tverskoe,4328858
45,28.0,5.0,12.0,1965.0,2.0,6.0,Prospekt Vernadskogo,8200000
84,56.0,3.0,,,,,Severnoe Medvedkovo,11400000
34,18.0,7.0,9.0,1981.0,1.0,9.0,Pokrovskoe Streshnevo,6500000
38,19.0,16.0,16.0,1983.0,1.0,7.0,Orehovo-Borisovo Juzhnoe,7000000
26,14.0,3.0,,,,,Tekstil'shhiki,4500000
57,,9.0,16.0,2015.0,2.0,1.0,Sviblovo,9515520
54,32.0,16.0,17.0,1993.0,2.0,9.0,Mitino,8750000
39,22.0,11.0,12.0,1970.0,2.0,6.0,Chertanovo Central'noe,7000000
38,19.0,12.0,16.0,1982.0,1.0,9.0,Otradnoe,6800000
58,31.0,10.0,14.0,2002.0,2.0,12.0,Birjulevo Zapadnoe,8000000
76,45.0,16.0,16.0,1980.0,3.0,10.0,Mar'ino,11000000
78,42.0,4.0,18.0,2013.0,3.0,11.0,Poselenie Vnukovskoe,4280474
52,34.0,5.0,5.0,1959.0,3.0,5.0,Vostochnoe Izmajlovo,8800000
35,18.0,7.0,22.0,1983.0,1.0,9.0,Jakimanka,7400000
58,37.0,12.0,12.0,1964.0,3.0,6.0,Begovoe,11700000
77,55.0,7.0,22.0,2015.0,3.0,15.0,Mitino,12094615
57,57.0,14.0,14.0,2015.0,2.0,1.0,Mitino,9495926
104,57.0,2.0,18.0,2004.0,3.0,16.0,Kurkino,16500000
54,30.0,9.0,12.0,1978.0,2.0,8.0,Otradnoe,8000000
49,33.0,5.0,9.0,1979.0,3.0,6.0,Strogino,8500000
44,28.0,6.0,12.0,1965.0,2.0,5.0,Kotlovka,8850000
82,51.0,1.0,8.0,1957.0,3.0,7.0,Shhukino,12800000
58,58.0,2.0,18.0,2012.0,2.0,1.0,Severnoe Tushino,12877035
63,,3.0,17.0,0.0,2.0,1.0,Poselenie Vnukovskoe,7156490
43,28.0,5.0,5.0,1965.0,2.0,6.0,Birjulevo Vostochnoe,4950000
45,29.0,2.0,5.0,1970.0,2.0,5.0,Kon'kovo,7400000
37,,2.0,19.0,2014.0,1.0,1.0,Poselenie Shherbinka,3720650
54,32.0,11.0,17.0,2004.0,2.0,9.0,Ljublino,9800000
22,22.0,7.0,9.0,1969.0,2.0,22.0,Chertanovo Severnoe,1000000
30,17.0,2.0,5.0,1966.0,1.0,5.0,Severnoe Tushino,5500000
39,,8.0,17.0,0.0,1.0,1.0,Poselenie Vnukovskoe,5027831
78,52.0,3.0,8.0,1958.0,3.0,8.0,Lomonosovskoe,18900000
60,31.0,6.0,17.0,2002.0,2.0,12.0,Troparevo-Nikulino,12500000
38,18.0,7.0,16.0,2007.0,1.0,8.0,Kosino-Uhtomskoe,5615000
74,45.0,12.0,23.0,1987.0,3.0,10.0,Nagatinskij Zaton,14000000
62,,6.0,17.0,2014.0,2.0,1.0,Nagornoe,12761248
55,24.0,19.0,25.0,2010.0,1.0,12.0,Golovinskoe,9685600
41,,15.0,25.0,,1.0,1.0,Poselenie Moskovskij,4945931
37,19.0,2.0,17.0,1990.0,1.0,7.0,Gol'janovo,5400000
38,18.0,13.0,16.0,2006.0,1.0,8.0,Kosino-Uhtomskoe,6200000
40,40.0,15.0,17.0,0.0,1.0,1.0,Poselenie Vnukovskoe,4644685
31,21.0,2.0,9.0,1967.0,1.0,5.0,Mar'ina Roshha,6550000
15,11.0,4.0,5.0,1951.0,1.0,1.0,Vostochnoe Izmajlovo,2000000
54,30.0,3.0,12.0,1980.0,2.0,8.0,Ljublino,8375000
33,14.0,6.0,16.0,2002.0,1.0,10.0,Severnoe Tushino,6800000
97,52.0,6.0,9.0,1995.0,3.0,12.0,Tverskoe,34000000
49,31.0,7.0,14.0,1974.0,2.0,9.0,Birjulevo Zapadnoe,6100000
53,51.0,3.0,,,,,Pokrovskoe Streshnevo,9823190
56,29.0,1.0,17.0,2003.0,2.0,11.0,Ljublino,7200000
56,56.0,3.0,9.0,1965.0,3.0,5.0,Preobrazhenskoe,9600000
37,,10.0,17.0,,1.0,1.0,Nekrasovka,4171970
44,27.0,2.0,9.0,1967.0,2.0,5.0,Kon'kovo,6900000
29,27.0,8.0,1.0,2014.0,1.0,1.0,Poselenie Filimonkovskoe,2113637
60,43.0,6.0,9.0,1.0,3.0,6.0,Teplyj Stan,9300000
38,19.0,9.0,17.0,2000.0,1.0,7.0,Cheremushki,9200000
84,84.0,1.0,19.0,2015.0,3.0,1.0,Mitino,12363974
85,46.0,1.0,17.0,2008.0,3.0,10.0,Izmajlovo,6316940
33,20.0,3.0,5.0,1961.0,1.0,5.0,Presnenskoe,5600000
60,41.0,8.0,9.0,1971.0,3.0,6.0,Jaroslavskoe,9100000
33,18.0,4.0,9.0,1971.0,1.0,6.0,Chertanovo Juzhnoe,4900000
54,32.0,7.0,16.0,1975.0,2.0,9.0,Orehovo-Borisovo Severnoe,8550000
43,31.0,5.0,5.0,1964.0,3.0,5.0,Mozhajskoe,999000
48,28.0,2.0,9.0,1968.0,2.0,7.0,Matushkino,5600000
45,18.0,16.0,,,,,Poselenie Voskresenskoe,3871835
30,18.0,2.0,5.0,1964.0,1.0,5.0,Akademicheskoe,6200000
48,31.0,2.0,,,,,Chertanovo Central'noe,7800000
38,17.0,4.0,14.0,2004.0,1.0,8.0,Juzhnoe Butovo,5750000
42,42.0,6.0,0.0,0.0,1.0,0.0,Poselenie Sosenskoe,3916200
40,17.0,4.0,14.0,2005.0,1.0,8.0,Mozhajskoe,6100000
74,45.0,1.0,14.0,1996.0,3.0,10.0,Novokosino,1000000
37,19.0,11.0,17.0,2004.0,1.0,7.0,Perovo,7500000
44,27.0,9.0,,,,,Ivanovskoe,6700000
47,28.0,2.0,6.0,1955.0,2.0,7.0,Koptevo,8200000
32,18.0,5.0,9.0,1969.0,1.0,6.0,Vyhino-Zhulebino,2300000
64,39.0,5.0,5.0,1976.0,3.0,7.0,Pechatniki,7200000
55,27.0,4.0,23.0,2006.0,2.0,9.0,Ramenki,12900000
39,20.0,6.0,14.0,1992.0,1.0,8.0,Orehovo-Borisovo Severnoe,6200000
31,18.0,3.0,3.0,1963.0,1.0,6.0,Losinoostrovskoe,4350000
64,60.0,16.0,17.0,2014.0,2.0,1.0,Nekrasovka,6592000
32,1.0,12.0,19.0,2016.0,1.0,1.0,Poselenie Shherbinka,3708032
63,,16.0,17.0,0.0,2.0,1.0,Poselenie Vnukovskoe,7171769
114,82.0,5.0,15.0,2004.0,3.0,13.0,Ochakovo-Matveevskoe,26500000
76,44.0,5.0,16.0,1978.0,3.0,10.0,Donskoe,6620000
53,30.0,2.0,12.0,1982.0,2.0,8.0,Silino,7000000
70,67.0,14.0,17.0,2002.0,2.0,9.0,Horoshevo-Mnevniki,19000000
32,18.0,2.0,9.0,1974.0,1.0,6.0,Birjulevo Zapadnoe,4440000
29,16.0,6.0,9.0,1965.0,1.0,8.0,Nagatinskij Zaton,6200000
49,1.0,3.0,12.0,2015.0,3.0,1.0,Poselenie Sosenskoe,5197584
59,37.0,4.0,,,,,Ivanovskoe,1000000
86,49.0,8.0,23.0,2007.0,3.0,11.0,Rjazanskij,14600000
79,75.0,7.0,17.0,2014.0,3.0,10.0,Nekrasovka,7221456
81,1.0,13.0,1.0,2016.0,3.0,1.0,Poselenie Sosenskoe,8270041
42,42.0,10.0,24.0,1.0,1.0,1.0,Poselenie Vnukovskoe,5470436
61,39.0,3.0,14.0,1985.0,3.0,7.0,Brateevo,9700000
38,19.0,9.0,14.0,1974.0,1.0,9.0,Golovinskoe,3500000
120,87.0,10.0,,,,,Prospekt Vernadskogo,14325052
30,17.0,3.0,5.0,1959.0,1.0,5.0,Bogorodskoe,5650000
40,24.0,7.0,12.0,1970.0,2.0,5.0,Pokrovskoe Streshnevo,6800000
45,27.0,3.0,9.0,1972.0,2.0,6.0,Jaroslavskoe,6875000
55,29.0,7.0,12.0,2004.0,2.0,8.0,Kosino-Uhtomskoe,7650000
64,,6.0,17.0,,2.0,0.0,Nekrasovka,6528000
30,18.0,5.0,5.0,1961.0,1.0,6.0,Sokolinaja Gora,4300000
44,29.0,1.0,5.0,1967.0,2.0,6.0,Poselenie Kokoshkino,3800000
64,60.0,3.0,17.0,1.0,2.0,1.0,Tekstil'shhiki,6528000
44,27.0,1.0,9.0,1977.0,2.0,5.0,Zjablikovo,1000000
43,31.0,3.0,5.0,1960.0,2.0,5.0,Tekstil'shhiki,5900000
43,28.0,3.0,5.0,1962.0,2.0,5.0,Tekstil'shhiki,5550000
39,38.0,13.0,1.0,2013.0,1.0,1.0,Nagornoe,7544570
44,28.0,3.0,,,,,Chertanovo Severnoe,6500000
82,,6.0,,,,,Poselenie Sosenskoe,6383300
45,45.0,9.0,25.0,1.0,3.0,1.0,Poselenie Sosenskoe,5005000
42,27.0,2.0,5.0,1967.0,2.0,5.0,Bogorodskoe,5900000
46,45.0,5.0,5.0,1967.0,2.0,5.0,Golovinskoe,5800000
42,27.0,6.0,,,,,Bibirevo,6700000
33,17.0,8.0,12.0,1967.0,1.0,9.0,Sokolinaja Gora,3000000
43,27.0,8.0,9.0,1972.0,2.0,5.0,Izmajlovo,7400000
83,47.0,6.0,7.0,2002.0,3.0,8.0,Mar'ino,2500000
30,17.0,1.0,5.0,1966.0,1.0,5.0,Tekstil'shhiki,4300000
63,39.0,8.0,9.0,1971.0,3.0,8.0,Nagatino-Sadovniki,10700000
78,74.0,25.0,25.0,2015.0,3.0,0.0,Nagornoe,14800571
26,14.0,7.0,9.0,1973.0,1.0,6.0,Ivanovskoe,2000000
44,27.0,6.0,9.0,1974.0,2.0,6.0,Orehovo-Borisovo Juzhnoe,7800000
40,26.0,1.0,9.0,1965.0,2.0,5.0,Lomonosovskoe,7450000
44,28.0,9.0,,,,,Birjulevo Zapadnoe,5550000
28,15.0,2.0,4.0,1965.0,1.0,5.0,Poselenie Shherbinka,4100000
31,31.0,3.0,4.0,2014.0,1.0,1.0,Tverskoe,2176447
85,,20.0,25.0,2016.0,3.0,1.0,Mitino,11438948
69,33.0,12.0,16.0,2013.0,2.0,12.0,Juzhnoe Tushino,16499110
37,23.0,3.0,14.0,1969.0,2.0,6.0,Hovrino,6500000
83,44.0,17.0,22.0,2001.0,3.0,10.0,Ljublino,13300000
57,30.0,6.0,9.0,2004.0,2.0,12.0,Kosino-Uhtomskoe,7500000
39,,2.0,1.0,1.0,1.0,1.0,Nagatinskij Zaton,6154704
64,44.0,5.0,12.0,1972.0,3.0,9.0,Losinoostrovskoe,9200000
79,79.0,5.0,17.0,0.0,2.0,17.0,Poselenie Moskovskij,8222823
85,62.0,2.0,5.0,1931.0,4.0,7.0,Presnenskoe,16400000
60,33.0,9.0,17.0,1984.0,2.0,10.0,Otradnoe,10700000
60,33.0,4.0,17.0,2008.0,2.0,11.0,Juzhnoe Butovo,6950000
44,29.0,4.0,5.0,1960.0,2.0,5.0,Koptevo,6650000
40,20.0,2.0,14.0,2003.0,1.0,8.0,Juzhnoe Butovo,6400000
57,38.0,9.0,,,,,Rjazanskij,3500000
59,33.0,11.0,17.0,1994.0,2.0,10.0,Timirjazevskoe,12250000
64,64.0,5.0,8.0,1915.0,2.0,9.0,Meshhanskoe,15500000
38,19.0,6.0,17.0,2002.0,1.0,7.0,Bibirevo,6000000
72,43.0,10.0,10.0,2007.0,3.0,9.0,Matushkino,9600000
92,61.0,13.0,16.0,1990.0,4.0,10.0,Otradnoe,14800000
74,51.0,2.0,5.0,1958.0,3.0,8.0,Horoshevo-Mnevniki,11900000
61,56.0,22.0,25.0,2016.0,2.0,10.0,Mitino,10474874
51,30.0,4.0,14.0,1988.0,2.0,8.0,Novo-Peredelkino,4000000
73,45.0,6.0,16.0,1981.0,3.0,10.0,Chertanovo Severnoe,12400000
32,19.0,7.0,9.0,1969.0,1.0,6.0,Altuf'evskoe,4850000
84,,11.0,1.0,1.0,3.0,1.0,Krjukovo,8277750
80,39.0,6.0,28.0,2011.0,2.0,18.0,Strogino,9500000
65,44.0,1.0,8.0,1959.0,3.0,7.0,Gagarinskoe,5680000
41,27.0,5.0,5.0,1968.0,2.0,5.0,Kon'kovo,6700000
67,,10.0,,,,,Severnoe Tushino,12844000
66,43.0,7.0,10.0,1953.0,3.0,9.0,Alekseevskoe,16500000
40,,15.0,,,,,Mitino,6481793
57,41.0,8.0,9.0,1964.0,3.0,5.0,Filevskij Park,1000000
42,27.0,6.0,9.0,1972.0,2.0,6.0,Ivanovskoe,6260000
46,18.0,2.0,14.0,2003.0,1.0,11.0,Poselenie Shherbinka,5050000
52,52.0,15.0,17.0,0.0,2.0,1.0,Poselenie Vnukovskoe,6274411
40,38.0,6.0,12.0,1.0,1.0,1.0,Poselenie Desjonovskoe,3641760
66,44.0,5.0,12.0,1970.0,3.0,9.0,Donskoe,12500000
54,32.0,11.0,18.0,1998.0,2.0,9.0,Mar'ino,9500000
51,30.0,12.0,,,,,Brateevo,7800000
68,41.0,4.0,12.0,1986.0,3.0,8.0,Tverskoe,19900000
112,112.0,,,,,,Poselenie Voronovskoe,4794000
38,23.0,6.0,12.0,1968.0,2.0,6.0,Nagornoe,7450000
60,43.0,5.0,9.0,1972.0,3.0,5.0,Ivanovskoe,7500000
32,20.0,5.0,5.0,1966.0,1.0,5.0,Caricyno,4800000
51,29.0,5.0,14.0,1987.0,2.0,8.0,Novokosino,8000000
38,19.0,4.0,17.0,2002.0,1.0,7.0,Beskudnikovskoe,7400000
39,20.0,2.0,17.0,2017.0,1.0,8.0,Poselenie Vnukovskoe,4460964
61,,3.0,22.0,0.0,2.0,0.0,Poselenie Vnukovskoe,7154065
55,28.0,6.0,18.0,2008.0,2.0,9.0,Koptevo,10000000
42,27.0,4.0,5.0,1974.0,2.0,5.0,Poselenie Sosenskoe,5900000
46,28.0,6.0,12.0,1970.0,2.0,5.0,Ivanovskoe,8000000
35,19.0,12.0,12.0,1968.0,1.0,10.0,Novogireevo,5450000
43,27.0,2.0,9.0,1976.0,2.0,6.0,Cheremushki,7000000
63,38.0,4.0,9.0,1975.0,3.0,8.0,Otradnoe,1000000
61,29.0,4.0,5.0,1890.0,2.0,12.0,Presnenskoe,10850000
85,,4.0,25.0,2016.0,3.0,10.0,Mitino,10960073
50,,4.0,,,,,Poselenie Shherbinka,3888152
39,,10.0,17.0,,1.0,0.0,Poselenie Moskovskij,3742929
42,28.0,2.0,5.0,1962.0,2.0,5.0,Ajeroport,2000000
46,40.0,12.0,32.0,2006.0,1.0,1.0,Vostochnoe Degunino,8000000
57,31.0,11.0,17.0,1984.0,2.0,10.0,Krylatskoe,13800000
75,,17.0,17.0,0.0,3.0,1.0,Poselenie Vnukovskoe,9583324
31,30.0,4.0,4.0,2015.0,1.0,1.0,Horoshevskoe,5111100
44,28.0,3.0,4.0,1961.0,2.0,5.0,Kuncevo,6150000
32,18.0,7.0,9.0,1967.0,1.0,6.0,Kon'kovo,6800000
77,74.0,12.0,17.0,2013.0,3.0,1.0,Nekrasovka,7084686
74,33.0,2.0,5.0,1952.0,3.0,11.0,Shhukino,21500000
52,29.0,4.0,14.0,1998.0,2.0,8.0,Dmitrovskoe,8400000
43,27.0,6.0,9.0,1976.0,2.0,6.0,Jasenevo,7200000
98,55.0,21.0,21.0,2010.0,3.0,13.0,Jakimanka,15000000
63,32.0,7.0,23.0,2006.0,2.0,10.0,Rjazanskij,12400000
69,69.0,17.0,17.0,2014.0,2.0,1.0,Poselenie Sosenskoe,7829064
32,21.0,5.0,9.0,1963.0,1.0,5.0,Rostokino,6400000
30,18.0,2.0,5.0,1963.0,1.0,5.0,Pokrovskoe Streshnevo,1790000
96,96.0,22.0,25.0,2016.0,3.0,96.0,Rostokino,15765120
46,30.0,6.0,9.0,1977.0,2.0,5.0,Orehovo-Borisovo Severnoe,7500000
50,20.0,3.0,3.0,2016.0,1.0,13.0,Poselenie Moskovskij,6007299
55,34.0,2.0,8.0,1957.0,2.0,8.0,Dorogomilovo,16300000
29,27.0,12.0,17.0,2014.0,1.0,0.0,Poselenie Filimonkovskoe,2369495
101,101.0,7.0,1.0,2014.0,3.0,1.0,Izmajlovo,27353700
47,46.0,5.0,17.0,2015.0,2.0,10.0,Poselenie Filimonkovskoe,3879305
41,27.0,4.0,5.0,1964.0,2.0,5.0,Preobrazhenskoe,7300000
113,62.0,6.0,14.0,2008.0,3.0,14.0,Losinoostrovskoe,20000000
74,52.0,7.0,8.0,1957.0,3.0,9.0,Gagarinskoe,20200000
33,19.0,2.0,4.0,1962.0,1.0,6.0,Babushkinskoe,990000
34,19.0,3.0,12.0,1973.0,1.0,7.0,Birjulevo Vostochnoe,3000000
45,26.0,2.0,5.0,1969.0,2.0,6.0,Kon'kovo,7500000
51,30.0,13.0,17.0,1989.0,2.0,8.0,Zjuzino,7500000
65,44.0,9.0,12.0,1969.0,3.0,9.0,Tekstil'shhiki,3000000
49,27.0,8.0,,,,,Lefortovo,7000000
46,28.0,4.0,12.0,1972.0,2.0,9.0,Taganskoe,12000000
39,25.0,4.0,9.0,1961.0,2.0,5.0,Sokol,8100000
52,30.0,12.0,17.0,2010.0,2.0,9.0,Nekrasovka,3424544
34,19.0,9.0,9.0,1970.0,1.0,6.0,Chertanovo Central'noe,5225000
32,19.0,6.0,9.0,1964.0,1.0,5.0,Perovo,5300000
39,23.0,5.0,12.0,1967.0,2.0,6.0,Mozhajskoe,6600000
85,42.0,7.0,0.0,0.0,3.0,0.0,Poselenie Sosenskoe,9098264
44,,13.0,17.0,,1.0,1.0,Poselenie Sosenskoe,5388196
35,20.0,10.0,12.0,1968.0,1.0,9.0,Bogorodskoe,7000000
64,41.0,6.0,7.0,1927.0,2.0,7.0,Basmannoe,11700000
43,20.0,13.0,14.0,1987.0,1.0,8.0,Novokosino,6200000
52,30.0,11.0,12.0,1976.0,2.0,8.0,Otradnoe,1000000
41,20.0,8.0,17.0,2011.0,1.0,9.0,Poselenie Sosenskoe,4000000
45,28.0,4.0,5.0,1961.0,2.0,5.0,Dmitrovskoe,6470000
47,29.0,4.0,,,,,Butyrskoe,7000000
39,16.0,6.0,22.0,2009.0,1.0,8.0,Timirjazevskoe,5490000
60,34.0,14.0,17.0,1991.0,2.0,10.0,Mar'ino,8000000
76,40.0,16.0,,,,,Poselenie Voskresenskoe,6114610
104,56.0,11.0,12.0,2008.0,3.0,14.0,Gol'janovo,19300000
56,56.0,9.0,15.0,2015.0,2.0,1.0,Nagatinskij Zaton,11194600
89,52.0,22.0,22.0,2007.0,3.0,10.0,Juzhnoe Butovo,10100000
44,16.0,8.0,1.0,1.0,1.0,1.0,Poselenie Voskresenskoe,4669620
80,37.0,11.0,14.0,1976.0,2.0,12.0,Kuncevo,18200000
1,1.0,1.0,25.0,2014.0,1.0,1.0,Nekrasovka,4740000
58,57.0,5.0,,,,,Horoshevo-Mnevniki,990000
36,14.0,14.0,17.0,2005.0,1.0,9.0,Severnoe Butovo,2000000
54,32.0,4.0,17.0,1995.0,2.0,9.0,Ramenki,11900000
39,21.0,2.0,12.0,1968.0,2.0,7.0,Novogireevo,7000000
52,34.0,3.0,9.0,1976.0,3.0,6.0,Jasenevo,8325000
59,42.0,4.0,9.0,1974.0,3.0,6.0,Perovo,7800000
34,,15.0,1.0,,1.0,1.0,Poselenie Sosenskoe,3742816
60,33.0,4.0,18.0,2001.0,2.0,13.0,Presnenskoe,2000000
43,19.0,4.0,,,,,Obruchevskoe,1000000
41,26.0,2.0,5.0,1964.0,2.0,5.0,Juzhnoe Tushino,2000000
42,28.0,9.0,9.0,1965.0,2.0,5.0,Dmitrovskoe,6400000
75,44.0,5.0,14.0,1993.0,3.0,10.0,Mitino,12400000
91,1.0,14.0,20.0,2013.0,3.0,1.0,Ramenki,16026500
66,64.0,14.0,,,,,Ochakovo-Matveevskoe,8900000
32,19.0,8.0,9.0,1974.0,1.0,6.0,Bibirevo,5650000
44,28.0,3.0,9.0,1968.0,2.0,5.0,Severnoe Medvedkovo,6950000
61,,4.0,17.0,0.0,2.0,1.0,Poselenie Vnukovskoe,8156105
43,17.0,13.0,24.0,2012.0,1.0,9.0,Mitino,4771600
44,44.0,2.0,5.0,1960.0,2.0,5.0,Cheremushki,7100000
51,30.0,2.0,17.0,1986.0,2.0,8.0,Chertanovo Severnoe,9300000
38,19.0,13.0,14.0,2009.0,1.0,7.0,Gol'janovo,3000000
81,,2.0,24.0,1.0,3.0,1.0,Mitino,11187576
63,31.0,6.0,14.0,2011.0,2.0,9.0,Poselenie Sosenskoe,3600000
32,18.0,6.0,9.0,1975.0,1.0,6.0,Chertanovo Central'noe,1000000
40,18.0,8.0,17.0,2014.0,1.0,1.0,Poselenie Voskresenskoe,4530800
45,28.0,7.0,12.0,1968.0,2.0,5.0,Gol'janovo,7400000
71,44.0,11.0,12.0,1980.0,3.0,7.0,Nagatinskij Zaton,13200000
45,29.0,4.0,5.0,1980.0,2.0,5.0,Poselenie Rjazanovskoe,4000000
52,31.0,6.0,,,,,Obruchevskoe,9600000
38,20.0,1.0,12.0,1976.0,1.0,8.0,Teplyj Stan,5800000
79,45.0,16.0,17.0,2001.0,3.0,12.0,Horoshevo-Mnevniki,16150000
37,37.0,16.0,1.0,2013.0,1.0,1.0,Severnoe Tushino,7958800
77,45.0,16.0,16.0,1979.0,3.0,10.0,Horoshevskoe,13200000
48,25.0,1.0,,,,,Chertanovo Juzhnoe,6300000
72,40.0,8.0,15.0,2012.0,2.0,12.0,Birjulevo Vostochnoe,6700000
63,58.0,9.0,17.0,2014.0,2.0,1.0,Poselenie Voskresenskoe,5875000
35,23.0,4.0,5.0,1964.0,1.0,5.0,Bogorodskoe,3000000
32,31.0,4.0,,,,,Preobrazhenskoe,3600000
58,34.0,11.0,17.0,1972.0,2.0,10.0,Otradnoe,10700000
43,19.0,4.0,17.0,2013.0,1.0,1.0,Poselenie Krasnopahorskoe,2832494
62,62.0,6.0,12.0,1978.0,3.0,8.0,Nagatinskij Zaton,11150000
82,82.0,3.0,3.0,0.0,3.0,1.0,Poselenie Filimonkovskoe,6341622
47,46.0,6.0,6.0,2015.0,2.0,1.0,Poselenie Filimonkovskoe,3581969
37,19.0,11.0,16.0,1981.0,1.0,8.0,Mar'ino,6700000
62,37.0,7.0,9.0,1971.0,3.0,8.0,Hovrino,9450000
43,25.0,7.0,9.0,1969.0,2.0,7.0,Hamovniki,3000000
69,28.0,16.0,,,,,Troickij okrug,6800000
1,1.0,1.0,1.0,1.0,1.0,1.0,Pokrovskoe Streshnevo,13066000
72,38.0,4.0,17.0,2007.0,2.0,12.0,Bogorodskoe,16400000
60,34.0,16.0,17.0,1999.0,2.0,10.0,Obruchevskoe,13500000
77,52.0,2.0,10.0,1960.0,3.0,7.0,Timirjazevskoe,14300000
39,20.0,1.0,10.0,2010.0,1.0,39.0,Strogino,7100000
39,23.0,4.0,12.0,1970.0,2.0,6.0,Kotlovka,7750000
38,24.0,8.0,9.0,1970.0,1.0,6.0,Taganskoe,7700000
99,50.0,16.0,22.0,2003.0,3.0,11.0,Cheremushki,23000000
37,37.0,19.0,19.0,2014.0,1.0,1.0,Strogino,7598600
62,40.0,6.0,9.0,1965.0,3.0,6.0,Tekstil'shhiki,9500000
38,19.0,12.0,17.0,2008.0,1.0,7.0,Poselenie Moskovskij,2240000
66,,7.0,20.0,2017.0,2.0,1.0,Prospekt Vernadskogo,11294800
47,29.0,12.0,12.0,1976.0,2.0,9.0,Orehovo-Borisovo Severnoe,7000000
54,30.0,3.0,19.0,1998.0,2.0,11.0,Severnoe Butovo,8300000
100,69.0,6.0,7.0,1960.0,4.0,9.0,Nagatino-Sadovniki,17000000
73,43.0,13.0,17.0,1994.0,3.0,10.0,Juzhnoe Butovo,10650000
32,16.0,8.0,12.0,1975.0,1.0,7.0,Shhukino,6550000
38,1.0,6.0,17.0,2016.0,1.0,1.0,Nekrasovka,4400000
52,30.0,9.0,12.0,1980.0,2.0,8.0,Strogino,9600000
75,45.0,2.0,16.0,1981.0,3.0,10.0,Teplyj Stan,11500000
76,,24.0,25.0,,3.0,1.0,Nekrasovka,7562000
47,30.0,2.0,12.0,1976.0,2.0,6.0,Otradnoe,7800000
53,30.0,9.0,12.0,1983.0,2.0,8.0,Otradnoe,1500000
159,159.0,1.0,,,,,Poselenie Pervomajskoe,7434966
48,36.0,8.0,,,,,Lefortovo,13400000
41,21.0,2.0,7.0,1998.0,1.0,8.0,Novokosino,4600000
43,28.0,5.0,5.0,1963.0,2.0,5.0,Golovinskoe,5700000
64,35.0,3.0,3.0,2014.0,2.0,8.0,Poselenie Krasnopahorskoe,3961107
77,,8.0,,,,,Poselenie Sosenskoe,5998300
50,30.0,7.0,,,,,Brateevo,7800000
74,45.0,4.0,14.0,1994.0,3.0,10.0,Juzhnoe Butovo,10700000
26,,2.0,2.0,2014.0,1.0,1.0,Mitino,6247363
71,49.0,2.0,,,,,Matushkino,990000
116,116.0,8.0,12.0,2016.0,3.0,1.0,Poselenie Sosenskoe,8523460
36,36.0,10.0,17.0,2015.0,1.0,10.0,Poselenie Sosenskoe,3595560
66,39.0,15.0,22.0,2006.0,2.0,13.0,Horoshevo-Mnevniki,16250000
31,19.0,3.0,5.0,1965.0,1.0,5.0,Bogorodskoe,4900000
37,23.0,4.0,12.0,1970.0,2.0,6.0,Rjazanskij,6200000
59,58.0,4.0,9.0,1967.0,3.0,6.0,Severnoe Tushino,8950000
29,16.0,3.0,5.0,1958.0,1.0,5.0,Nizhegorodskoe,4400000
52,30.0,4.0,14.0,1984.0,2.0,8.0,Orehovo-Borisovo Severnoe,8425000
44,27.0,5.0,5.0,1964.0,2.0,5.0,Koptevo,2000000
52,30.0,4.0,12.0,1987.0,2.0,8.0,Poselenie Shherbinka,6300000
69,40.0,3.0,16.0,1980.0,3.0,8.0,Orehovo-Borisovo Juzhnoe,10200000
66,40.0,18.0,24.0,2016.0,2.0,10.0,Mitino,10091157
53,30.0,14.0,14.0,1989.0,2.0,8.0,Novo-Peredelkino,7500000
63,35.0,10.0,17.0,2010.0,2.0,10.0,Horoshevo-Mnevniki,8400000
39,,4.0,17.0,,1.0,1.0,Poselenie Moskovskij,3651867
52,30.0,10.0,14.0,2006.0,2.0,9.0,Kosino-Uhtomskoe,8100000
33,19.0,3.0,9.0,1971.0,1.0,6.0,Mozhajskoe,5550000
34,21.0,6.0,9.0,1965.0,2.0,6.0,Golovinskoe,6300000
46,28.0,9.0,12.0,1980.0,2.0,6.0,Strogino,8200000
40,16.0,12.0,17.0,2009.0,1.0,8.0,Troickij okrug,4520000
43,43.0,4.0,22.0,2016.0,1.0,1.0,Poselenie Shherbinka,3853709
97,97.0,12.0,17.0,2016.0,3.0,10.0,Levoberezhnoe,14065000
79,38.0,14.0,,,,,Lefortovo,8500000
55,29.0,4.0,14.0,2004.0,2.0,8.0,Koptevo,8900000
27,27.0,6.0,17.0,2013.0,1.0,10.0,Poselenie Filimonkovskoe,3468416
53,28.0,6.0,16.0,1984.0,2.0,11.0,Mar'ina Roshha,10450000
33,17.0,8.0,9.0,1967.0,1.0,7.0,Gol'janovo,6000000
78,53.0,1.0,5.0,1934.0,3.0,9.0,Pokrovskoe Streshnevo,10600000
34,19.0,9.0,14.0,1968.0,1.0,9.0,Savelki,1000000
57,,3.0,1.0,1.0,2.0,1.0,Poselenie Sosenskoe,4981800
75,,6.0,0.0,,3.0,0.0,Poselenie Desjonovskoe,6058607
82,45.0,14.0,18.0,1993.0,3.0,10.0,Vyhino-Zhulebino,11000000
34,19.0,4.0,12.0,1966.0,1.0,9.0,Zjuzino,6300000
39,19.0,17.0,17.0,1991.0,1.0,8.0,Mar'ino,6850000
30,18.0,2.0,5.0,1960.0,1.0,5.0,Tekstil'shhiki,5000000
75,42.0,3.0,9.0,1973.0,3.0,10.0,Gol'janovo,9000000
67,44.0,7.0,14.0,1970.0,3.0,8.0,Hovrino,9800000
54,28.0,1.0,16.0,1977.0,2.0,11.0,Beskudnikovskoe,8000000
39,19.0,16.0,17.0,1987.0,1.0,8.0,Orehovo-Borisovo Juzhnoe,6500000
45,30.0,3.0,5.0,1960.0,2.0,5.0,Severnoe Izmajlovo,6450000
48,31.0,7.0,12.0,1971.0,2.0,8.0,Mar'ina Roshha,8400000
44,30.0,1.0,,,,,Lomonosovskoe,6750000
35,18.0,4.0,9.0,1972.0,1.0,5.0,Preobrazhenskoe,3000000
41,25.0,2.0,5.0,1964.0,2.0,5.0,Kuz'minki,6000000
82,37.0,11.0,20.0,2014.0,2.0,11.0,Poselenie Vnukovskoe,8917028
29,27.0,7.0,20.0,,1.0,1.0,Poselenie Filimonkovskoe,2117363
54,32.0,10.0,16.0,1982.0,2.0,9.0,Strogino,1200000
37,22.0,6.0,9.0,1963.0,2.0,7.0,Cheremushki,8150000
39,17.0,18.0,18.0,2009.0,1.0,8.0,Koptevo,5900000
69,39.0,2.0,12.0,1988.0,3.0,7.0,Ljublino,6300000
1,40.0,10.0,17.0,2013.0,1.0,1.0,Poselenie Shherbinka,3357774
64,64.0,7.0,17.0,0.0,2.0,1.0,Poselenie Moskovskij,6621056
74,43.0,10.0,17.0,2009.0,3.0,10.0,Mozhajskoe,14800000
69,47.0,3.0,1.0,2017.0,3.0,9.0,Poselenie Novofedorovskoe,3748680
76,40.0,2.0,2.0,2015.0,3.0,11.0,Poselenie Voskresenskoe,8066865
85,81.0,14.0,10.0,2002.0,3.0,10.0,Mar'ino,12200000
38,37.0,12.0,15.0,2015.0,1.0,10.0,Nagatinskij Zaton,6699664
44,29.0,2.0,9.0,1974.0,2.0,6.0,Ivanovskoe,2000000
47,30.0,3.0,9.0,1977.0,2.0,7.0,Golovinskoe,7400000
54,54.0,1.0,5.0,2013.0,2.0,10.0,Troickij okrug,5033160
82,82.0,3.0,17.0,2014.0,3.0,10.0,Poselenie Sosenskoe,8200170
36,22.0,9.0,9.0,1963.0,2.0,7.0,Vostochnoe Izmajlovo,1000000
47,31.0,11.0,14.0,1970.0,2.0,8.0,Preobrazhenskoe,7000000
42,28.0,2.0,5.0,1960.0,2.0,5.0,Mitino,8700000
47,28.0,1.0,12.0,1979.0,2.0,6.0,Otradnoe,7200000
65,,9.0,17.0,0.0,2.0,8.0,Poselenie Sosenskoe,7025760
43,21.0,7.0,14.0,1994.0,1.0,8.0,Krjukovo,4800000
47,30.0,2.0,12.0,1974.0,2.0,6.0,Birjulevo Zapadnoe,6300000
39,16.0,4.0,5.0,2014.0,1.0,11.0,Novo-Peredelkino,4834289
75,,5.0,,,,,Nekrasovka,6683688
74,38.0,41.0,48.0,2013.0,2.0,5.0,Jakimanka,14500000
38,19.0,3.0,16.0,1979.0,1.0,9.0,Losinoostrovskoe,6200000
54,31.0,4.0,16.0,1978.0,2.0,8.0,Lianozovo,7800000
115,54.0,7.0,30.0,2010.0,3.0,14.0,Zjuzino,21238792
44,28.0,5.0,12.0,1970.0,2.0,5.0,Rjazanskij,6850000
53,28.0,2.0,17.0,2008.0,2.0,9.0,Koptevo,3000000
111,63.0,11.0,11.0,1957.0,4.0,11.0,Sokolinaja Gora,23900000
41,27.0,2.0,9.0,1967.0,2.0,5.0,Bogorodskoe,7520000
60,36.0,7.0,17.0,2014.0,2.0,1.0,Poselenie Voskresenskoe,6605110
37,,5.0,17.0,2015.0,1.0,10.0,Solncevo,3739716
53,35.0,5.0,5.0,1962.0,3.0,5.0,Zjuzino,2000000
58,34.0,,,,,,Obruchevskoe,2000000
45,30.0,5.0,5.0,1960.0,2.0,5.0,Danilovskoe,2000000
45,28.0,3.0,12.0,1967.0,2.0,6.0,Preobrazhenskoe,8500000
55,30.0,7.0,10.0,2002.0,2.0,11.0,Matushkino,5000000
38,15.0,12.0,17.0,0.0,1.0,10.0,Poselenie Vnukovskoe,5088076
31,21.0,8.0,9.0,1966.0,1.0,5.0,Nagatino-Sadovniki,6000000
72,44.0,3.0,14.0,2001.0,3.0,10.0,Juzhnoe Butovo,10400000
38,17.0,7.0,9.0,2005.0,1.0,1.0,Juzhnoe Butovo,5600000
60,40.0,2.0,17.0,2015.0,2.0,10.0,Nekrasovka,6720000
34,,12.0,,,,,Poselenie Filimonkovskoe,2332891
67,,18.0,19.0,,2.0,1.0,Poselenie Sosenskoe,8203065
92,58.0,4.0,14.0,1993.0,4.0,8.0,Krjukovo,9700000
117,66.0,6.0,24.0,2012.0,3.0,12.0,Mitino,2000000
83,34.0,14.0,30.0,2010.0,1.0,14.0,Zjuzino,18321388
52,30.0,10.0,17.0,2006.0,2.0,9.0,Kosino-Uhtomskoe,7150000
93,58.0,6.0,6.0,1940.0,3.0,11.0,Donskoe,22500000
36,17.0,14.0,14.0,1970.0,1.0,7.0,Sokol'niki,6700000
71,42.0,14.0,16.0,1968.0,3.0,7.0,Juzhnoportovoe,8000000
73,,3.0,17.0,2016.0,3.0,12.0,Nekrasovka,7315000
46,29.0,5.0,5.0,1965.0,2.0,5.0,Caricyno,6400000
65,43.0,11.0,12.0,1975.0,3.0,7.0,Chertanovo Juzhnoe,1000000
61,35.0,3.0,5.0,1954.0,2.0,8.0,Tekstil'shhiki,8600000
41,41.0,12.0,24.0,2015.0,1.0,0.0,Poselenie Sosenskoe,4233000
45,30.0,2.0,5.0,1963.0,2.0,5.0,Akademicheskoe,8470000
34,19.0,11.0,12.0,1974.0,1.0,9.0,Pechatniki,4735000
36,36.0,8.0,17.0,2017.0,1.0,10.0,Taganskoe,3090160
38,,6.0,22.0,,1.0,1.0,Nagatinskij Zaton,6961603
62,58.0,22.0,25.0,2015.0,2.0,10.0,Mitino,10374099
36,20.0,2.0,9.0,1973.0,1.0,6.0,Teplyj Stan,6400000
69,44.0,7.0,14.0,1975.0,3.0,9.0,Teplyj Stan,10200000
31,18.0,2.0,5.0,1963.0,1.0,5.0,Ajeroport,5850000
60,60.0,6.0,6.0,2015.0,2.0,1.0,Mitino,9663138
76,45.0,11.0,,,,,Rostokino,2000000
73,44.0,13.0,16.0,1975.0,3.0,10.0,Bibirevo,12370000
106,66.0,10.0,24.0,1999.0,4.0,11.0,Chertanovo Severnoe,20400000
30,18.0,1.0,5.0,1962.0,1.0,5.0,Kuz'minki,4800000
42,26.0,5.0,5.0,1965.0,2.0,5.0,Perovo,6000000
94,,2.0,1.0,1.0,4.0,1.0,Mitino,13399171
39,38.0,12.0,25.0,2014.0,1.0,1.0,Nekrasovka,4819000
34,34.0,3.0,3.0,2017.0,1.0,1.0,Poselenie Novofedorovskoe,1732252
101,101.0,7.0,,,,,Poselenie Moskovskij,7690127
65,,4.0,0.0,,2.0,0.0,Poselenie Shherbinka,5243563
38,24.0,1.0,5.0,1962.0,2.0,5.0,Juzhnoportovoe,6300000
61,33.0,9.0,12.0,2006.0,2.0,11.0,Kosino-Uhtomskoe,8800000
61,34.0,12.0,14.0,1997.0,2.0,10.0,Novokosino,3800000
53,27.0,5.0,16.0,1978.0,2.0,10.0,Ostankinskoe,13000000
41,20.0,10.0,12.0,1988.0,1.0,8.0,Tekstil'shhiki,6600000
44,,4.0,16.0,2015.0,1.0,1.0,Poselenie Sosenskoe,5620517
60,33.0,7.0,17.0,1987.0,2.0,10.0,Krylatskoe,14465000
53,30.0,13.0,14.0,1994.0,2.0,8.0,Krjukovo,6850000
35,19.0,2.0,12.0,1972.0,1.0,9.0,Lefortovo,6100000
51,31.0,2.0,5.0,1960.0,2.0,7.0,Timirjazevskoe,10500000
199,157.0,10.0,12.0,2007.0,2.0,11.0,Vojkovskoe,41984796
59,59.0,6.0,9.0,2014.0,2.0,1.0,Nagornoe,11814667
54,28.0,11.0,16.0,1984.0,2.0,11.0,Birjulevo Zapadnoe,6500000
35,19.0,1.0,3.0,1960.0,1.0,8.0,Altuf'evskoe,1000000
64,,13.0,17.0,,2.0,0.0,Nekrasovka,6592000
71,69.0,4.0,17.0,2015.0,2.0,1.0,Presnenskoe,21552242
46,33.0,2.0,5.0,1964.0,2.0,5.0,Kotlovka,6100000
76,40.0,2.0,9.0,2001.0,3.0,11.0,Juzhnoe Butovo,10400000
59,,9.0,,,,,Poselenie Sosenskoe,4554240
51,,2.0,17.0,2015.0,2.0,1.0,Poselenie Vnukovskoe,5949725
61,61.0,9.0,17.0,0.0,2.0,10.0,Solncevo,5659808
58,45.0,3.0,9.0,1968.0,3.0,5.0,Gol'janovo,7700000
44,30.0,5.0,5.0,1968.0,2.0,5.0,Kuz'minki,5680000
56,32.0,20.0,,,,,Ochakovo-Matveevskoe,11756400
38,18.0,13.0,13.0,2000.0,1.0,9.0,Brateevo,6550000
44,28.0,7.0,,,,,Izmajlovo,7100000
43,29.0,5.0,5.0,1962.0,2.0,5.0,Zjuzino,1000000
69,36.0,7.0,17.0,2012.0,2.0,16.0,Poselenie Sosenskoe,3635764
36,22.0,6.0,9.0,1962.0,2.0,7.0,Danilovskoe,8100000
56,40.0,19.0,24.0,2016.0,2.0,13.0,Nagatinskij Zaton,11194600
52,52.0,10.0,17.0,1.0,2.0,1.0,Poselenie Vnukovskoe,5729465
39,39.0,7.0,,,,,Tverskoe,3262890
45,28.0,1.0,9.0,1977.0,2.0,6.0,Jasenevo,6450000
77,74.0,13.0,17.0,2014.0,3.0,1.0,Nekrasovka,7536900
45,28.0,4.0,5.0,1965.0,2.0,5.0,Caricyno,6400000
43,20.0,11.0,12.0,1975.0,1.0,8.0,Bibirevo,7500000
37,19.0,9.0,16.0,1982.0,1.0,8.0,Nagatinskij Zaton,6900000
59,32.0,16.0,17.0,2007.0,2.0,12.0,Nekrasovka,7600000
81,48.0,4.0,12.0,1999.0,3.0,8.0,Mitino,9600000
60,44.0,7.0,9.0,1974.0,3.0,5.0,Jaroslavskoe,8200000
31,19.0,5.0,5.0,1961.0,1.0,5.0,Severnoe Izmajlovo,4800000
44,30.0,2.0,5.0,1964.0,2.0,5.0,Caricyno,1000000
43,17.0,25.0,25.0,2013.0,1.0,10.0,Chertanovo Central'noe,3000000
60,35.0,2.0,5.0,1957.0,2.0,7.0,Butyrskoe,10500000
43,18.0,6.0,25.0,2001.0,1.0,9.0,Mar'ino,7400000
45,28.0,9.0,14.0,1972.0,2.0,6.0,Veshnjaki,6650000
63,37.0,3.0,8.0,1951.0,2.0,9.0,Sokol,13900000
34,17.0,1.0,5.0,1958.0,1.0,6.0,Ramenki,6300000
75,53.0,1.0,5.0,1957.0,3.0,8.0,Alekseevskoe,1000000
80,,3.0,0.0,0.0,3.0,0.0,Severnoe Tushino,14426880
31,20.0,3.0,,,,,Akademicheskoe,5300000
56,36.0,3.0,5.0,1965.0,3.0,5.0,Severnoe Tushino,4000000
31,18.0,3.0,5.0,1959.0,1.0,6.0,Severnoe Izmajlovo,5550000
31,21.0,8.0,9.0,1962.0,1.0,5.0,Kotlovka,3000000
82,61.0,2.0,5.0,1931.0,4.0,6.0,Sokol'niki,13600000
37,1.0,3.0,4.0,2015.0,1.0,1.0,Poselenie Filimonkovskoe,3270910
32,16.0,6.0,12.0,1971.0,1.0,7.0,Shhukino,6100000
30,30.0,2.0,4.0,1957.0,1.0,4.0,Akademicheskoe,6400000
37,19.0,5.0,16.0,1977.0,1.0,7.0,Chertanovo Central'noe,1000000
96,,21.0,1.0,,4.0,1.0,Mitino,12382187
83,83.0,7.0,17.0,2014.0,2.0,1.0,Poselenie Moskovskij,8970930
41,21.0,7.0,12.0,1995.0,1.0,8.0,Mar'ino,6800000
63,,2.0,17.0,2015.0,2.0,10.0,Poselenie Vnukovskoe,6264237
38,23.0,8.0,14.0,1969.0,2.0,6.0,Savelki,4700000
57,57.0,3.0,,,,,Poselenie Moskovskij,4984036
47,30.0,7.0,12.0,1979.0,2.0,6.0,Otradnoe,7000000
58,58.0,6.0,15.0,2016.0,1.0,0.0,Horoshevo-Mnevniki,12700000
46,29.0,2.0,12.0,1974.0,2.0,6.0,Bibirevo,8200000
63,48.0,5.0,5.0,1964.0,3.0,6.0,Perovo,5600000
36,18.0,8.0,,,,,Severnoe Tushino,6700000
60,33.0,13.0,14.0,2002.0,2.0,12.0,Juzhnoe Medvedkovo,12500000
49,28.0,2.0,,,,,Meshhanskoe,8500000
102,65.0,13.0,22.0,1993.0,4.0,10.0,Troparevo-Nikulino,16800000
32,16.0,9.0,12.0,1972.0,1.0,8.0,Gagarinskoe,6500000
53,29.0,16.0,16.0,1985.0,2.0,9.0,Rjazanskij,8725000
83,83.0,8.0,17.0,2015.0,2.0,1.0,Poselenie Moskovskij,9054730
36,20.0,10.0,12.0,1967.0,1.0,9.0,Severnoe Medvedkovo,6000000
69,51.0,3.0,5.0,2010.0,3.0,8.0,Koptevo,10650000
58,44.0,1.0,9.0,1974.0,3.0,5.0,Horoshevo-Mnevniki,8500000
75,46.0,6.0,17.0,1989.0,3.0,10.0,Troparevo-Nikulino,14800000
43,31.0,1.0,5.0,1961.0,2.0,6.0,Izmajlovo,6500000
76,44.0,6.0,22.0,2001.0,3.0,10.0,Mar'ino,12100000
52,35.0,1.0,9.0,1963.0,3.0,3.0,Sokol,8980000
58,28.0,13.0,,,,,Tverskoe,10750000
47,31.0,6.0,9.0,1970.0,2.0,6.0,Horoshevo-Mnevniki,8650000
61,29.0,4.0,,,,,Poselenie Voskresenskoe,5353530
40,20.0,7.0,12.0,2003.0,1.0,8.0,Ljublino,5800000
40,26.0,2.0,9.0,1967.0,2.0,5.0,Lomonosovskoe,7850000
34,21.0,1.0,5.0,1960.0,1.0,6.0,Ljublino,4550000
38,20.0,9.0,14.0,1985.0,1.0,8.0,Brateevo,2000000
74,45.0,10.0,17.0,1990.0,3.0,10.0,Ramenki,14900000
34,19.0,7.0,9.0,1978.0,1.0,6.0,Gol'janovo,5500000
72,0.0,10.0,0.0,2016.0,2.0,0.0,Poselenie Moskovskij,7731241
37,19.0,9.0,16.0,1976.0,1.0,9.0,Vyhino-Zhulebino,5250000
76,44.0,17.0,17.0,1989.0,3.0,10.0,Otradnoe,12650000
79,79.0,16.0,17.0,0.0,3.0,0.0,Poselenie Vnukovskoe,8176529
51,,4.0,17.0,,2.0,1.0,Tekstil'shhiki,5842100
36,18.0,6.0,25.0,2008.0,1.0,7.0,Solncevo,1000000
42,28.0,4.0,,,,,Rjazanskij,5700000
38,22.0,5.0,9.0,1964.0,2.0,7.0,Nagornoe,7150000
45,45.0,12.0,12.0,2014.0,1.0,8.0,Ramenki,8011500
60,55.0,14.0,,,,,Poselenie Voskresenskoe,5082880
44,28.0,5.0,5.0,1962.0,2.0,5.0,Metrogorodok,6000000
42,20.0,8.0,12.0,1983.0,1.0,8.0,Jaroslavskoe,6600000
55,38.0,2.0,9.0,1965.0,3.0,5.0,Timirjazevskoe,10500000
167,,26.0,,,,,Obruchevskoe,18477800
40,22.0,2.0,5.0,1961.0,1.0,8.0,Juzhnoportovoe,6400000
79,,2.0,17.0,0.0,1.0,0.0,Solncevo,6800495
64,46.0,7.0,9.0,1972.0,4.0,6.0,Teplyj Stan,10000000
38,38.0,3.0,17.0,2015.0,1.0,1.0,Nekrasovka,4389000
41,21.0,4.0,14.0,1993.0,1.0,8.0,Birjulevo Zapadnoe,5200000
47,30.0,6.0,9.0,1967.0,2.0,7.0,Moskvorech'e-Saburovo,8500000
51,30.0,17.0,17.0,2011.0,2.0,9.0,Poselenie Moskovskij,3439669
31,30.0,2.0,17.0,2014.0,1.0,1.0,Poselenie Filimonkovskoe,2364750
35,21.0,6.0,9.0,1972.0,1.0,6.0,Jakimanka,7500000
75,44.0,3.0,16.0,1981.0,3.0,10.0,Strogino,14550000
32,18.0,7.0,9.0,1968.0,1.0,6.0,Kon'kovo,5550000
58,58.0,1.0,1.0,2013.0,2.0,1.0,Strogino,10519950
41,20.0,5.0,12.0,1980.0,1.0,8.0,Mar'ino,5390000
51,33.0,3.0,9.0,2015.0,2.0,10.0,Poselenie Vnukovskoe,7000760
58,,15.0,17.0,0.0,2.0,1.0,Nekrasovka,6396300
99,63.0,6.0,22.0,1989.0,4.0,10.0,Chertanovo Central'noe,16300000
52,20.0,13.0,17.0,2015.0,1.0,13.0,Poselenie Moskovskij,5785757
92,54.0,3.0,12.0,1998.0,4.0,10.0,Novokosino,12200000
52,52.0,17.0,17.0,2013.0,2.0,1.0,Nekrasovka,5073100
66,66.0,14.0,14.0,2014.0,1.0,1.0,Tverskoe,3890818
45,29.0,4.0,5.0,1958.0,2.0,5.0,Filevskij Park,9000000
75,46.0,9.0,16.0,1977.0,3.0,10.0,Lianozovo,12400000
31,18.0,2.0,5.0,1965.0,1.0,5.0,Metrogorodok,5050000
64,43.0,12.0,12.0,1972.0,3.0,7.0,Chertanovo Severnoe,8780000
52,,15.0,17.0,,2.0,1.0,Solncevo,6177524
44,28.0,6.0,9.0,1976.0,2.0,6.0,Zjuzino,7280000
58,58.0,16.0,25.0,2016.0,2.0,10.0,Mitino,9012409
71,43.0,9.0,17.0,1983.0,3.0,10.0,Birjulevo Vostochnoe,3000000
74,45.0,2.0,17.0,1988.0,3.0,10.0,Ljublino,9300000
34,,12.0,12.0,2015.0,1.0,6.0,Poselenie Filimonkovskoe,2612319
37,22.0,3.0,12.0,1969.0,2.0,6.0,Caricyno,7100000
40,,11.0,12.0,,1.0,1.0,Tverskoe,5040000
85,50.0,6.0,14.0,2008.0,3.0,10.0,Zapadnoe Degunino,13950000
56,56.0,17.0,19.0,0.0,2.0,1.0,Tverskoe,4902262
35,19.0,5.0,14.0,1972.0,1.0,9.0,Birjulevo Vostochnoe,5300000
42,26.0,1.0,5.0,1964.0,2.0,6.0,Pechatniki,5300000
66,44.0,11.0,12.0,1973.0,3.0,7.0,Mar'ina Roshha,13100000
33,16.0,4.0,5.0,1958.0,1.0,9.0,Shhukino,3000000
77,77.0,9.0,9.0,2016.0,2.0,0.0,Poselenie Sosenskoe,6922308
32,19.0,2.0,9.0,1993.0,1.0,6.0,Poselenie Mosrentgen,990000
48,20.0,2.0,20.0,2006.0,1.0,11.0,Mitino,990000
33,17.0,5.0,,,,,Severnoe Izmajlovo,5100000
107,59.0,2.0,24.0,2001.0,3.0,14.0,Taganskoe,33000000
35,19.0,9.0,12.0,1966.0,1.0,9.0,Nagornoe,2000000
37,18.0,9.0,17.0,1993.0,1.0,8.0,Izmajlovo,6400000
53,28.0,4.0,16.0,1981.0,2.0,11.0,Mar'ina Roshha,10000000
104,60.0,8.0,18.0,2009.0,3.0,14.0,Horoshevskoe,21848242
61,61.0,12.0,17.0,2014.0,2.0,9.0,Poselenie Vnukovskoe,6280672
77,45.0,21.0,22.0,1986.0,3.0,9.0,Lomonosovskoe,17800000
74,44.0,12.0,17.0,1988.0,3.0,10.0,Lefortovo,12500000
44,27.0,2.0,9.0,1967.0,2.0,5.0,Severnoe Tushino,3000000
30,18.0,2.0,5.0,1963.0,1.0,5.0,Tekstil'shhiki,5350000
32,21.0,3.0,9.0,1965.0,1.0,5.0,Kuz'minki,4010000
62,39.0,8.0,14.0,1989.0,3.0,8.0,Novo-Peredelkino,2800000
67,32.0,1.0,16.0,2014.0,2.0,12.0,Poselenie Voskresenskoe,6130500
73,44.0,14.0,16.0,1988.0,3.0,10.0,Horoshevo-Mnevniki,14000000
82,50.0,10.0,14.0,2003.0,3.0,10.0,Ljublino,13000000
76,76.0,9.0,15.0,2014.0,3.0,12.0,Poselenie Shherbinka,5916443
68,48.0,1.0,3.0,1929.0,3.0,5.0,Basmannoe,10500000
65,45.0,12.0,12.0,1979.0,3.0,6.0,Bibirevo,9800000
53,30.0,2.0,12.0,1982.0,2.0,8.0,Otradnoe,9150000
45,30.0,2.0,5.0,1964.0,2.0,5.0,Perovo,6300000
45,30.0,3.0,12.0,1972.0,2.0,6.0,Chertanovo Severnoe,8300000
77,72.0,5.0,9.0,2014.0,2.0,1.0,Zapadnoe Degunino,5485960
64,40.0,6.0,24.0,2017.0,2.0,12.0,Nagatinskij Zaton,9701906
64,39.0,9.0,12.0,1978.0,3.0,8.0,Nagatinskij Zaton,12600000
35,19.0,9.0,12.0,1970.0,1.0,9.0,Golovinskoe,6300000
45,,5.0,25.0,2015.0,3.0,0.0,Poselenie Sosenskoe,4771130
62,,9.0,9.0,2015.0,2.0,1.0,Poselenie Vnukovskoe,8991910
35,17.0,5.0,5.0,1958.0,1.0,8.0,Vojkovskoe,1200000
63,63.0,11.0,17.0,2014.0,2.0,1.0,Poselenie Voronovskoe,6093691
38,19.0,14.0,16.0,1980.0,1.0,8.0,Lianozovo,6300000
53,32.0,2.0,17.0,1989.0,2.0,9.0,Novo-Peredelkino,7500000
71,,7.0,0.0,,3.0,0.0,Poselenie Shherbinka,5584120
39,19.0,3.0,10.0,1993.0,1.0,8.0,Vyhino-Zhulebino,6200000
74,,12.0,1.0,2015.0,2.0,1.0,Danilovskoe,18150000
126,103.0,20.0,47.0,2012.0,1.0,14.0,Ramenki,16000000
59,43.0,4.0,9.0,1975.0,3.0,6.0,Chertanovo Central'noe,3000000
45,29.0,7.0,9.0,1967.0,2.0,6.0,Kon'kovo,7800000
59,33.0,16.0,17.0,1986.0,2.0,10.0,Solncevo,2000000
79,1.0,8.0,1.0,1.0,3.0,1.0,Krjukovo,8009300
44,27.0,1.0,9.0,1978.0,2.0,6.0,Otradnoe,8500000
41,20.0,8.0,9.0,2004.0,1.0,8.0,Kosino-Uhtomskoe,5800000
38,20.0,18.0,,,,,Lomonosovskoe,8300000
67,33.0,4.0,10.0,2015.0,2.0,14.0,Poselenie Sosenskoe,5289780
116,98.0,11.0,41.0,2011.0,1.0,8.0,Tverskoe,3700000
60,44.0,2.0,9.0,1964.0,3.0,6.0,Juzhnoportovoe,8670000
98,63.0,5.0,22.0,1983.0,4.0,10.0,Bibirevo,2000000
30,18.0,2.0,5.0,1965.0,1.0,5.0,Golovinskoe,1000000
100,75.0,4.0,5.0,1957.0,4.0,9.0,Tekstil'shhiki,12000000
78,47.0,5.0,5.0,1956.0,3.0,8.0,Savelovskoe,13900000
64,33.0,2.0,9.0,1952.0,2.0,9.0,Shhukino,12350000
34,19.0,8.0,12.0,1965.0,1.0,9.0,Hovrino,6200000
79,51.0,2.0,12.0,1980.0,4.0,8.0,Sokol'niki,12800000
20,12.0,5.0,9.0,1971.0,1.0,3.0,Bogorodskoe,4700000
43,18.0,14.0,23.0,2005.0,1.0,10.0,Rjazanskij,7800000
44,28.0,8.0,9.0,1978.0,2.0,5.0,Otradnoe,7150000
39,,19.0,19.0,2014.0,2.0,1.0,Poselenie Sosenskoe,5031390
74,41.0,12.0,12.0,2014.0,3.0,1.0,Poselenie Voskresenskoe,7473850
60,,13.0,17.0,,2.0,1.0,Tverskoe,7060923
57,44.0,4.0,,,,,Severnoe Tushino,4700000
88,47.0,3.0,6.0,2014.0,2.0,13.0,Troickij okrug,8751300
44,17.0,3.0,6.0,2001.0,1.0,12.0,Severnoe Butovo,6900000
54,32.0,16.0,16.0,1980.0,2.0,9.0,Jasenevo,10000000
45,29.0,9.0,9.0,1976.0,2.0,6.0,Otradnoe,7150000
54,32.0,8.0,16.0,1974.0,2.0,10.0,Golovinskoe,8950000
31,15.0,1.0,12.0,1981.0,1.0,7.0,Ljublino,1100000
79,44.0,7.0,12.0,2005.0,3.0,12.0,Kosino-Uhtomskoe,11000000
78,1.0,6.0,19.0,2016.0,3.0,1.0,Poselenie Shherbinka,5812360
37,17.0,1.0,16.0,1982.0,1.0,7.0,Troparevo-Nikulino,6300000
43,29.0,4.0,5.0,1968.0,2.0,4.0,Bogorodskoe,6300000
37,19.0,15.0,16.0,1982.0,1.0,8.0,Kuncevo,7200000
82,55.0,5.0,5.0,1959.0,3.0,9.0,Fili Davydkovo,14200000
52,30.0,3.0,14.0,1994.0,2.0,8.0,Krjukovo,6150000
31,19.0,5.0,5.0,1962.0,1.0,5.0,Bogorodskoe,1000000
39,19.0,6.0,17.0,1983.0,1.0,8.0,Birjulevo Vostochnoe,5100000
31,17.0,1.0,5.0,1965.0,1.0,6.0,Lefortovo,4800000
45,19.0,3.0,0.0,2014.0,1.0,0.0,Tverskoe,2938008
37,19.0,17.0,17.0,1999.0,1.0,8.0,Mozhajskoe,7500000
82,48.0,10.0,14.0,1995.0,3.0,11.0,Krjukovo,8000000
40,1.0,8.0,17.0,2016.0,1.0,1.0,Nekrasovka,4560000
52,34.0,4.0,4.0,1968.0,3.0,5.0,Birjulevo Zapadnoe,5800000
39,22.0,5.0,12.0,1967.0,2.0,7.0,Butyrskoe,8300000
29,,8.0,12.0,,1.0,1.0,Poselenie Filimonkovskoe,2199436
77,77.0,7.0,12.0,0.0,3.0,12.0,Poselenie Vnukovskoe,9063456
66,44.0,8.0,12.0,1966.0,3.0,9.0,Kuz'minki,8025000
89,49.0,2.0,24.0,2003.0,3.0,10.0,Kon'kovo,22800000
83,46.0,17.0,,,,,Horoshevskoe,500000
37,19.0,3.0,17.0,1998.0,1.0,8.0,Mitino,6500000
39,22.0,9.0,12.0,1967.0,2.0,7.0,Nagornoe,8350000
59,44.0,4.0,9.0,1969.0,3.0,6.0,Pechatniki,7800000
49,34.0,2.0,9.0,1971.0,3.0,5.0,Beskudnikovskoe,6300000
64,43.0,1.0,12.0,1968.0,3.0,9.0,Ochakovo-Matveevskoe,7000000
73,44.0,2.0,14.0,1997.0,3.0,10.0,Vyhino-Zhulebino,11550000
37,22.0,7.0,9.0,1966.0,2.0,7.0,Bogorodskoe,6200000
38,,12.0,17.0,0.0,1.0,1.0,Poselenie Vnukovskoe,5332762
55,34.0,4.0,5.0,1960.0,2.0,7.0,Marfino,9000000
31,17.0,5.0,5.0,1959.0,1.0,6.0,Severnoe Izmajlovo,4300000
79,79.0,13.0,,,,,Nekrasovka,6453216
31,18.0,1.0,5.0,1958.0,1.0,5.0,Sokolinaja Gora,1000000
35,20.0,9.0,,,,,Krasnosel'skoe,1000000
65,35.0,2.0,0.0,0.0,2.0,0.0,Poselenie Krasnopahorskoe,3958479
53,32.0,3.0,16.0,1975.0,2.0,9.0,Otradnoe,9200000
44,27.0,1.0,9.0,1967.0,2.0,6.0,Severnoe Tushino,3000000
38,18.0,2.0,17.0,2011.0,1.0,9.0,Beskudnikovskoe,3000000
38,,2.0,17.0,2015.0,1.0,10.0,Poselenie Vnukovskoe,4727539
76,46.0,14.0,16.0,1986.0,3.0,10.0,Vnukovo,7300000
74,45.0,1.0,17.0,1991.0,3.0,10.0,Novo-Peredelkino,990000
34,14.0,1.0,17.0,1990.0,1.0,9.0,Poselenie Mosrentgen,3000000
73,51.0,2.0,5.0,1959.0,3.0,8.0,Timirjazevskoe,11800000
99,99.0,17.0,17.0,2017.0,3.0,0.0,Ramenki,17016210
79,44.0,13.0,16.0,1981.0,3.0,10.0,Teplyj Stan,16050000
93,93.0,3.0,1.0,2013.0,3.0,1.0,Poselenie Pervomajskoe,5427640
43,43.0,3.0,1.0,2014.0,1.0,2014.0,Poselenie Sosenskoe,3801200
57,54.0,11.0,15.0,1972.0,2.0,8.0,Tverskoe,7400000
43,27.0,1.0,5.0,1976.0,2.0,5.0,Poselenie Klenovskoe,1000000
55,37.0,5.0,5.0,1962.0,3.0,5.0,Perovo,2000000
50,30.0,5.0,17.0,2011.0,2.0,10.0,Ochakovo-Matveevskoe,5291132
41,27.0,1.0,5.0,1965.0,2.0,5.0,Beskudnikovskoe,6400000
32,18.0,1.0,9.0,1976.0,1.0,6.0,Zjablikovo,5400000
36,16.0,3.0,16.0,2002.0,1.0,9.0,Juzhnoe Butovo,4750000
59,44.0,1.0,5.0,1964.0,3.0,5.0,Nagatinskij Zaton,2000000
64,39.0,5.0,9.0,1979.0,3.0,8.0,Gol'janovo,9900000
36,18.0,7.0,17.0,2002.0,1.0,6.0,Beskudnikovskoe,6000000
63,43.0,6.0,9.0,1967.0,3.0,6.0,Gol'janovo,8900000
23,13.0,3.0,5.0,1966.0,1.0,5.0,Novogireevo,4700000
67,67.0,23.0,25.0,1.0,2.0,1.0,Mitino,10545121
38,19.0,2.0,17.0,2009.0,1.0,7.0,Zapadnoe Degunino,6500000
37,22.0,8.0,9.0,1962.0,2.0,7.0,Kuz'minki,2300000
38,19.0,2.0,16.0,1984.0,1.0,9.0,Meshhanskoe,1000000
54,32.0,7.0,17.0,1990.0,2.0,9.0,Mar'ino,8500000
76,45.0,5.0,16.0,2003.0,3.0,10.0,Juzhnoe Butovo,2000000
39,1.0,8.0,25.0,2016.0,1.0,1.0,Nekrasovka,4582000
45,22.0,10.0,17.0,2011.0,1.0,11.0,Poselenie Sosenskoe,2600000
44,28.0,7.0,9.0,1970.0,2.0,6.0,Ramenki,10000000
48,28.0,18.0,24.0,2016.0,1.0,10.0,Horoshevo-Mnevniki,11316156
38,20.0,14.0,,,,,Severnoe Butovo,5700000
44,29.0,3.0,9.0,1974.0,2.0,6.0,Ivanovskoe,3000000
64,44.0,2.0,9.0,1968.0,3.0,6.0,Sokolinaja Gora,10250000
85,85.0,18.0,18.0,2015.0,3.0,1.0,Mitino,10174820
62,62.0,13.0,24.0,0.0,2.0,0.0,Poselenie Vnukovskoe,7595739
40,20.0,8.0,14.0,1989.0,1.0,8.0,Moskvorech'e-Saburovo,7750000
45,24.0,1.0,5.0,1959.0,1.0,10.0,Ljublino,6000000
35,21.0,3.0,9.0,1973.0,1.0,8.0,Severnoe Tushino,6650000
45,29.0,4.0,12.0,1968.0,2.0,5.0,Golovinskoe,8100000
35,18.0,5.0,8.0,1958.0,1.0,7.0,Danilovskoe,4500000
41,26.0,4.0,11.0,1968.0,2.0,5.0,Kotlovka,7830000
65,29.0,1.0,1.0,2015.0,2.0,1.0,Poselenie Voskresenskoe,6056640
38,19.0,17.0,17.0,1996.0,1.0,8.0,Moskvorech'e-Saburovo,6800000
37,19.0,8.0,17.0,1991.0,1.0,8.0,Mitino,6900000
52,30.0,6.0,12.0,1982.0,2.0,8.0,Tekstil'shhiki,8650000
41,,6.0,25.0,2013.0,1.0,1.0,Poselenie Moskovskij,4317866
39,19.0,17.0,17.0,1987.0,1.0,8.0,Orehovo-Borisovo Juzhnoe,5800000
52,34.0,5.0,9.0,1977.0,3.0,6.0,Jasenevo,8160000
37,18.0,10.0,17.0,1985.0,1.0,8.0,Krylatskoe,9450000
45,27.0,2.0,,,,,Donskoe,5500000
39,,9.0,,,,,Poselenie Moskovskij,3542857
92,54.0,9.0,9.0,1976.0,4.0,9.0,Sokol'niki,25500000
53,30.0,9.0,12.0,1975.0,2.0,8.0,Orehovo-Borisovo Juzhnoe,9400000
51,30.0,6.0,16.0,1982.0,2.0,8.0,Dmitrovskoe,7500000
67,42.0,1.0,4.0,2014.0,3.0,8.0,Poselenie Filimonkovskoe,3774979
38,35.0,8.0,9.0,1972.0,1.0,5.0,Preobrazhenskoe,5600000
64,27.0,6.0,22.0,2010.0,1.0,17.0,Horoshevo-Mnevniki,3010000
60,32.0,8.0,15.0,1974.0,2.0,7.0,Mar'ina Roshha,14500000
44,27.0,5.0,5.0,1964.0,2.0,5.0,Koptevo,7950000
35,20.0,8.0,9.0,1973.0,1.0,6.0,Severnoe Medvedkovo,5800000
38,22.0,1.0,12.0,1966.0,2.0,6.0,Basmannoe,8200000
53,30.0,6.0,12.0,1983.0,2.0,8.0,Severnoe Medvedkovo,9100000
54,28.0,9.0,16.0,1979.0,2.0,11.0,Golovinskoe,8000000
38,18.0,2.0,,,,,Mozhajskoe,4900000
65,47.0,3.0,16.0,1979.0,3.0,8.0,Teplyj Stan,9200000
38,20.0,17.0,22.0,1985.0,1.0,10.0,Juzhnoe Tushino,6400000
38,15.0,2.0,,,,,Poselenie Voskresenskoe,3404680
75,46.0,14.0,17.0,1993.0,3.0,10.0,Mitino,10800000
51,35.0,6.0,9.0,1970.0,2.0,6.0,Chertanovo Central'noe,3400000
93,56.0,16.0,18.0,2004.0,2.0,10.0,Taganskoe,19000000
42,19.0,11.0,14.0,2013.0,1.0,10.0,Poselenie Shherbinka,2500000
65,43.0,11.0,12.0,1972.0,3.0,9.0,Perovo,10300000
30,19.0,5.0,8.0,1960.0,1.0,5.0,Ostankinskoe,5600000
31,17.0,3.0,5.0,1965.0,1.0,5.0,Bogorodskoe,4770000
32,21.0,5.0,9.0,1966.0,1.0,5.0,Danilovskoe,7800000
44,42.0,9.0,9.0,1975.0,2.0,5.0,Otradnoe,6900000
65,44.0,9.0,9.0,1969.0,3.0,7.0,Chertanovo Severnoe,13200000
46,30.0,2.0,12.0,1980.0,2.0,6.0,Severnoe Tushino,7300000
45,28.0,3.0,5.0,1965.0,2.0,5.0,Solncevo,2000000
44,28.0,2.0,5.0,1959.0,2.0,5.0,Kotlovka,1000000
65,44.0,7.0,16.0,1984.0,3.0,7.0,Tekstil'shhiki,9500000
79,79.0,13.0,,,,,Poselenie Vnukovskoe,5622154
42,29.0,1.0,9.0,1968.0,2.0,5.0,Nagatino-Sadovniki,7350000
51,31.0,10.0,12.0,1973.0,2.0,9.0,Meshhanskoe,9900000
44,29.0,5.0,5.0,1964.0,2.0,5.0,Kotlovka,6800000
38,20.0,3.0,12.0,1979.0,1.0,8.0,Vostochnoe Degunino,6100000
40,38.0,5.0,17.0,2014.0,1.0,1.0,Nekrasovka,4400000
37,19.0,2.0,17.0,2008.0,1.0,7.0,Juzhnoe Medvedkovo,1000000
39,19.0,16.0,17.0,1983.0,1.0,8.0,Ljublino,6050000
35,18.0,10.0,14.0,1973.0,1.0,7.0,Horoshevo-Mnevniki,2000000
37,19.0,15.0,17.0,2008.0,1.0,7.0,Severnoe Medvedkovo,6000000
57,57.0,3.0,17.0,2016.0,2.0,10.0,Poselenie Moskovskij,6106571
34,19.0,7.0,14.0,1970.0,1.0,9.0,Severnoe Medvedkovo,6600000
37,22.0,4.0,9.0,1962.0,2.0,7.0,Levoberezhnoe,2000000
32,15.0,2.0,,,,,Vostochnoe Izmajlovo,5350000
63,,2.0,1.0,,2.0,1.0,Nekrasovka,6530200
27,27.0,6.0,1.0,1.0,1.0,1.0,Tverskoe,2602673
56,30.0,12.0,22.0,2007.0,2.0,10.0,Bogorodskoe,11990000
49,47.0,8.0,14.0,0.0,1.0,10.0,Jasenevo,9478993
75,42.0,12.0,22.0,2007.0,3.0,10.0,Bogorodskoe,15250000
74,44.0,24.0,25.0,2006.0,3.0,9.0,Prospekt Vernadskogo,20800000
37,19.0,16.0,17.0,1991.0,1.0,8.0,Mitino,6900000
53,52.0,3.0,4.0,2014.0,2.0,1.0,Tverskoe,3144298
54,32.0,6.0,17.0,2003.0,2.0,9.0,Perovo,9200000
32,18.0,7.0,9.0,1969.0,1.0,6.0,Severnoe Tushino,5700000
55,35.0,3.0,8.0,1960.0,2.0,7.0,Akademicheskoe,12700000
32,18.0,9.0,9.0,1979.0,1.0,6.0,Strogino,6080000
68,,6.0,,,,,Poselenie Sosenskoe,5390950
39,24.0,11.0,12.0,1969.0,1.0,6.0,Vostochnoe Izmajlovo,6100000
31,19.0,3.0,,,,,Zjuzino,5200000
40,20.0,12.0,14.0,2002.0,1.0,8.0,Novogireevo,3000000
79,60.0,1.0,9.0,1969.0,4.0,6.0,Chertanovo Severnoe,10000000
75,48.0,10.0,,,,,Horoshevskoe,1115000
41,25.0,4.0,5.0,1962.0,2.0,5.0,Fili Davydkovo,7450000
32,18.0,5.0,9.0,1978.0,1.0,6.0,Jasenevo,5500000
38,20.0,5.0,16.0,1981.0,1.0,8.0,Novogireevo,6500000
30,18.0,4.0,,,,,Sokolinaja Gora,6000000
35,35.0,19.0,25.0,2014.0,1.0,1.0,Tverskoe,4231500
32,20.0,3.0,5.0,1962.0,1.0,5.0,Prospekt Vernadskogo,6600000
59,34.0,9.0,14.0,1993.0,2.0,10.0,Mitino,9500000
56,31.0,7.0,15.0,1972.0,2.0,9.0,Caricyno,9350000
38,20.0,12.0,14.0,1986.0,1.0,8.0,Zjablikovo,6400000
80,49.0,2.0,4.0,1955.0,4.0,7.0,Krasnosel'skoe,13350000
42,26.0,2.0,9.0,1970.0,2.0,4.0,Horoshevo-Mnevniki,7500000
63,60.0,5.0,9.0,1971.0,3.0,8.0,Bogorodskoe,10500000
58,43.0,5.0,9.0,1971.0,3.0,5.0,Chertanovo Juzhnoe,8850000
38,20.0,1.0,14.0,1991.0,1.0,8.0,Novokosino,5700000
30,17.0,1.0,5.0,1966.0,2.0,5.0,Novogireevo,5500000
49,49.0,2.0,2.0,2015.0,1.0,0.0,Poselenie Sosenskoe,5233410
81,52.0,2.0,,,,,Savelovskoe,13800000
41,26.0,4.0,5.0,1964.0,2.0,5.0,Severnoe Izmajlovo,6450000
58,41.0,2.0,10.0,1968.0,2.0,6.0,Vyhino-Zhulebino,7700000
30,18.0,4.0,25.0,2016.0,1.0,10.0,Horoshevskoe,5339250
42,0.0,15.0,24.0,0.0,1.0,1.0,Poselenie Vnukovskoe,5591751
75,44.0,2.0,17.0,1988.0,3.0,10.0,Novo-Peredelkino,9750000
48,34.0,9.0,9.0,1967.0,3.0,5.0,Severnoe Tushino,7900000
49,22.0,6.0,8.0,1998.0,1.0,11.0,Poselenie Voskresenskoe,5200000
39,37.0,5.0,18.0,2013.0,1.0,1.0,Poselenie Filimonkovskoe,2669188
74,50.0,4.0,5.0,1954.0,3.0,8.0,Pokrovskoe Streshnevo,8333000
46,29.0,1.0,12.0,1981.0,2.0,6.0,Ljublino,6900000
77,46.0,15.0,16.0,1981.0,3.0,10.0,Prospekt Vernadskogo,2000000
38,19.0,6.0,16.0,1976.0,1.0,9.0,Otradnoe,6500000
77,31.0,1.0,,,,,Severnoe,7000000
63,60.0,1.0,8.0,1970.0,3.0,8.0,Gol'janovo,7200000
53,28.0,14.0,16.0,1980.0,2.0,11.0,Ochakovo-Matveevskoe,9300000
60,44.0,5.0,9.0,1968.0,3.0,5.0,Nagatinskij Zaton,10340000
40,40.0,12.0,17.0,2014.0,2.0,1.0,Poselenie Sosenskoe,4940000
39,19.0,5.0,14.0,1977.0,1.0,7.0,Ajeroport,9400000
56,,5.0,2.0,2014.0,2.0,1.0,Nagatinskij Zaton,11239348
78,,2.0,17.0,,3.0,1.0,Nekrasovka,7722400
38,19.0,14.0,17.0,1989.0,1.0,8.0,Novo-Peredelkino,1000000
37,22.0,5.0,14.0,1974.0,2.0,6.0,Vojkovskoe,8600000
64,34.0,17.0,17.0,2008.0,2.0,12.0,Beskudnikovskoe,2000000
79,45.0,12.0,17.0,2012.0,3.0,12.0,Sviblovo,5000000
38,20.0,15.0,22.0,1996.0,1.0,10.0,Mar'ino,6575000
51,30.0,5.0,12.0,1986.0,2.0,8.0,Silino,7050000
72,51.0,5.0,5.0,1960.0,3.0,8.0,Vostochnoe Izmajlovo,14150000
64,64.0,1.0,3.0,2014.0,2.0,0.0,Poselenie Filimonkovskoe,5877000
83,51.0,15.0,,,,,Ramenki,20500000
61,30.0,7.0,7.0,2015.0,1.0,1.0,Nekrasovka,6015955
47,47.0,7.0,25.0,2015.0,1.0,1.0,Filevskij Park,9227657
74,45.0,4.0,17.0,1986.0,3.0,10.0,Brateevo,11150000
37,19.0,1.0,17.0,1983.0,1.0,8.0,Zjablikovo,1000000
73,1.0,15.0,17.0,,3.0,1.0,Nekrasovka,7162480
51,30.0,13.0,17.0,2002.0,2.0,9.0,Chertanovo Juzhnoe,8900000
77,44.0,11.0,14.0,2011.0,3.0,8.0,Kuncevo,3000000
31,17.0,5.0,5.0,1960.0,1.0,5.0,Bogorodskoe,4950000
60,43.0,2.0,9.0,1975.0,3.0,6.0,Otradnoe,8700000
60,39.0,4.0,12.0,2003.0,3.0,2.0,Taganskoe,24000000
16,12.0,2.0,5.0,1962.0,1.0,0.0,Sokolinaja Gora,3400000
40,25.0,2.0,5.0,1960.0,2.0,5.0,Shhukino,8000000
74,74.0,7.0,16.0,2014.0,2.0,12.0,Poselenie Sosenskoe,6365190
57,38.0,5.0,9.0,1968.0,3.0,6.0,Caricyno,3000000
59,34.0,5.0,17.0,2015.0,2.0,10.0,Poselenie Sosenskoe,6655704
31,18.0,4.0,5.0,1964.0,1.0,5.0,Bogorodskoe,4900000
38,19.0,5.0,17.0,1993.0,1.0,8.0,Vostochnoe Degunino,5246720
81,78.0,1.0,17.0,0.0,3.0,12.0,Poselenie Desjonovskoe,6962216
34,,1.0,20.0,2015.0,1.0,10.0,Poselenie Novofedorovskoe,2211300
43,28.0,7.0,9.0,1972.0,2.0,1.0,Chertanovo Juzhnoe,6800000
33,17.0,12.0,12.0,1966.0,1.0,9.0,Zjuzino,5850000
47,28.0,2.0,9.0,1964.0,2.0,6.0,Levoberezhnoe,2000000
57,43.0,4.0,8.0,1964.0,3.0,6.0,Levoberezhnoe,8300000
56,56.0,16.0,17.0,2013.0,2.0,10.0,Poselenie Shherbinka,4232050
74,46.0,12.0,16.0,1975.0,3.0,10.0,Orehovo-Borisovo Severnoe,11600000
57,42.0,1.0,9.0,1965.0,3.0,5.0,Koptevo,9400000
30,19.0,1.0,,,,,Novogireevo,4800000
57,34.0,14.0,22.0,1986.0,2.0,10.0,Jasenevo,10500000
53,32.0,10.0,17.0,1992.0,2.0,9.0,Mitino,7950000
35,20.0,6.0,12.0,1965.0,1.0,10.0,Kuz'minki,5800000
69,69.0,6.0,17.0,2014.0,2.0,1.0,Presnenskoe,19972880
52,,7.0,12.0,,2.0,0.0,Poselenie Filimonkovskoe,4209823
54,32.0,16.0,,,,,Donskoe,8500000
51,30.0,17.0,17.0,2000.0,2.0,8.0,Ramenki,11900000
75,45.0,4.0,22.0,2000.0,3.0,9.0,Severnoe Tushino,12500000
63,38.0,3.0,3.0,1941.0,2.0,12.0,Vnukovo,5000000
38,20.0,4.0,14.0,1988.0,1.0,8.0,Novokosino,6700000
76,52.0,6.0,10.0,1957.0,3.0,11.0,Horoshevskoe,17000000
38,20.0,3.0,14.0,1999.0,1.0,8.0,Akademicheskoe,7750000
43,19.0,5.0,17.0,2006.0,1.0,8.0,Kosino-Uhtomskoe,2000000
49,28.0,10.0,17.0,1977.0,2.0,7.0,Taganskoe,11200000
41,25.0,3.0,5.0,1961.0,2.0,5.0,Akademicheskoe,8200000
54,32.0,9.0,17.0,1997.0,2.0,9.0,Novokosino,8750000
45,28.0,4.0,12.0,1969.0,2.0,5.0,Mozhajskoe,7300000
59,37.0,7.0,8.0,1960.0,2.0,9.0,Shhukino,12200000
132,76.0,16.0,28.0,2006.0,4.0,12.0,Prospekt Vernadskogo,71200000
54,32.0,17.0,17.0,1987.0,2.0,9.0,Novokosino,8250000
53,33.0,5.0,5.0,1958.0,2.0,8.0,Savelovskoe,8500000
37,37.0,5.0,17.0,0.0,1.0,10.0,Solncevo,3730416
47,30.0,2.0,12.0,1973.0,2.0,6.0,Birjulevo Zapadnoe,5400000
41,23.0,14.0,14.0,1975.0,2.0,5.0,Rostokino,6900000
37,23.0,8.0,12.0,1972.0,2.0,5.0,Vnukovo,4800000
59,22.0,4.0,6.0,0.0,1.0,15.0,Troickij okrug,5433282
52,30.0,2.0,12.0,1976.0,2.0,8.0,Chertanovo Juzhnoe,8800000
54,32.0,6.0,17.0,1986.0,2.0,9.0,Gol'janovo,8500000
102,69.0,14.0,22.0,2009.0,3.0,8.0,Shhukino,31500000
59,30.0,13.0,25.0,2005.0,2.0,12.0,Cheremushki,15400000
40,23.0,12.0,14.0,1973.0,2.0,5.0,Veshnjaki,6500000
48,42.0,20.0,1.0,2013.0,1.0,48.0,Nekrasovka,4986770
60,38.0,3.0,,,,,Orehovo-Borisovo Juzhnoe,9200000
32,21.0,9.0,9.0,1964.0,1.0,5.0,Donskoe,7000000
56,32.0,11.0,22.0,2005.0,2.0,10.0,Severnoe Tushino,11600000
60,34.0,4.0,14.0,1994.0,2.0,10.0,Mar'ino,1000000
53,29.0,10.0,18.0,2007.0,2.0,7.0,Mozhajskoe,13300000
38,19.0,7.0,16.0,1988.0,1.0,9.0,Bibirevo,6300000
41,23.0,7.0,14.0,1972.0,2.0,5.0,Pokrovskoe Streshnevo,6800000
37,18.0,2.0,17.0,1999.0,1.0,8.0,Filevskij Park,6700000
46,18.0,15.0,17.0,2013.0,1.0,11.0,Poselenie Sosenskoe,2954879
53,30.0,3.0,12.0,1982.0,2.0,8.0,Nagatino-Sadovniki,10200000
44,32.0,3.0,5.0,1962.0,2.0,5.0,Taganskoe,8500000
53,,2.0,9.0,2013.0,2.0,6.0,Poselenie Filimonkovskoe,3092752
45,30.0,2.0,5.0,1963.0,2.0,5.0,Kuz'minki,6490000
38,19.0,14.0,22.0,2000.0,1.0,10.0,Ivanovskoe,1000000
85,47.0,8.0,17.0,2008.0,3.0,11.0,Juzhnoe Tushino,14650000
35,17.0,4.0,12.0,1978.0,1.0,6.0,Juzhnoe Medvedkovo,5800000
35,19.0,12.0,12.0,1973.0,1.0,8.0,Veshnjaki,5000000
44,28.0,6.0,9.0,1977.0,2.0,6.0,Jasenevo,7600000
36,19.0,7.0,17.0,2004.0,1.0,6.0,Perovo,7000000
40,18.0,3.0,14.0,1982.0,1.0,10.0,Caricyno,8000000
68,41.0,6.0,16.0,1988.0,3.0,8.0,Severnoe Medvedkovo,10300000
39,24.0,8.0,12.0,1969.0,2.0,6.0,Solncevo,5550000
51,30.0,7.0,17.0,2003.0,2.0,9.0,Solncevo,8500000
44,28.0,6.0,12.0,1.0,2.0,5.0,Pokrovskoe Streshnevo,6700000
46,29.0,12.0,14.0,1971.0,2.0,6.0,Veshnjaki,6700000
103,64.0,7.0,22.0,2003.0,4.0,10.0,Levoberezhnoe,16500000
44,28.0,11.0,12.0,1966.0,2.0,5.0,Taganskoe,8700000
42,28.0,2.0,9.0,1965.0,2.0,5.0,Savelovskoe,1000000
41,25.0,7.0,,,,,Otradnoe,7800000
84,84.0,3.0,22.0,1.0,2.0,1.0,Poselenie Sosenskoe,9309625
38,17.0,7.0,14.0,2007.0,1.0,8.0,Matushkino,5300000
51,30.0,11.0,12.0,1979.0,2.0,8.0,Mar'ino,7200000
41,41.0,8.0,15.0,2015.0,1.0,10.0,Poselenie Sosenskoe,4068490
38,19.0,16.0,17.0,1989.0,1.0,8.0,Novo-Peredelkino,5250000
45,28.0,8.0,9.0,1968.0,2.0,6.0,Ochakovo-Matveevskoe,6800000
49,49.0,10.0,17.0,2015.0,1.0,12.0,Poselenie Sosenskoe,4683120
73,,17.0,,,,,Nekrasovka,5888575
53,28.0,15.0,16.0,1978.0,2.0,11.0,Taganskoe,11450000
48,29.0,5.0,12.0,1973.0,2.0,6.0,Vyhino-Zhulebino,7650000
34,34.0,3.0,3.0,,1.0,0.0,Poselenie Novofedorovskoe,1740000
40,25.0,5.0,16.0,1968.0,2.0,6.0,Juzhnoportovoe,4900000
77,51.0,2.0,,,,,Donskoe,10600000
39,19.0,4.0,14.0,1995.0,1.0,8.0,Novokosino,6500000
45,28.0,10.0,12.0,1966.0,2.0,5.0,Bogorodskoe,7700000
48,,3.0,,,,,Poselenie Sosenskoe,4095840
64,1.0,2.0,17.0,1.0,2.0,1.0,Poselenie Filimonkovskoe,6386688
29,18.0,1.0,5.0,1962.0,1.0,5.0,Rjazanskij,5000000
121,80.0,3.0,3.0,2015.0,5.0,30.0,Poselenie Sosenskoe,9535766
38,38.0,14.0,17.0,0.0,1.0,0.0,Poselenie Vnukovskoe,5431446
31,18.0,9.0,9.0,1967.0,1.0,5.0,Bogorodskoe,6200000
37,24.0,18.0,24.0,2017.0,1.0,8.0,Nagatinskij Zaton,6462925
66,43.0,6.0,12.0,1977.0,3.0,7.0,Gol'janovo,6600000
33,17.0,3.0,5.0,1960.0,1.0,5.0,Koptevo,5200000
38,19.0,5.0,15.0,2001.0,1.0,7.0,Mar'ino,2000000
80,47.0,4.0,9.0,1997.0,3.0,8.0,Juzhnoe Butovo,10700000
64,1.0,1.0,1.0,1.0,1.0,1.0,Nekrasovka,6528000
47,42.0,7.0,9.0,2015.0,1.0,12.0,Zapadnoe Degunino,3423615
65,44.0,4.0,12.0,1973.0,3.0,9.0,Sokolinaja Gora,12000000
66,36.0,15.0,17.0,2013.0,2.0,16.0,Poselenie Sosenskoe,3825000
39,,17.0,,,,,Poselenie Moskovskij,3180570
37,37.0,6.0,17.0,2015.0,1.0,1.0,Nekrasovka,4138020
35,19.0,5.0,,,,,Matushkino,4500000
37,19.0,9.0,16.0,1976.0,1.0,10.0,Tekstil'shhiki,8000000
39,23.0,10.0,12.0,1969.0,2.0,6.0,Novogireevo,6600000
37,19.0,5.0,16.0,1982.0,1.0,7.0,Zapadnoe Degunino,5700000
31,,13.0,17.0,,1.0,0.0,Horoshevskoe,5852340
65,38.0,9.0,12.0,1978.0,3.0,8.0,Ljublino,990000
63,33.0,3.0,14.0,2006.0,2.0,12.0,Juzhnoe Butovo,9300000
56,41.0,4.0,5.0,1964.0,3.0,5.0,Vyhino-Zhulebino,1000000
45,29.0,5.0,5.0,1965.0,2.0,5.0,Gol'janovo,3000000
97,50.0,4.0,9.0,2003.0,3.0,12.0,Kuz'minki,17000000
40,40.0,6.0,,,,,Poselenie Shherbinka,3410402
19,13.0,14.0,15.0,1973.0,1.0,0.0,Kon'kovo,1000000
78,47.0,12.0,17.0,2000.0,3.0,10.0,Ramenki,17600000
44,28.0,5.0,5.0,1969.0,2.0,5.0,Perovo,6800000
52,23.0,6.0,14.0,2004.0,1.0,11.0,Kuz'minki,9400000
72,72.0,2.0,,,,,Chertanovo Central'noe,11044620
122,122.0,3.0,17.0,2013.0,3.0,1.0,Poselenie Moskovskij,13234079
51,30.0,4.0,12.0,1983.0,2.0,8.0,Birjulevo Vostochnoe,6500000
37,20.0,10.0,16.0,1978.0,1.0,8.0,Lianozovo,1000000
70,46.0,3.0,17.0,2005.0,3.0,10.0,Obruchevskoe,14600000
54,32.0,13.0,16.0,1977.0,2.0,9.0,Lianozovo,1000000
35,19.0,11.0,12.0,1967.0,1.0,9.0,Izmajlovo,5600000
79,48.0,2.0,14.0,1986.0,3.0,8.0,Brateevo,8800000
73,51.0,1.0,5.0,1930.0,3.0,7.0,Zamoskvorech'e,15000000
94,55.0,24.0,27.0,2012.0,3.0,13.0,Horoshevo-Mnevniki,4200000
53,30.0,5.0,14.0,1989.0,2.0,8.0,Krjukovo,6200000
55,32.0,13.0,17.0,1997.0,2.0,9.0,Novokosino,3000000
61,29.0,7.0,,,,,Poselenie Voskresenskoe,4900539
62,38.0,3.0,9.0,1979.0,3.0,8.0,Otradnoe,8400000
49,31.0,2.0,12.0,1972.0,1.0,8.0,Sokolinaja Gora,8500000
99,74.0,10.0,11.0,1957.0,4.0,7.0,Gagarinskoe,29700000
1,1.0,1.0,1.0,1.0,1.0,1.0,Poselenie Voskresenskoe,5000550
31,17.0,3.0,5.0,1966.0,1.0,5.0,Caricyno,5550000
30,18.0,5.0,5.0,1962.0,1.0,5.0,Lefortovo,6700000
117,66.0,1.0,2.0,2016.0,4.0,14.0,Danilovskoe,8107097
55,37.0,4.0,5.0,1962.0,3.0,5.0,Prospekt Vernadskogo,11800000
72,52.0,8.0,8.0,1933.0,3.0,6.0,Hamovniki,18500000
116,65.0,6.0,10.0,1999.0,3.0,19.0,Gol'janovo,19000000
76,45.0,12.0,16.0,1982.0,3.0,10.0,Dmitrovskoe,9000000
75,75.0,13.0,17.0,0.0,3.0,0.0,Poselenie Vnukovskoe,8669127
74,37.0,4.0,23.0,2011.0,2.0,10.0,Troparevo-Nikulino,11989000
35,20.0,3.0,9.0,1970.0,1.0,6.0,Gol'janovo,5200000
39,19.0,15.0,17.0,2005.0,1.0,7.0,Beskudnikovskoe,2000000
134,,14.0,1.0,1.0,3.0,1.0,Tverskoe,11416568
56,24.0,18.0,25.0,2010.0,1.0,12.0,Golovinskoe,9372200
79,41.0,5.0,1.0,1.0,3.0,1.0,Poselenie Voskresenskoe,7358275
64,38.0,12.0,12.0,1982.0,3.0,8.0,Tekstil'shhiki,10750000
53,30.0,8.0,12.0,1981.0,2.0,8.0,Nagatinskij Zaton,9500000
61,38.0,2.0,9.0,1971.0,3.0,8.0,Kon'kovo,9700000
69,69.0,3.0,0.0,2014.0,3.0,0.0,Poselenie Novofedorovskoe,3748680
62,39.0,11.0,12.0,1982.0,3.0,7.0,Bibirevo,9800000
46,31.0,4.0,5.0,1964.0,2.0,5.0,Perovo,6000000
54,36.0,3.0,5.0,1960.0,3.0,5.0,Ajeroport,10900000
59,44.0,6.0,9.0,1967.0,3.0,6.0,Zapadnoe Degunino,7650000
66,64.0,3.0,9.0,2011.0,1.0,1.0,Poselenie Shhapovskoe,2851000
83,46.0,8.0,13.0,2013.0,3.0,11.0,Novogireevo,9695000
60,34.0,10.0,25.0,2015.0,2.0,10.0,Nekrasovka,6581700
47,20.0,9.0,25.0,2013.0,1.0,9.0,Poselenie Vnukovskoe,3800000
50,30.0,7.0,16.0,1981.0,2.0,8.0,Zjuzino,9100000
58,34.0,18.0,18.0,1982.0,2.0,10.0,Lomonosovskoe,12550000
58,,3.0,,,,,Krjukovo,5821200
38,18.0,12.0,14.0,1975.0,1.0,8.0,Ljublino,5900000
39,17.0,16.0,17.0,2008.0,1.0,8.0,Timirjazevskoe,5800000
58,36.0,22.0,25.0,2015.0,2.0,10.0,Nagornoe,13294885
58,34.0,16.0,16.0,1981.0,2.0,10.0,Chertanovo Central'noe,8600000
44,27.0,4.0,9.0,1969.0,2.0,6.0,Vyhino-Zhulebino,6300000
41,19.0,13.0,,,,,Lomonosovskoe,9350000
38,38.0,10.0,17.0,2015.0,1.0,10.0,Nekrasovka,4850000
41,,6.0,1.0,1.0,1.0,1.0,Chertanovo Central'noe,7996148
42,27.0,3.0,9.0,1974.0,2.0,6.0,Orehovo-Borisovo Severnoe,7050000
42,20.0,5.0,12.0,1979.0,1.0,8.0,Otradnoe,6700000
66,,2.0,4.0,,1.0,1.0,Troickij okrug,5177240
99,54.0,15.0,17.0,2016.0,3.0,12.0,Pokrovskoe Streshnevo,19503000
87,64.0,3.0,5.0,1929.0,4.0,7.0,Mar'ina Roshha,14400000
38,19.0,10.0,16.0,1981.0,1.0,8.0,Teplyj Stan,7300000
67,34.0,4.0,5.0,1934.0,2.0,11.0,Danilovskoe,13300000
45,30.0,4.0,5.0,1962.0,2.0,5.0,Rostokino,7000000
72,48.0,21.0,22.0,2006.0,2.0,9.0,Lianozovo,14900000
109,58.0,16.0,16.0,2015.0,3.0,1.0,Levoberezhnoe,12017500
73,1.0,4.0,1.0,1.0,2.0,1.0,Tverskoe,6559300
31,20.0,8.0,9.0,1962.0,1.0,5.0,Kuz'minki,1000000
38,,5.0,17.0,2015.0,1.0,10.0,Poselenie Vnukovskoe,5890829
39,23.0,5.0,12.0,1969.0,2.0,6.0,Tekstil'shhiki,2000000
60,44.0,2.0,,,,,Veshnjaki,7200000
137,70.0,5.0,,,,,Fili Davydkovo,827400
45,27.0,2.0,12.0,1972.0,2.0,6.0,Kon'kovo,8100000
48,48.0,13.0,17.0,2015.0,1.0,10.0,Filevskij Park,9911599
40,23.0,9.0,14.0,1969.0,2.0,6.0,Juzhnoe Medvedkovo,7750000
64,32.0,5.0,15.0,2003.0,2.0,11.0,Obruchevskoe,13500000
41,,25.0,,,,,Poselenie Vnukovskoe,3849322
33,18.0,8.0,9.0,1972.0,1.0,6.0,Solncevo,4632000
86,49.0,10.0,23.0,2008.0,3.0,11.0,Rjazanskij,17000000
60,42.0,5.0,9.0,1975.0,3.0,6.0,Orehovo-Borisovo Severnoe,7500000
69,44.0,13.0,25.0,2004.0,3.0,8.0,Shhukino,16200000
40,20.0,6.0,12.0,1982.0,1.0,8.0,Bibirevo,6200000
51,29.0,7.0,12.0,1976.0,2.0,7.0,Juzhnoe Tushino,3000000
79,,6.0,,,,,Poselenie Sosenskoe,6240910
79,52.0,3.0,12.0,1981.0,4.0,8.0,Strogino,13500000
45,30.0,12.0,12.0,1975.0,2.0,6.0,Otradnoe,7800000
71,38.0,6.0,13.0,2012.0,2.0,12.0,Poselenie Sosenskoe,4870000
98,70.0,18.0,25.0,2015.0,3.0,10.0,Ramenki,16866496
59,58.0,16.0,16.0,1984.0,2.0,10.0,Akademicheskoe,11700000
64,64.0,12.0,17.0,0.0,2.0,1.0,Solncevo,5996175
41,25.0,3.0,8.0,1958.0,2.0,6.0,Lomonosovskoe,2000000
79,55.0,3.0,5.0,1958.0,3.0,9.0,Rjazanskij,3000000
32,18.0,9.0,9.0,1979.0,1.0,6.0,Strogino,990000
80,55.0,6.0,24.0,2017.0,3.0,12.0,Nagatinskij Zaton,12233960
45,1.0,6.0,15.0,2015.0,1.0,1.0,Juzhnoe Butovo,4066740
73,,3.0,16.0,2014.0,2.0,1.0,Poselenie Vnukovskoe,8935849
34,,1.0,3.0,2015.0,1.0,8.0,Poselenie Novofedorovskoe,2211300
53,32.0,14.0,,,,,Juzhnoe Tushino,1000000
34,20.0,1.0,9.0,1968.0,2.0,5.0,Ljublino,5170000
88,88.0,12.0,1.0,2014.0,3.0,1.0,Poselenie Sosenskoe,7068480
38,19.0,8.0,14.0,2008.0,1.0,7.0,Beskudnikovskoe,5275000
83,60.0,3.0,24.0,2017.0,3.0,12.0,Sviblovo,10439653
32,18.0,7.0,9.0,1975.0,1.0,6.0,Horoshevskoe,7100000
74,45.0,2.0,17.0,1997.0,3.0,9.0,Metrogorodok,10900000
78,74.0,12.0,12.0,2015.0,3.0,1.0,Nagornoe,15190446
51,29.0,8.0,12.0,1992.0,2.0,8.0,Severnoe Butovo,9000000
80,40.0,4.0,17.0,2004.0,3.0,11.0,Troickij okrug,8600000
32,18.0,2.0,9.0,1975.0,1.0,5.0,Chertanovo Central'noe,4900000
46,29.0,1.0,5.0,1966.0,2.0,6.0,Caricyno,6500000
75,72.0,10.0,17.0,2014.0,3.0,1.0,Nekrasovka,6786000
41,20.0,7.0,12.0,1996.0,1.0,8.0,Mar'ino,4000000
63,45.0,9.0,9.0,1969.0,3.0,5.0,Kon'kovo,11500000
64,0.0,3.0,0.0,2015.0,2.0,0.0,Poselenie Voskresenskoe,6708000
74,43.0,3.0,14.0,1992.0,3.0,10.0,Krjukovo,9050000
35,19.0,6.0,12.0,1966.0,1.0,9.0,Tekstil'shhiki,6000000
38,19.0,2.0,17.0,1991.0,1.0,8.0,Solncevo,6100000
74,43.0,11.0,17.0,1990.0,3.0,10.0,Severnoe Butovo,12250000
39,20.0,2.0,14.0,2004.0,1.0,10.0,Beskudnikovskoe,6500000
97,59.0,3.0,24.0,2008.0,4.0,9.0,Severnoe,3000000
44,28.0,9.0,9.0,1980.0,2.0,6.0,Mar'ino,4650000
59,59.0,16.0,25.0,2015.0,2.0,1.0,Nekrasovka,6552000
59,37.0,2.0,14.0,1998.0,3.0,8.0,Juzhnoe Butovo,7300000
87,,12.0,16.0,2014.0,3.0,1.0,Poselenie Sosenskoe,6664200
45,30.0,2.0,5.0,1961.0,2.0,5.0,Strogino,7800000
80,57.0,16.0,24.0,2017.0,3.0,12.0,Nagatinskij Zaton,12697154
50,29.0,10.0,14.0,1985.0,2.0,7.0,Brateevo,8000000
41,26.0,5.0,5.0,1965.0,2.0,5.0,Mozhajskoe,6500000
79,50.0,3.0,17.0,0.0,3.0,20.0,Poselenie Vnukovskoe,9161956
80,80.0,2.0,1.0,2014.0,3.0,1.0,Severnoe Tushino,14827400
37,19.0,5.0,16.0,1981.0,1.0,8.0,Bibirevo,6350000
33,19.0,1.0,9.0,1969.0,1.0,6.0,Hovrino,4700000
38,20.0,10.0,18.0,1980.0,1.0,8.0,Jaroslavskoe,5900000
65,38.0,12.0,12.0,1976.0,3.0,8.0,Lianozovo,2000000
60,43.0,6.0,9.0,1975.0,3.0,5.0,Teplyj Stan,11000000
66,44.0,11.0,12.0,1966.0,3.0,9.0,Izmajlovo,9000000
82,52.0,1.0,7.0,1996.0,3.0,12.0,Novokosino,9300000
29,28.0,4.0,17.0,2014.0,1.0,1.0,Poselenie Filimonkovskoe,2001270
76,39.0,12.0,16.0,1998.0,3.0,10.0,Mitino,12400000
59,34.0,5.0,17.0,1985.0,2.0,10.0,Mar'ino,10550000
32,18.0,5.0,5.0,1965.0,1.0,6.0,Mar'ina Roshha,2000000
32,163.0,3.0,5.0,1963.0,1.0,6.0,Poselenie Shherbinka,3550000
37,19.0,13.0,16.0,1981.0,1.0,10.0,Kotlovka,7000000
44,29.0,7.0,9.0,1974.0,2.0,6.0,Vyhino-Zhulebino,2000000
55,37.0,1.0,9.0,2012.0,3.0,6.0,Losinoostrovskoe,4866400
56,0.0,13.0,19.0,0.0,2.0,0.0,Poselenie Shherbinka,4278104
116,62.0,4.0,7.0,2013.0,3.0,17.0,Troickij okrug,12940938
37,19.0,14.0,17.0,2012.0,1.0,7.0,Butyrskoe,6000000
40,38.0,2.0,17.0,2014.0,1.0,1.0,Nekrasovka,4560000
104,53.0,21.0,22.0,2009.0,2.0,13.0,Filevskij Park,9150000
59,59.0,3.0,17.0,2013.0,2.0,10.0,Poselenie Desjonovskoe,5162152
94,,19.0,1.0,2014.0,3.0,1.0,Strogino,16713983
51,50.0,5.0,9.0,2015.0,2.0,1.0,Poselenie Filimonkovskoe,3474772
42,19.0,7.0,10.0,2008.0,1.0,8.0,Juzhnoe Butovo,4950000
38,20.0,2.0,14.0,1985.0,1.0,8.0,Brateevo,5400000
53,32.0,14.0,16.0,1976.0,2.0,9.0,Zjablikovo,8200000
36,19.0,9.0,17.0,2012.0,1.0,7.0,Butyrskoe,5000000
38,17.0,5.0,1.0,2002.0,1.0,8.0,Kotlovka,7400000
59,43.0,7.0,9.0,1977.0,3.0,6.0,Zjablikovo,8300000
32,19.0,8.0,9.0,1976.0,1.0,6.0,Jasenevo,5700000
89,89.0,7.0,12.0,2015.0,3.0,1.0,Poselenie Sosenskoe,6691410
35,14.0,9.0,9.0,1974.0,1.0,10.0,Orehovo-Borisovo Juzhnoe,2000000
38,38.0,14.0,17.0,2015.0,1.0,10.0,Poselenie Vnukovskoe,4876070
64,37.0,7.0,18.0,2005.0,2.0,10.0,Obruchevskoe,13300000
59,35.0,6.0,9.0,1946.0,2.0,5.0,Hamovniki,19100000
34,20.0,4.0,9.0,1969.0,2.0,6.0,Marfino,5400000
63,63.0,7.0,17.0,0.0,2.0,0.0,Solncevo,5883821
41,20.0,7.0,14.0,2007.0,1.0,11.0,Staroe Krjukovo,3000000
37,0.0,17.0,17.0,2014.0,1.0,0.0,Izmajlovo,3712661
34,19.0,3.0,14.0,1979.0,1.0,9.0,Prospekt Vernadskogo,7500000
38,25.0,5.0,9.0,1966.0,2.0,5.0,Basmannoe,8500000
56,32.0,7.0,17.0,1992.0,2.0,10.0,Krjukovo,1100000
57,16.0,3.0,5.0,1963.0,2.0,5.0,Koptevo,4000000
42,14.0,23.0,25.0,2012.0,1.0,10.0,Poselenie Vnukovskoe,3500000
38,22.0,6.0,9.0,1965.0,2.0,7.0,Alekseevskoe,6900000
39,21.0,11.0,12.0,1983.0,1.0,8.0,Orehovo-Borisovo Severnoe,7000000
49,34.0,8.0,9.0,1970.0,3.0,5.0,Severnoe Tushino,7400000
33,18.0,7.0,9.0,1964.0,1.0,7.0,Vostochnoe Izmajlovo,5700000
38,24.0,8.0,,,,,Nagatino-Sadovniki,990000
56,37.0,4.0,9.0,1978.0,3.0,6.0,Jasenevo,8400000
76,44.0,15.0,17.0,1984.0,3.0,10.0,Beskudnikovskoe,11000000
45,28.0,5.0,5.0,1966.0,2.0,5.0,Perovo,6400000
41,27.0,8.0,8.0,1960.0,2.0,5.0,Juzhnoportovoe,4000000
37,19.0,1.0,22.0,1989.0,1.0,9.0,Brateevo,1100000
30,16.0,2.0,5.0,1961.0,1.0,6.0,Koptevo,5000000
35,17.0,7.0,12.0,1975.0,1.0,6.0,Orehovo-Borisovo Severnoe,5700000
39,23.0,5.0,12.0,1969.0,2.0,6.0,Preobrazhenskoe,1000000
80,50.0,6.0,17.0,2008.0,3.0,10.0,Solncevo,11800000
35,19.0,2.0,,,,,Ivanovskoe,5700000
43,43.0,8.0,10.0,2014.0,1.0,1.0,Presnenskoe,13979706
51,29.0,5.0,12.0,1986.0,2.0,7.0,Perovo,9050000
36,21.0,5.0,9.0,1974.0,1.0,6.0,Otradnoe,6500000
33,19.0,2.0,6.0,1961.0,1.0,7.0,Vostochnoe Izmajlovo,2000000
44,28.0,5.0,9.0,1970.0,2.0,6.0,Sviblovo,8000000
63,38.0,5.0,9.0,1979.0,3.0,8.0,Otradnoe,7400000
58,32.0,9.0,14.0,1977.0,2.0,9.0,Lomonosovskoe,14400000
45,30.0,2.0,5.0,1961.0,2.0,5.0,Kotlovka,6150000
75,46.0,4.0,16.0,1979.0,3.0,10.0,Jasenevo,12200000
37,19.0,2.0,17.0,1988.0,1.0,7.0,Moskvorech'e-Saburovo,7200000
31,19.0,3.0,4.0,1960.0,1.0,5.0,Alekseevskoe,6000000
90,58.0,7.0,11.0,1958.0,3.0,10.0,Arbat,24700000
43,38.0,3.0,,,,,Poselenie Voskresenskoe,3394067
73,69.0,11.0,11.0,2017.0,2.0,16.0,Ramenki,15620970
37,23.0,5.0,9.0,1965.0,2.0,6.0,Vyhino-Zhulebino,6200000
83,,15.0,17.0,0.0,3.0,1.0,Poselenie Vnukovskoe,9390917
32,20.0,1.0,,,,,Savelovskoe,4750000
104,80.0,21.0,24.0,2017.0,3.0,20.0,Ramenki,16821280
73,43.0,10.0,17.0,1984.0,3.0,10.0,Vostochnoe Degunino,10400000
73,77.0,10.0,17.0,2014.0,3.0,1.0,Nekrasovka,7488400
30,17.0,1.0,5.0,1966.0,1.0,5.0,Severnoe Tushino,5400000
51,40.0,17.0,17.0,2015.0,2.0,9.0,Nekrasovka,5057881
148,82.0,5.0,,,,,Kuncevo,5000000
40,40.0,5.0,17.0,0.0,2.0,0.0,Solncevo,3846080
100,80.0,9.0,25.0,2017.0,3.0,15.0,Prospekt Vernadskogo,19172900
63,44.0,12.0,12.0,1981.0,3.0,6.0,Babushkinskoe,11650000
54,32.0,7.0,16.0,1975.0,2.0,9.0,Otradnoe,1000000
34,19.0,8.0,12.0,1973.0,1.0,10.0,Veshnjaki,5550000
51,29.0,8.0,12.0,1995.0,2.0,8.0,Vyhino-Zhulebino,8400000
72,43.0,11.0,14.0,1989.0,3.0,8.0,Metrogorodok,14000000
51,31.0,4.0,8.0,1956.0,2.0,5.0,Alekseevskoe,11500000
47,32.0,7.0,14.0,1972.0,2.0,8.0,Chertanovo Central'noe,2500000
30,17.0,2.0,5.0,1958.0,1.0,6.0,Perovo,5400000
64,64.0,8.0,17.0,2015.0,2.0,1.0,Poselenie Vnukovskoe,8799661
49,29.0,2.0,12.0,2001.0,2.0,8.0,Juzhnoe Butovo,7600000
65,43.0,1.0,12.0,1973.0,3.0,10.0,Teplyj Stan,7900000
86,,7.0,17.0,2016.0,3.0,1.0,Losinoostrovskoe,13502000
40,38.0,2.0,17.0,2014.0,1.0,1.0,Nekrasovka,4400000
73,45.0,5.0,16.0,1981.0,3.0,10.0,Donskoe,7000000
28,15.0,4.0,5.0,1965.0,1.0,5.0,Tekstil'shhiki,4830000
60,44.0,1.0,9.0,1968.0,3.0,6.0,Troparevo-Nikulino,9500000
53,32.0,1.0,4.0,1934.0,2.0,6.0,Donskoe,8300000
54,32.0,4.0,16.0,1976.0,2.0,9.0,Meshhanskoe,13500000
65,40.0,10.0,16.0,1981.0,3.0,8.0,Jaroslavskoe,11300000
60,32.0,11.0,16.0,1974.0,2.0,9.0,Golovinskoe,8350000
37,19.0,8.0,16.0,1995.0,1.0,9.0,Krjukovo,4680000
40,18.0,6.0,,,,,Poselenie Voskresenskoe,4004400
31,21.0,1.0,9.0,1966.0,1.0,5.0,Kuz'minki,4500000
38,23.0,10.0,12.0,1965.0,2.0,6.0,Novogireevo,5700000
75,73.0,7.0,17.0,1985.0,3.0,10.0,Ramenki,15500000
76,45.0,9.0,12.0,1996.0,3.0,10.0,Novokosino,11000000
51,30.0,4.0,17.0,2004.0,2.0,9.0,Zapadnoe Degunino,2000000
44,30.0,1.0,5.0,1962.0,2.0,5.0,Kuz'minki,5950000
37,19.0,1.0,17.0,1990.0,1.0,8.0,Novokosino,5200000
59,33.0,6.0,18.0,2001.0,2.0,10.0,Moskvorech'e-Saburovo,9050000
82,,11.0,11.0,2014.0,3.0,1.0,Tverskoe,8813112
80,54.0,8.0,8.0,1958.0,3.0,8.0,Dorogomilovo,22300000
79,1.0,13.0,18.0,1.0,3.0,1.0,Krjukovo,8841950
77,77.0,10.0,,,,,Poselenie Sosenskoe,5852000
53,30.0,2.0,6.0,1956.0,1.0,10.0,Horoshevskoe,4000000
38,8.0,7.0,25.0,2009.0,1.0,8.0,Strogino,9150000
38,21.0,10.0,12.0,1974.0,1.0,8.0,Otradnoe,6800000
53,,3.0,1.0,,2.0,1.0,Poselenie Novofedorovskoe,3175380
46,18.0,3.0,17.0,2002.0,1.0,13.0,Troickij okrug,4950000
51,30.0,2.0,14.0,2007.0,2.0,9.0,Mozhajskoe,2500000
44,28.0,2.0,5.0,1960.0,2.0,6.0,Kuncevo,7700000
66,44.0,5.0,12.0,1969.0,3.0,9.0,Novogireevo,11300000
46,29.0,8.0,9.0,1969.0,2.0,6.0,Kon'kovo,7700000
32,21.0,2.0,9.0,1965.0,1.0,5.0,Beskudnikovskoe,5450000
88,76.0,1.0,3.0,2012.0,1.0,0.0,Troickij okrug,5850000
60,,22.0,22.0,2013.0,2.0,1.0,Strogino,11140800
30,18.0,5.0,5.0,1965.0,1.0,5.0,Golovinskoe,6000000
30,17.0,6.0,8.0,1960.0,1.0,6.0,Danilovskoe,7300000
32,16.0,5.0,8.0,1968.0,1.0,7.0,Ajeroport,7450000
27,26.0,4.0,9.0,2015.0,1.0,1.0,Poselenie Filimonkovskoe,2305805
54,54.0,2.0,3.0,2016.0,2.0,1.0,Poselenie Novofedorovskoe,3063307
35,14.0,9.0,22.0,2001.0,1.0,10.0,Moskvorech'e-Saburovo,7200000
50,30.0,17.0,17.0,1994.0,2.0,8.0,Severnoe Izmajlovo,9500000
72,37.0,6.0,10.0,1999.0,2.0,11.0,Poselenie Mosrentgen,10200000
64,,4.0,17.0,2016.0,2.0,1.0,Poselenie Vnukovskoe,6663536
84,48.0,14.0,,,,,Poselenie Voskresenskoe,7957600
63,,7.0,,,,,Nekrasovka,5227330
55,29.0,6.0,12.0,2004.0,2.0,8.0,Kosino-Uhtomskoe,8500000
73,45.0,3.0,,,,,Caricyno,11300000
50,33.0,9.0,12.0,1974.0,2.0,6.0,Pechatniki,3000000
76,45.0,15.0,17.0,2004.0,3.0,10.0,Ljublino,12200000
75,45.0,13.0,17.0,2010.0,3.0,10.0,Otradnoe,3200000
77,45.0,14.0,17.0,1984.0,3.0,10.0,Krylatskoe,16400000
71,43.0,13.0,14.0,1987.0,3.0,8.0,Veshnjaki,11800000
35,14.0,11.0,17.0,1994.0,1.0,9.0,Severnoe Butovo,5780000
59,,9.0,25.0,1.0,2.0,1.0,Nekrasovka,6087300
52,48.0,3.0,12.0,1973.0,2.0,6.0,Kon'kovo,8300000
51,30.0,12.0,14.0,2011.0,2.0,9.0,Gol'janovo,2000000
33,18.0,4.0,5.0,1958.0,1.0,6.0,Horoshevskoe,7000000
38,19.0,2.0,22.0,1997.0,1.0,10.0,Ramenki,9700000
49,30.0,2.0,9.0,1973.0,2.0,6.0,Nagatinskij Zaton,8100000
45,29.0,6.0,9.0,1975.0,2.0,6.0,Otradnoe,7400000
81,50.0,9.0,9.0,1955.0,3.0,9.0,Meshhanskoe,22500000
63,40.0,12.0,19.0,2014.0,2.0,10.0,Poselenie Vnukovskoe,6411198
57,,25.0,25.0,1.0,2.0,1.0,Mitino,9985405
44,27.0,4.0,9.0,1975.0,2.0,5.0,Losinoostrovskoe,7350000
62,,5.0,22.0,2015.0,2.0,10.0,Poselenie Vnukovskoe,7038678
37,,4.0,0.0,0.0,1.0,0.0,Poselenie Filimonkovskoe,2562205
65,65.0,7.0,7.0,0.0,2.0,1.0,Poselenie Moskovskij,7335848
27,,8.0,19.0,,1.0,0.0,Poselenie Shherbinka,2689984
46,22.0,1.0,17.0,2013.0,1.0,11.0,Poselenie Sosenskoe,3200000
45,45.0,4.0,22.0,2017.0,1.0,1.0,Ramenki,7828380
40,18.0,16.0,16.0,2009.0,1.0,9.0,Juzhnoe Butovo,4700000
37,23.0,9.0,9.0,1961.0,2.0,7.0,Cheremushki,8150000
58,40.0,7.0,9.0,1971.0,3.0,6.0,Chertanovo Juzhnoe,7300000
39,20.0,12.0,12.0,1978.0,1.0,8.0,Chertanovo Juzhnoe,7200000
74,45.0,6.0,17.0,1994.0,3.0,10.0,Juzhnoe Butovo,10500000
42,29.0,1.0,5.0,1963.0,2.0,5.0,Timirjazevskoe,6400000
53,32.0,7.0,9.0,1999.0,2.0,9.0,Juzhnoe Butovo,2000000
34,15.0,12.0,17.0,2012.0,1.0,7.0,Poselenie Desjonovskoe,2585000
37,22.0,3.0,9.0,1963.0,2.0,7.0,Taganskoe,6300000
44,27.0,2.0,5.0,1969.0,2.0,5.0,Izmajlovo,3000000
53,,2.0,4.0,2014.0,2.0,1.0,Tverskoe,3184763
51,31.0,5.0,16.0,1981.0,2.0,9.0,Butyrskoe,8600000
37,19.0,16.0,4.0,1980.0,2.0,8.0,Otradnoe,6725000
51,29.0,5.0,12.0,1999.0,2.0,8.0,Juzhnoe Butovo,7650000
53,30.0,4.0,12.0,1975.0,2.0,8.0,Bogorodskoe,10700000
25,13.0,4.0,9.0,1965.0,1.0,5.0,Danilovskoe,5900000
42,,12.0,12.0,2014.0,1.0,1.0,Chertanovo Severnoe,6744720
43,19.0,14.0,17.0,2008.0,1.0,8.0,Juzhnoe Butovo,6100000
38,18.0,4.0,17.0,2004.0,1.0,7.0,Beskudnikovskoe,6500000
55,55.0,2.0,17.0,,2.0,1.0,Poselenie Filimonkovskoe,3378817
39,23.0,8.0,12.0,1969.0,2.0,5.0,Bogorodskoe,2000000
45,30.0,11.0,12.0,1973.0,2.0,6.0,Birjulevo Zapadnoe,5900000
45,28.0,2.0,5.0,1965.0,2.0,5.0,Solncevo,5550000
50,29.0,6.0,12.0,1974.0,2.0,8.0,Otradnoe,2250000
51,30.0,13.0,17.0,1988.0,2.0,8.0,Caricyno,9450000
32,18.0,4.0,9.0,1977.0,1.0,6.0,Jasenevo,5300000
37,19.0,2.0,17.0,2000.0,1.0,7.0,Nagornoe,7750000
59,42.0,6.0,9.0,1972.0,3.0,5.0,Teplyj Stan,10200000
165,,6.0,,,,,Obruchevskoe,21836162
72,,15.0,17.0,2017.0,2.0,1.0,Presnenskoe,22208664
45,26.0,1.0,12.0,1974.0,2.0,6.0,Birjulevo Zapadnoe,5550000
54,36.0,1.0,5.0,1962.0,3.0,5.0,Novogireevo,7100000
45,27.0,3.0,5.0,1960.0,2.0,6.0,Kuz'minki,2500000
76,51.0,3.0,4.0,1958.0,3.0,8.0,Lianozovo,10625000
54,32.0,8.0,16.0,1980.0,2.0,9.0,Jasenevo,9130000
58,33.0,19.0,22.0,2010.0,2.0,10.0,Dmitrovskoe,9800000
39,38.0,12.0,12.0,2015.0,1.0,0.0,Nagornoe,7386570
38,20.0,2.0,14.0,1990.0,1.0,8.0,Krjukovo,5200000
45,28.0,11.0,12.0,1968.0,2.0,5.0,Koptevo,7650000
51,51.0,3.0,17.0,2016.0,2.0,1.0,Poselenie Novofedorovskoe,2507450
31,20.0,2.0,5.0,1964.0,1.0,5.0,Preobrazhenskoe,5700000
58,39.0,4.0,9.0,1967.0,3.0,7.0,Severnoe Tushino,1500000
85,85.0,5.0,22.0,0.0,3.0,0.0,Poselenie Vnukovskoe,10145023
43,,5.0,0.0,,1.0,0.0,Poselenie Sosenskoe,4185010
32,20.0,5.0,5.0,1968.0,1.0,5.0,Vyhino-Zhulebino,2000000
61,56.0,2.0,1.0,2014.0,2.0,7.0,Poselenie Voskresenskoe,5235870
41,25.0,4.0,5.0,1964.0,2.0,5.0,Kotlovka,6500000
64,45.0,10.0,,,,,Sokolinaja Gora,7600000
38,20.0,10.0,12.0,2000.0,1.0,8.0,Juzhnoe Butovo,5650000
37,,10.0,19.0,,1.0,1.0,Poselenie Shherbinka,3387458
95,,21.0,22.0,2014.0,3.0,1.0,Strogino,16880930
84,,17.0,,,,,Nekrasovka,7759030
38,20.0,3.0,14.0,1990.0,1.0,8.0,Gol'janovo,5800000
45,30.0,1.0,5.0,1963.0,2.0,1.0,Danilovskoe,6700000
65,32.0,2.0,18.0,2012.0,2.0,12.0,Poselenie Sosenskoe,4041807
38,19.0,8.0,17.0,1999.0,1.0,7.0,Zjuzino,7300000
63,,5.0,17.0,2015.0,2.0,10.0,Poselenie Vnukovskoe,7264922
43,18.0,17.0,0.0,0.0,1.0,0.0,Poselenie Sosenskoe,6146405
58,42.0,5.0,9.0,1965.0,3.0,5.0,Danilovskoe,1000000
37,18.0,10.0,16.0,1980.0,1.0,10.0,Orehovo-Borisovo Juzhnoe,6300000
54,31.0,8.0,16.0,1985.0,2.0,9.0,Solncevo,7600000
44,28.0,5.0,9.0,1978.0,2.0,6.0,Jasenevo,7150000
32,18.0,6.0,9.0,1970.0,1.0,6.0,Chertanovo Central'noe,5500000
56,34.0,1.0,4.0,1960.0,2.0,8.0,Perovo,7800000
79,,5.0,1.0,2013.0,3.0,0.0,Nagornoe,13532684
45,29.0,8.0,14.0,1971.0,2.0,5.0,Gol'janovo,6850000
42,25.0,3.0,5.0,1962.0,2.0,5.0,Fili Davydkovo,8500000
64,,15.0,17.0,1.0,2.0,1.0,Poselenie Moskovskij,5833756
36,19.0,11.0,12.0,1968.0,1.0,9.0,Novogireevo,6700000
34,19.0,7.0,12.0,1976.0,1.0,9.0,Birjulevo Vostochnoe,4850000
36,19.0,2.0,16.0,1977.0,1.0,8.0,Caricyno,5850000
37,21.0,2.0,6.0,1932.0,2.0,6.0,Krasnosel'skoe,8700000
71,46.0,4.0,15.0,1971.0,3.0,8.0,Lomonosovskoe,16400000
47,46.0,1.0,9.0,1979.0,2.0,6.0,Gol'janovo,6100000
44,28.0,8.0,12.0,1967.0,2.0,5.0,Rjazanskij,3000000
66,66.0,3.0,5.0,2014.0,2.0,1.0,Poselenie Vnukovskoe,7632049
101,64.0,7.0,22.0,1996.0,4.0,10.0,Mar'ino,15500000
79,,3.0,,,,,Poselenie Sosenskoe,6240910
27,,21.0,25.0,,1.0,10.0,Mitino,4715000
41,18.0,7.0,1.0,2015.0,1.0,1.0,Poselenie Voskresenskoe,4747800
78,,5.0,22.0,2014.0,3.0,1.0,Nagatinskij Zaton,14455298
54,36.0,4.0,5.0,1961.0,3.0,5.0,Ajeroport,9000000
52,30.0,1.0,12.0,1978.0,2.0,8.0,Bibirevo,7450000
72,49.0,5.0,5.0,1957.0,3.0,8.0,Ochakovo-Matveevskoe,12000000
74,47.0,5.0,5.0,1959.0,3.0,8.0,Danilovskoe,11350000
32,18.0,2.0,9.0,1969.0,1.0,6.0,Pechatniki,5200000
37,22.0,2.0,9.0,1966.0,2.0,7.0,Vostochnoe Izmajlovo,4900000
43,28.0,3.0,5.0,1962.0,2.0,5.0,Sviblovo,7000000
85,85.0,4.0,17.0,2014.0,3.0,0.0,Chertanovo Juzhnoe,13048100
63,45.0,3.0,12.0,1973.0,3.0,7.0,Birjulevo Vostochnoe,7550000
63,,2.0,2.0,,2.0,1.0,Poselenie Novofedorovskoe,2819170
38,19.0,1.0,17.0,1995.0,1.0,8.0,Levoberezhnoe,5800000
43,17.0,13.0,24.0,2008.0,1.0,10.0,Obruchevskoe,10000000
43,26.0,3.0,5.0,1964.0,2.0,5.0,Sokol'niki,9700000
52,30.0,12.0,14.0,1994.0,2.0,8.0,Mar'ino,8500000
76,45.0,5.0,17.0,1989.0,3.0,10.0,Brateevo,10607375
53,53.0,22.0,22.0,2015.0,1.0,1.0,Nagornoe,10283595
43,43.0,15.0,15.0,2016.0,1.0,0.0,Poselenie Voskresenskoe,5007330
42,20.0,5.0,12.0,1979.0,1.0,8.0,Savelki,5150000
35,19.0,12.0,12.0,1967.0,1.0,9.0,Zapadnoe Degunino,5100000
54,32.0,10.0,17.0,1999.0,2.0,9.0,Mar'ino,8300000
39,19.0,13.0,25.0,2003.0,1.0,10.0,Butyrskoe,9900000
46,30.0,3.0,5.0,1962.0,2.0,5.0,Levoberezhnoe,7250000
38,20.0,21.0,22.0,2007.0,1.0,10.0,Juzhnoe Butovo,5950000
38,22.0,6.0,9.0,1962.0,2.0,7.0,Cheremushki,7200000
31,16.0,2.0,5.0,1975.0,1.0,6.0,Poselenie Kokoshkino,3500000
41,20.0,4.0,14.0,1986.0,1.0,8.0,Brateevo,6400000
77,46.0,7.0,16.0,1982.0,3.0,10.0,Troparevo-Nikulino,14000000
36,,21.0,22.0,2014.0,1.0,1.0,Poselenie Sosenskoe,4466007
33,17.0,3.0,9.0,1980.0,1.0,8.0,Severnoe Butovo,5550000
54,32.0,9.0,17.0,1987.0,2.0,9.0,Kon'kovo,10854000
44,29.0,4.0,9.0,1977.0,2.0,5.0,Orehovo-Borisovo Juzhnoe,6800000
36,20.0,5.0,12.0,1969.0,1.0,9.0,Novogireevo,6300000
55,40.0,4.0,5.0,1958.0,3.0,5.0,Hamovniki,16000000
42,29.0,5.0,5.0,1960.0,2.0,5.0,Babushkinskoe,6450000
33,19.0,2.0,3.0,1961.0,1.0,6.0,Sviblovo,5500000
61,33.0,12.0,12.0,2006.0,2.0,11.0,Kosino-Uhtomskoe,8800000
60,41.0,6.0,9.0,1975.0,3.0,6.0,Bibirevo,8200000
41,41.0,11.0,17.0,0.0,1.0,1.0,Poselenie Moskovskij,4916533
38,17.0,12.0,,,,,Cheremushki,6689000
86,60.0,6.0,7.0,1917.0,3.0,8.0,Basmannoe,6500000
39,20.0,23.0,25.0,2016.0,1.0,10.0,Nekrasovka,4740000
50,29.0,1.0,9.0,1976.0,2.0,9.0,Cheremushki,8000000
48,27.0,2.0,12.0,1976.0,2.0,9.0,Orehovo-Borisovo Severnoe,7250000
38,20.0,2.0,14.0,1992.0,1.0,8.0,Mar'ino,5700000
61,35.0,19.0,22.0,1989.0,2.0,10.0,Nagornoe,3000000
36,19.0,4.0,5.0,1958.0,1.0,6.0,Kotlovka,5700000
59,30.0,4.0,1.0,,2.0,12.0,Poselenie Voskresenskoe,6711810
43,30.0,1.0,5.0,1962.0,2.0,4.0,Perovo,6330000
35,35.0,4.0,4.0,0.0,1.0,0.0,Poselenie Filimonkovskoe,2563567
47,30.0,3.0,9.0,1978.0,2.0,6.0,Gol'janovo,2000000
55,37.0,5.0,5.0,1962.0,3.0,5.0,Shhukino,7500000
30,18.0,1.0,5.0,1969.0,1.0,5.0,Kotlovka,5450000
37,18.0,12.0,16.0,1982.0,1.0,8.0,Zapadnoe Degunino,6200000
42,19.0,9.0,12.0,1972.0,1.0,9.0,Juzhnoe Tushino,6950000
63,46.0,8.0,9.0,1978.0,4.0,5.0,Zjuzino,10500000
61,,18.0,,,,,Mitino,8248500
41,25.0,5.0,5.0,1964.0,2.0,5.0,Zjuzino,6650000
90,71.0,2.0,3.0,2014.0,2.0,9.0,Troickij okrug,6167600
51,34.0,7.0,9.0,1976.0,3.0,6.0,Jasenevo,1000000
43,27.0,1.0,9.0,1974.0,2.0,5.0,Nagatino-Sadovniki,7500000
45,30.0,4.0,5.0,1961.0,2.0,5.0,Sokolinaja Gora,5650000
57,57.0,10.0,12.0,2014.0,2.0,10.0,Poselenie Desjonovskoe,4886497
38,19.0,7.0,14.0,1970.0,1.0,9.0,Juzhnoe Medvedkovo,2000000
90,61.0,4.0,17.0,2002.0,4.0,10.0,Juzhnoe Butovo,6850000
45,27.0,4.0,9.0,1975.0,2.0,5.0,Teplyj Stan,8000000
92,43.0,1.0,9.0,1997.0,3.0,11.0,Juzhnoe Butovo,10700000
39,39.0,18.0,19.0,2015.0,1.0,1.0,Nagornoe,10174898
42,1.0,8.0,1.0,1.0,2.0,1.0,Krjukovo,4368000
41,,5.0,1.0,,1.0,1.0,Poselenie Voskresenskoe,5150000
29,16.0,2.0,9.0,1987.0,1.0,6.0,Poselenie Shherbinka,4400000
79,41.0,9.0,1.0,2013.0,3.0,12.0,Poselenie Voskresenskoe,7011550
32,17.0,3.0,9.0,1969.0,1.0,7.0,Chertanovo Severnoe,5150000
42,,4.0,1.0,1.0,1.0,1.0,Tverskoe,4452000
52,30.0,5.0,12.0,1981.0,2.0,8.0,Bibirevo,7550000
28,16.0,5.0,5.0,1966.0,1.0,5.0,Dmitrovskoe,4700000
44,27.0,9.0,9.0,1978.0,2.0,6.0,Mar'ina Roshha,9450000
42,28.0,9.0,9.0,1966.0,2.0,5.0,Zjuzino,7500000
53,32.0,9.0,16.0,1978.0,2.0,9.0,Altuf'evskoe,9300000
46,,6.0,,,,,Poselenie Sosenskoe,4074959
56,34.0,5.0,5.0,1957.0,2.0,7.0,Akademicheskoe,9800000
43,43.0,9.0,17.0,2015.0,1.0,0.0,Poselenie Moskovskij,5396660
40,19.0,14.0,17.0,2011.0,1.0,7.0,Poselenie Vnukovskoe,4876250
39,19.0,3.0,14.0,1996.0,1.0,8.0,Novokosino,5850000
80,80.0,2.0,20.0,2014.0,2.0,0.0,Strogino,12852154
58,32.0,6.0,14.0,1995.0,2.0,10.0,Novokosino,8300000
82,82.0,9.0,17.0,2015.0,3.0,15.0,Poselenie Sosenskoe,6938080
56,29.0,5.0,10.0,2001.0,2.0,11.0,Matushkino,7500000
42,26.0,4.0,5.0,1964.0,2.0,5.0,Kuz'minki,6200000
62,,2.0,17.0,,2.0,1.0,Tverskoe,6520500
77,45.0,9.0,17.0,2003.0,3.0,12.0,Hovrino,15500000
46,28.0,4.0,12.0,1973.0,2.0,6.0,Chertanovo Juzhnoe,7100000
67,,3.0,3.0,,3.0,1.0,Poselenie Novofedorovskoe,3561990
107,61.0,21.0,24.0,2007.0,3.0,9.0,Taganskoe,2000000
42,29.0,8.0,,,,,Rjazanskij,6200000
47,,19.0,25.0,,1.0,1.0,Nekrasovka,4935000
53,30.0,1.0,14.0,1988.0,2.0,8.0,Mar'ino,8350000
47,29.0,12.0,12.0,1969.0,2.0,6.0,Fili Davydkovo,8900000
78,74.0,3.0,,,,,Hovrino,11900000
44,44.0,4.0,5.0,2015.0,1.0,10.0,Poselenie Sosenskoe,5620517
43,29.0,1.0,5.0,1960.0,2.0,5.0,Vojkovskoe,7000000
41,41.0,17.0,17.0,0.0,1.0,1.0,Tverskoe,4440557
69,41.0,7.0,10.0,1989.0,3.0,9.0,Taganskoe,19000000
38,19.0,14.0,16.0,1979.0,1.0,8.0,Lianozovo,7100000
90,38.0,1.0,2.0,0.0,3.0,1.0,Tverskoe,5335800
68,34.0,17.0,25.0,2010.0,2.0,9.0,Novo-Peredelkino,6835167
40,40.0,9.0,17.0,2014.0,1.0,1.0,Poselenie Shherbinka,3422309
63,45.0,3.0,12.0,1980.0,3.0,6.0,Mar'ino,8200000
106,80.0,12.0,14.0,2012.0,1.0,12.0,Troparevo-Nikulino,22266144
62,,7.0,17.0,1.0,2.0,1.0,Poselenie Moskovskij,5425062
86,83.0,6.0,1.0,2015.0,3.0,13.0,Levoberezhnoe,13729650
114,69.0,13.0,18.0,2000.0,3.0,16.0,Horoshevo-Mnevniki,28500000
34,20.0,6.0,9.0,1967.0,2.0,5.0,Nagornoe,7500000
60,34.0,3.0,16.0,2009.0,2.0,10.0,Kotlovka,5144000
54,32.0,4.0,17.0,1989.0,2.0,9.0,Novo-Peredelkino,7500000
44,28.0,3.0,9.0,1970.0,2.0,5.0,Ivanovskoe,1000000
38,19.0,4.0,17.0,2013.0,1.0,7.0,Nekrasovka,3064000
35,14.0,2.0,12.0,2001.0,1.0,1.0,Juzhnoe Butovo,5350000
45,28.0,5.0,17.0,1967.0,2.0,8.0,Hamovniki,12300000
75,40.0,12.0,14.0,1994.0,3.0,8.0,Vostochnoe Degunino,5000000
38,19.0,4.0,14.0,1994.0,1.0,8.0,Juzhnoe Butovo,5000000
124,80.0,7.0,30.0,2012.0,4.0,11.0,Bogorodskoe,10200000
74,42.0,2.0,15.0,2010.0,2.0,11.0,Dorogomilovo,25500000
27,14.0,1.0,5.0,1966.0,1.0,5.0,Dmitrovskoe,4650000
53,30.0,9.0,16.0,1979.0,2.0,8.0,Lianozovo,9650000
37,19.0,9.0,14.0,1970.0,1.0,9.0,Sokolinaja Gora,6700000
61,30.0,8.0,24.0,2003.0,2.0,11.0,Birjulevo Vostochnoe,8300000
72,,23.0,,,,,Nekrasovka,6628786
39,16.0,14.0,14.0,2005.0,1.0,8.0,Troickij okrug,4750000
138,65.0,17.0,18.0,2004.0,3.0,10.0,Obruchevskoe,40000000
45,28.0,8.0,12.0,1967.0,2.0,5.0,Vostochnoe Izmajlovo,6500000
83,,10.0,,,,,Severnoe Tushino,14784000
37,18.0,2.0,16.0,1979.0,1.0,8.0,Strogino,7340000
38,19.0,10.0,17.0,1990.0,1.0,8.0,Juzhnoportovoe,7200000
37,23.0,2.0,9.0,1971.0,2.0,6.0,Nagatino-Sadovniki,6350000
31,18.0,5.0,5.0,1970.0,1.0,5.0,Novogireevo,5150000
60,42.0,6.0,9.0,1968.0,3.0,6.0,Ochakovo-Matveevskoe,9300000
46,30.0,4.0,12.0,1982.0,2.0,6.0,Ljublino,1300000
38,20.0,5.0,22.0,1990.0,1.0,10.0,Severnoe Butovo,1000000
47,20.0,2.0,12.0,1968.0,2.0,11.0,Koptevo,9000000
70,70.0,10.0,1.0,2014.0,2.0,1.0,Poselenie Sosenskoe,7047460
52,30.0,8.0,14.0,2004.0,2.0,9.0,Juzhnoe Medvedkovo,9200000
53,30.0,12.0,12.0,1987.0,2.0,8.0,Horoshevskoe,13000000
29,29.0,5.0,9.0,2014.0,1.0,1.0,Poselenie Filimonkovskoe,2132573
53,30.0,7.0,12.0,1982.0,2.0,8.0,Bibirevo,8500000
43,27.0,9.0,9.0,1970.0,2.0,6.0,Pechatniki,6150000
76,51.0,2.0,8.0,1959.0,3.0,8.0,Sokol,14000000
74,42.0,5.0,16.0,2012.0,3.0,9.0,Mozhajskoe,8000000
40,38.0,3.0,17.0,2013.0,1.0,1.0,Nekrasovka,4462000
31,17.0,4.0,5.0,1966.0,1.0,5.0,Solncevo,4900000
35,16.0,9.0,2.0,1970.0,1.0,9.0,Begovoe,9050000
55,37.0,3.0,5.0,1967.0,3.0,5.0,Horoshevo-Mnevniki,7900000
60,34.0,11.0,12.0,1998.0,2.0,10.0,Filevskij Park,13000000
44,28.0,9.0,2.0,1970.0,2.0,5.0,Severnoe Izmajlovo,7500000
37,,15.0,15.0,2014.0,1.0,1.0,Tverskoe,3534660
38,20.0,5.0,14.0,1985.0,1.0,8.0,Strogino,5850000
78,46.0,7.0,14.0,1995.0,3.0,10.0,Mar'ino,10200000
40,16.0,19.0,25.0,1975.0,1.0,9.0,Ramenki,8250000
39,39.0,10.0,17.0,0.0,1.0,1.0,Solncevo,4577444
37,20.0,10.0,24.0,2017.0,1.0,8.0,Nagatinskij Zaton,6321515
43,,9.0,,,,,Poselenie Moskovskij,4122377
27,1.0,1.0,4.0,2014.0,1.0,1.0,Poselenie Filimonkovskoe,2135591
41,17.0,16.0,22.0,1985.0,1.0,10.0,Jasenevo,6000000
76,47.0,12.0,17.0,1.0,3.0,10.0,Juzhnoe Butovo,12200000
54,32.0,12.0,17.0,2004.0,2.0,9.0,Ljublino,9100000
37,22.0,1.0,12.0,1965.0,2.0,6.0,Shhukino,7300000
42,23.0,11.0,14.0,1975.0,2.0,6.0,Teplyj Stan,7100000
31,21.0,1.0,9.0,1965.0,1.0,5.0,Perovo,4900000
60,60.0,8.0,17.0,2014.0,2.0,1.0,Tverskoe,5903808
53,53.0,9.0,16.0,1977.0,2.0,9.0,Horoshevo-Mnevniki,3750000
32,16.0,5.0,5.0,1958.0,1.0,5.0,Marfino,5500000
84,,4.0,12.0,2014.0,3.0,8.0,Poselenie Shherbinka,7095788
38,19.0,5.0,14.0,2008.0,1.0,10.0,Mozhajskoe,5200000
63,46.0,1.0,9.0,1979.0,3.0,6.0,Solncevo,7200000
51,9.0,2.0,3.0,2010.0,1.0,20.0,Poselenie Pervomajskoe,5400000
37,19.0,12.0,17.0,2004.0,1.0,6.0,Chertanovo Juzhnoe,5900000
59,43.0,7.0,9.0,1978.0,3.0,6.0,Jasenevo,9800000
59,38.0,1.0,12.0,1970.0,3.0,5.0,Severnoe Tushino,9000000
61,61.0,3.0,17.0,0.0,2.0,10.0,Poselenie Vnukovskoe,7002153
52,,10.0,17.0,2014.0,2.0,1.0,Nekrasovka,5073100
43,18.0,4.0,17.0,2013.0,1.0,8.0,Poselenie Moskovskij,2200000
51,30.0,2.0,17.0,2004.0,2.0,9.0,Poselenie Shherbinka,6100000
38,19.0,7.0,17.0,1989.0,1.0,8.0,Novo-Peredelkino,5850000
157,81.0,8.0,14.0,2016.0,4.0,17.0,Presnenskoe,44385056
80,51.0,14.0,14.0,2009.0,3.0,11.0,Severnoe Tushino,14400000
113,59.0,2.0,17.0,2011.0,3.0,13.0,Ramenki,29937000
87,43.0,5.0,17.0,2013.0,2.0,20.0,Ochakovo-Matveevskoe,7530000
54,31.0,8.0,14.0,1970.0,2.0,8.0,Golovinskoe,9000000
54,,17.0,19.0,,2.0,1.0,Poselenie Shherbinka,4433926
61,45.0,9.0,9.0,1969.0,3.0,6.0,Altuf'evskoe,1500000
45,30.0,5.0,4.0,1963.0,2.0,5.0,Novogireevo,1000000
43,43.0,24.0,24.0,2014.0,1.0,10.0,Poselenie Vnukovskoe,5533460
45,30.0,3.0,5.0,1964.0,2.0,5.0,Kuz'minki,6350000
69,39.0,16.0,16.0,1990.0,3.0,9.0,Juzhnoe Butovo,12750000
74,45.0,9.0,16.0,1977.0,3.0,10.0,Orehovo-Borisovo Juzhnoe,11290000
32,20.0,3.0,5.0,1966.0,1.0,5.0,Gol'janovo,5300000
52,,5.0,9.0,,1.0,1.0,Zapadnoe Degunino,3939200
74,45.0,7.0,17.0,1985.0,3.0,10.0,Juzhnoe Tushino,14000000
76,45.0,8.0,17.0,2001.0,3.0,10.0,Troparevo-Nikulino,17300000
33,17.0,14.0,16.0,2013.0,1.0,7.0,Poselenie Shherbinka,2400000
32,21.0,8.0,9.0,1965.0,1.0,5.0,Losinoostrovskoe,5700000
53,32.0,11.0,17.0,1975.0,2.0,9.0,Chertanovo Juzhnoe,9250000
43,27.0,1.0,5.0,1964.0,2.0,4.0,Vnukovo,4500000
44,27.0,2.0,9.0,1972.0,2.0,6.0,Veshnjaki,6400000
39,21.0,6.0,12.0,1983.0,1.0,8.0,Birjulevo Vostochnoe,5500000
45,30.0,4.0,4.0,1963.0,2.0,6.0,Poselenie Shherbinka,3500000
89,59.0,6.0,7.0,1957.0,3.0,10.0,Butyrskoe,16000000
45,30.0,5.0,5.0,1965.0,2.0,6.0,Perovo,6100000
31,19.0,3.0,5.0,1961.0,1.0,5.0,Danilovskoe,5650000
32,18.0,2.0,9.0,1969.0,1.0,6.0,Juzhnoe Tushino,5700000
34,34.0,17.0,,,,,Poselenie Sosenskoe,3738075
44,29.0,5.0,5.0,1962.0,2.0,5.0,Savelovskoe,7600000
60,34.0,5.0,17.0,1993.0,2.0,10.0,Vostochnoe Degunino,8700000
79,79.0,12.0,17.0,0.0,3.0,0.0,Poselenie Vnukovskoe,7659670
165,,32.0,,,,,Obruchevskoe,22597668
52,29.0,6.0,12.0,1977.0,2.0,8.0,Silino,6500000
57,38.0,7.0,16.0,1966.0,3.0,6.0,Obruchevskoe,9900000
78,43.0,9.0,14.0,2011.0,3.0,12.0,Severnoe Medvedkovo,11000000
32,10.0,7.0,25.0,2013.0,1.0,13.0,Poselenie Sosenskoe,3100000
42,26.0,5.0,5.0,1965.0,2.0,5.0,Kuz'minki,5900000
43,26.0,3.0,5.0,1962.0,2.0,5.0,Akademicheskoe,8250000
38,19.0,11.0,17.0,1999.0,1.0,7.0,Zjuzino,6560000
29,18.0,1.0,8.0,1958.0,1.0,4.0,Lomonosovskoe,6300000
32,18.0,6.0,9.0,1972.0,1.0,6.0,Chertanovo Central'noe,4900000
40,25.0,3.0,5.0,1964.0,2.0,5.0,Mozhajskoe,6400000
82,48.0,9.0,14.0,1987.0,3.0,8.0,Novokosino,12000000
47,29.0,9.0,,,,,Jasenevo,7200000
43,27.0,8.0,9.0,1969.0,2.0,6.0,Vyhino-Zhulebino,5500000
77,44.0,10.0,12.0,1996.0,3.0,10.0,Juzhnoe Butovo,10500000
43,28.0,,,,,,Babushkinskoe,6300000
51,29.0,11.0,12.0,1982.0,2.0,8.0,Birjulevo Vostochnoe,6600000
43,27.0,1.0,4.0,1979.0,2.0,6.0,Poselenie Shherbinka,4000000
39,18.0,6.0,14.0,1995.0,1.0,8.0,Mar'ino,7500000
49,28.0,3.0,5.0,1953.0,2.0,7.0,Izmajlovo,3900000
44,28.0,3.0,9.0,1967.0,2.0,5.0,Novogireevo,6400000
50,30.0,7.0,17.0,1997.0,2.0,8.0,Orehovo-Borisovo Juzhnoe,8700000
412,17.0,6.0,,,,,Filevskij Park,6117000
37,18.0,5.0,5.0,2009.0,1.0,7.0,Juzhnoe Butovo,1000000
40,20.0,7.0,14.0,2003.0,1.0,8.0,Matushkino,5150000
73,47.0,2.0,9.0,1975.0,4.0,8.0,Dmitrovskoe,3000000
63,38.0,14.0,14.0,1989.0,3.0,8.0,Novo-Peredelkino,8600000
32,16.0,9.0,,,,,Golovinskoe,2130000
42,,12.0,20.0,,1.0,1.0,Novo-Peredelkino,5597778
32,17.0,1.0,12.0,1967.0,1.0,9.0,Sokolinaja Gora,6000000
35,35.0,5.0,12.0,1966.0,1.0,9.0,Beskudnikovskoe,5600000
38,19.0,2.0,16.0,1982.0,1.0,8.0,Chertanovo Juzhnoe,6300000
75,43.0,3.0,17.0,1983.0,3.0,10.0,Birjulevo Vostochnoe,8600000
59,40.0,4.0,6.0,1938.0,2.0,9.0,Ajeroport,14500000
87,87.0,4.0,,,,,Poselenie Sosenskoe,6466250
54,32.0,8.0,9.0,1996.0,2.0,9.0,Juzhnoe Butovo,8250000
40,20.0,11.0,14.0,1968.0,1.0,8.0,Golovinskoe,7150000
40,26.0,6.0,8.0,1960.0,2.0,5.0,Ramenki,10000000
53,29.0,11.0,14.0,2001.0,2.0,11.0,Juzhnoe Butovo,7800000
64,33.0,4.0,10.0,1959.0,2.0,8.0,Sokolinaja Gora,12500000
41,20.0,5.0,12.0,1978.0,1.0,8.0,Vostochnoe Degunino,3000000
40,20.0,2.0,14.0,2003.0,1.0,8.0,Ljublino,6950000
39,23.0,10.0,12.0,1969.0,2.0,6.0,Babushkinskoe,6940000
65,43.0,7.0,9.0,1974.0,4.0,5.0,Danilovskoe,13500000
43,28.0,1.0,5.0,1962.0,2.0,5.0,Fili Davydkovo,6175000
69,44.0,12.0,14.0,1974.0,3.0,8.0,Dmitrovskoe,9000000
104,1.0,10.0,15.0,2015.0,3.0,1.0,Poselenie Sosenskoe,7770350
40,27.0,1.0,,,,,Preobrazhenskoe,5100000
30,13.0,1.0,4.0,1860.0,1.0,9.0,Danilovskoe,2000000
82,82.0,8.0,1.0,1.0,1.0,1.0,Levoberezhnoe,13210050
74,41.0,10.0,14.0,1991.0,3.0,8.0,Severnoe Butovo,10200000
38,20.0,5.0,,,,,Bibirevo,6000000
72,35.0,6.0,12.0,2007.0,2.0,13.0,Kurkino,13225000
78,45.0,2.0,22.0,1987.0,3.0,9.0,Novokosino,10500000
41,20.0,4.0,14.0,1989.0,1.0,8.0,Mar'ino,3000000
54,32.0,14.0,16.0,1976.0,2.0,9.0,Lianozovo,8700000
52,31.0,11.0,16.0,1982.0,2.0,8.0,Filevskij Park,1000000
50,30.0,6.0,10.0,1999.0,2.0,9.0,Juzhnoe Butovo,8200000
56,,2.0,17.0,2011.0,1.0,1.0,Poselenie Sosenskoe,5826546
60,30.0,11.0,,,,,Poselenie Voskresenskoe,5082880
32,18.0,7.0,9.0,1978.0,1.0,6.0,Vostochnoe Degunino,5200000
45,28.0,3.0,5.0,1966.0,2.0,5.0,Severnoe Izmajlovo,6100000
21,13.0,6.0,9.0,1970.0,1.0,3.0,Shhukino,4700000
33,18.0,1.0,12.0,1967.0,1.0,9.0,Juzhnoe Medvedkovo,5000000
46,28.0,5.0,5.0,1964.0,2.0,5.0,Preobrazhenskoe,7130000
37,19.0,7.0,16.0,1979.0,1.0,8.0,Otradnoe,6400000
100,50.0,5.0,7.0,2005.0,3.0,13.0,Horoshevo-Mnevniki,21400000
52,31.0,2.0,12.0,1973.0,2.0,9.0,Veshnjaki,7800000
31,21.0,1.0,5.0,1964.0,1.0,5.0,Zjuzino,1100000
44,29.0,4.0,5.0,1.0,2.0,5.0,Zjuzino,1600000
32,19.0,3.0,5.0,1966.0,1.0,6.0,Donskoe,6300000
53,30.0,11.0,12.0,1976.0,2.0,8.0,Bibirevo,2000000
98,63.0,3.0,12.0,2002.0,4.0,11.0,Juzhnoe Butovo,12300000
69,48.0,4.0,5.0,1917.0,3.0,7.0,Basmannoe,18500000
53,30.0,9.0,12.0,1982.0,2.0,8.0,Izmajlovo,5600000
84,49.0,11.0,23.0,2007.0,3.0,11.0,Rjazanskij,10000000
38,38.0,11.0,17.0,,1.0,10.0,Poselenie Desjonovskoe,4009433
43,19.0,5.0,10.0,2008.0,1.0,8.0,Juzhnoe Butovo,4087500
135,134.0,3.0,3.0,2013.0,0.0,0.0,Troickij okrug,9308100
69,,11.0,17.0,,2.0,1.0,Poselenie Sosenskoe,5786550
40,40.0,11.0,0.0,0.0,1.0,0.0,Poselenie Vnukovskoe,4317880
63,30.0,3.0,,,,,Poselenie Voskresenskoe,5220272
36,14.0,4.0,14.0,1999.0,1.0,10.0,Vostochnoe Degunino,6000000
45,30.0,5.0,5.0,1962.0,2.0,5.0,Prospekt Vernadskogo,8300000
41,38.0,13.0,,,,,Gol'janovo,3000000
47,46.0,2.0,9.0,2014.0,2.0,0.0,Poselenie Filimonkovskoe,3559418
38,19.0,14.0,17.0,1989.0,1.0,8.0,Novo-Peredelkino,5150000
60,1.0,15.0,1.0,1.0,2.0,1.0,Krjukovo,6542550
65,46.0,3.0,5.0,,3.0,8.0,Ljublino,8000000
45,30.0,3.0,5.0,1963.0,2.0,5.0,Severnoe Izmajlovo,7000000
73,42.0,16.0,22.0,1988.0,3.0,8.0,Pechatniki,10350000
46,30.0,9.0,9.0,1969.0,2.0,6.0,Bogorodskoe,7150000
38,19.0,8.0,17.0,2004.0,1.0,7.0,Severnoe Izmajlovo,6000000
32,18.0,9.0,9.0,1968.0,1.0,6.0,Gol'janovo,5000000
77,75.0,10.0,16.0,1988.0,3.0,10.0,Jakimanka,1000000
44,29.0,2.0,5.0,1963.0,2.0,5.0,Kuncevo,2000000
100,64.0,19.0,22.0,1987.0,4.0,10.0,Orehovo-Borisovo Juzhnoe,14400000
50,50.0,8.0,14.0,2014.0,2.0,1.0,Poselenie Filimonkovskoe,3272351
38,19.0,5.0,22.0,1982.0,1.0,10.0,Lomonosovskoe,8450000
44,28.0,4.0,9.0,1966.0,2.0,5.0,Perovo,7600000
102,,12.0,,,,,Poselenie Moskovskij,8122734
61,58.0,4.0,17.0,2014.0,2.0,1.0,Nekrasovka,6036800
54,36.0,4.0,5.0,1960.0,3.0,5.0,Perovo,6850000
73,73.0,11.0,11.0,0.0,2.0,0.0,Poselenie Sosenskoe,6462080
55,32.0,12.0,14.0,1979.0,2.0,8.0,Babushkinskoe,9200000
47,30.0,9.0,12.0,1975.0,2.0,6.0,Bibirevo,7700000
38,19.0,17.0,17.0,1986.0,1.0,8.0,Orehovo-Borisovo Juzhnoe,1600000
52,30.0,10.0,12.0,1985.0,2.0,8.0,Juzhnoe Tushino,9800000
100,100.0,20.0,20.0,2014.0,1.0,1.0,Hovrino,14179968
63,37.0,8.0,12.0,1979.0,3.0,8.0,Perovo,9400000
36,,,,,,,Poselenie Moskovskij,3231004
60,,15.0,17.0,,2.0,1.0,Tekstil'shhiki,6592000
29,18.0,9.0,,,,,Dorogomilovo,7950000
49,29.0,3.0,3.0,1950.0,2.0,7.0,Tekstil'shhiki,6650000
104,1.0,10.0,12.0,2015.0,3.0,1.0,Poselenie Sosenskoe,7770350
103,1.0,20.0,20.0,2015.0,1.0,1.0,Presnenskoe,35857032
41,20.0,13.0,17.0,2008.0,1.0,10.0,Troickij okrug,5100000
43,27.0,3.0,5.0,1968.0,2.0,5.0,Ivanovskoe,6800000
35,14.0,14.0,17.0,2000.0,1.0,9.0,Horoshevskoe,8850000
33,16.0,1.0,9.0,1970.0,1.0,7.0,Troparevo-Nikulino,5450000
53,23.0,8.0,16.0,1979.0,2.0,10.0,Lefortovo,10500000
43,27.0,9.0,9.0,1974.0,2.0,6.0,Bibirevo,7000000
40,21.0,11.0,14.0,1987.0,1.0,8.0,Nagornoe,1000000
31,21.0,8.0,9.0,1964.0,1.0,5.0,Perovo,1000000
57,33.0,12.0,22.0,1978.0,2.0,10.0,Silino,6700000
73,44.0,11.0,17.0,1985.0,3.0,10.0,Krylatskoe,13850000
61,30.0,11.0,24.0,2007.0,2.0,11.0,Kosino-Uhtomskoe,2600000
74,41.0,14.0,22.0,1984.0,3.0,9.0,Silino,8500000
61,61.0,4.0,20.0,0.0,2.0,0.0,Poselenie Vnukovskoe,6859280
35,14.0,2.0,17.0,2005.0,1.0,9.0,Rjazanskij,7200000
55,34.0,1.0,4.0,1951.0,3.0,7.0,Ajeroport,9400000
54,32.0,17.0,17.0,2006.0,2.0,9.0,Novo-Peredelkino,7400000
64,,17.0,17.0,1.0,2.0,1.0,Nekrasovka,6720000
30,17.0,1.0,5.0,1966.0,1.0,5.0,Gol'janovo,3850000
57,32.0,14.0,17.0,1996.0,2.0,10.0,Mitino,9000000
64,34.0,21.0,25.0,2003.0,2.0,13.0,Butyrskoe,17500000
74,45.0,5.0,17.0,2006.0,3.0,10.0,Kuncevo,14500000
63,44.0,9.0,12.0,1980.0,3.0,6.0,Severnoe Tushino,9900000
63,35.0,8.0,9.0,1976.0,2.0,9.0,Ajeroport,13500000
51,51.0,2.0,0.0,0.0,2.0,0.0,Poselenie Novofedorovskoe,2543300
54,29.0,7.0,22.0,2009.0,2.0,9.0,Otradnoe,10200000
44,27.0,5.0,9.0,1964.0,2.0,5.0,Metrogorodok,6500000
45,30.0,1.0,5.0,1965.0,2.0,5.0,Caricyno,5700000
32,18.0,7.0,9.0,1971.0,1.0,6.0,Veshnjaki,1500000
34,34.0,1.0,3.0,2014.0,1.0,1.0,Poselenie Novofedorovskoe,2010376
69,,8.0,17.0,2015.0,2.0,1.0,Poselenie Filimonkovskoe,8292590
74,,12.0,,,,,Poselenie Moskovskij,6222383
34,19.0,4.0,,,,,Nagatinskij Zaton,5000000
39,20.0,4.0,14.0,1985.0,1.0,8.0,Birjulevo Zapadnoe,4800000
47,30.0,2.0,9.0,1977.0,2.0,6.0,Kuncevo,6500000
65,,15.0,,,,,Poselenie Voskresenskoe,6112000
41,,19.0,25.0,,1.0,1.0,Poselenie Moskovskij,3802940
38,21.0,3.0,,,,,Rostokino,4500000
48,31.0,14.0,14.0,1974.0,2.0,9.0,Hovrino,7400000
52,30.0,16.0,17.0,2007.0,2.0,9.0,Kosino-Uhtomskoe,8050000
62,,19.0,,,,,Chertanovo Juzhnoe,9257656
55,31.0,7.0,14.0,1980.0,2.0,8.0,Jaroslavskoe,9000000
32,18.0,9.0,9.0,1972.0,1.0,6.0,Teplyj Stan,6200000
38,19.0,9.0,16.0,1975.0,1.0,9.0,Golovinskoe,6100000
52,46.0,9.0,9.0,2016.0,1.0,1.0,Zapadnoe Degunino,4186250
43,29.0,5.0,5.0,1961.0,2.0,5.0,Kuncevo,7000000
51,51.0,2.0,17.0,2014.0,2.0,0.0,Poselenie Vnukovskoe,6089733
32,21.0,4.0,9.0,1965.0,1.0,5.0,Kuz'minki,2000000
79,45.0,7.0,17.0,2002.0,3.0,12.0,Cheremushki,20500000
59,43.0,1.0,9.0,1970.0,3.0,6.0,Pechatniki,7700000
51,20.0,18.0,24.0,2005.0,1.0,11.0,Hovrino,10700000
54,32.0,6.0,,,,,Mar'ino,8500000
52,,14.0,17.0,2015.0,2.0,1.0,Nekrasovka,5174562
45,28.0,1.0,5.0,1967.0,2.0,5.0,Gol'janovo,5750000
36,18.0,2.0,16.0,1979.0,1.0,9.0,Vojkovskoe,5950000
57,42.0,9.0,9.0,1970.0,3.0,5.0,Taganskoe,10500000
53,30.0,14.0,14.0,1993.0,2.0,8.0,Silino,2000000
74,45.0,11.0,17.0,1985.0,3.0,10.0,Krylatskoe,17900000
112,112.0,18.0,18.0,2015.0,4.0,10.0,Poselenie Shherbinka,7793323
59,1.0,3.0,1.0,1.0,2.0,1.0,Krjukovo,5840800
32,20.0,1.0,5.0,1963.0,1.0,5.0,Sokol,1000000
80,54.0,4.0,9.0,1960.0,3.0,9.0,Jakimanka,15000000
65,63.0,12.0,12.0,1974.0,3.0,7.0,Levoberezhnoe,8500000
39,20.0,3.0,12.0,1982.0,1.0,8.0,Nagatinskij Zaton,7250000
38,19.0,2.0,16.0,1977.0,1.0,9.0,Bogorodskoe,6390000
48,48.0,10.0,,,,,Poselenie Sosenskoe,3931620
57,56.0,7.0,14.0,2008.0,2.0,11.0,Juzhnoe Medvedkovo,2000000
48,29.0,6.0,9.0,1969.0,2.0,6.0,Savelki,5600000
38,18.0,13.0,16.0,1976.0,1.0,9.0,Otradnoe,6500000
39,16.0,10.0,17.0,2016.0,1.0,11.0,Poselenie Shherbinka,3665118
57,29.0,6.0,17.0,2011.0,2.0,8.0,Poselenie Vnukovskoe,3100000
57,31.0,22.0,25.0,2012.0,2.0,13.0,Novogireevo,5283050
76,50.0,7.0,13.0,1957.0,3.0,8.0,Danilovskoe,12900000
142,86.0,7.0,23.0,2007.0,4.0,12.0,Kon'kovo,29000000
51,30.0,5.0,17.0,2007.0,2.0,9.0,Solncevo,1000000
48,26.0,2.0,6.0,1934.0,2.0,6.0,Ajeroport,10700000
61,1.0,6.0,6.0,1.0,2.0,1.0,Poselenie Moskovskij,5952398
59,37.0,7.0,8.0,1959.0,2.0,9.0,Nagornoe,9750000
39,24.0,4.0,12.0,1970.0,2.0,6.0,Perovo,6300000
35,19.0,16.0,16.0,1976.0,1.0,10.0,Birjulevo Zapadnoe,5200000
38,38.0,9.0,17.0,2014.0,1.0,1.0,Poselenie Desjonovskoe,3813607
53,30.0,2.0,9.0,1999.0,2.0,8.0,Juzhnoe Butovo,5000000
101,62.0,10.0,14.0,2006.0,3.0,12.0,Horoshevskoe,31500000
57,42.0,9.0,9.0,1968.0,3.0,5.0,Sviblovo,12000000
75,43.0,11.0,,,,,Ljublino,10300000
82,,15.0,1.0,1.0,3.0,1.0,Mitino,11527061
30,17.0,5.0,9.0,1975.0,1.0,6.0,Bogorodskoe,5100000
37,22.0,6.0,9.0,1962.0,2.0,7.0,Presnenskoe,8500000
39,20.0,4.0,12.0,1980.0,1.0,8.0,Mar'ino,6850000
32,18.0,2.0,,,,,Orehovo-Borisovo Severnoe,5000000
64,43.0,7.0,12.0,1974.0,3.0,6.0,Levoberezhnoe,10200000
29,17.0,6.0,9.0,1969.0,1.0,5.0,Moskvorech'e-Saburovo,5500000
64,,12.0,17.0,,2.0,1.0,Nekrasovka,6518400
44,40.0,5.0,5.0,1963.0,2.0,1.0,Filevskij Park,8800000
79,79.0,23.0,25.0,2014.0,3.0,10.0,Mitino,14131899
40,20.0,14.0,14.0,1988.0,1.0,8.0,Novo-Peredelkino,5600000
44,30.0,1.0,5.0,1962.0,2.0,5.0,Nagornoe,6300000
40,20.0,7.0,14.0,1988.0,1.0,8.0,Novo-Peredelkino,6300000
40,40.0,7.0,,,,,Poselenie Moskovskij,3901219
53,23.0,3.0,30.0,2013.0,1.0,10.0,Zjuzino,10586822
38,20.0,22.0,22.0,1994.0,1.0,10.0,Mitino,6150000
52,34.0,6.0,9.0,1971.0,3.0,5.0,Caricyno,7500000
43,31.0,1.0,5.0,1962.0,2.0,6.0,Severnoe Izmajlovo,5500000
37,22.0,4.0,9.0,1965.0,2.0,7.0,Bogorodskoe,990000
54,28.0,7.0,16.0,1975.0,2.0,12.0,Ivanovskoe,8350000
45,27.0,12.0,12.0,1974.0,2.0,6.0,Ramenki,8900000
56,38.0,2.0,9.0,1971.0,3.0,6.0,Meshhanskoe,10500000
52,30.0,12.0,14.0,2002.0,2.0,9.0,Mar'ino,7860088
56,,7.0,22.0,,2.0,1.0,Nagatinskij Zaton,10282648
41,27.0,3.0,5.0,1960.0,2.0,5.0,Danilovskoe,8000000
77,50.0,4.0,5.0,1956.0,3.0,8.0,Koptevo,12800000
37,19.0,12.0,14.0,2006.0,1.0,7.0,Kosino-Uhtomskoe,5750000
64,43.0,1.0,12.0,1974.0,3.0,9.0,Kotlovka,9550000
40,40.0,5.0,12.0,1.0,1.0,1.0,Tverskoe,3362009
77,,11.0,17.0,,3.0,1.0,Poselenie Vnukovskoe,6867938
53,32.0,2.0,10.0,1997.0,2.0,9.0,Juzhnoe Butovo,7900000
35,20.0,8.0,12.0,1968.0,1.0,9.0,Dmitrovskoe,6000000
35,14.0,1.0,12.0,2002.0,1.0,9.0,Mar'ino,1000000
45,27.0,3.0,12.0,1971.0,2.0,6.0,Rjazanskij,6300000
37,18.0,4.0,17.0,2011.0,4.0,6.0,Golovinskoe,4791600
31,21.0,9.0,,,,,Perovo,5670000
37,22.0,5.0,9.0,1965.0,2.0,7.0,Ostankinskoe,7500000
44,29.0,4.0,5.0,1963.0,2.0,5.0,Sokolinaja Gora,6330000
38,18.0,14.0,14.0,1968.0,1.0,8.0,Golovinskoe,7350000
39,20.0,8.0,10.0,2002.0,1.0,8.0,Lianozovo,6570000
44,23.0,2.0,9.0,1969.0,2.0,6.0,Chertanovo Severnoe,1000000
57,30.0,10.0,14.0,2017.0,2.0,11.0,Poselenie Sosenskoe,5249700
31,18.0,4.0,5.0,1963.0,1.0,6.0,Marfino,5700000
55,29.0,7.0,17.0,2006.0,2.0,12.0,Matushkino,2000000
38,,3.0,,,,,Nekrasovka,3669050
50,,1.0,1.0,1.0,1.0,1.0,Krjukovo,5350000
38,19.0,3.0,,,,,Ochakovo-Matveevskoe,6150000
42,28.0,1.0,5.0,1961.0,2.0,5.0,Ljublino,5600000
43,28.0,3.0,5.0,1960.0,2.0,6.0,Gagarinskoe,8200000
32,18.0,5.0,9.0,1978.0,1.0,6.0,Dmitrovskoe,5000000
52,30.0,14.0,17.0,1999.0,2.0,10.0,Filevskij Park,2000000
42,26.0,2.0,5.0,1966.0,2.0,5.0,Juzhnoe Medvedkovo,6350000
64,,8.0,8.0,2014.0,2.0,1.0,Tverskoe,6592000
31,21.0,8.0,9.0,1963.0,1.0,5.0,Prospekt Vernadskogo,3000000
61,29.0,4.0,,,,,Poselenie Voskresenskoe,5412360
32,21.0,4.0,,,,,Koptevo,5300000
61,61.0,7.0,17.0,2015.0,2.0,1.0,Pokrovskoe Streshnevo,11992500
38,1.0,24.0,24.0,2014.0,1.0,1.0,Nagornoe,9553391
56,31.0,6.0,17.0,2006.0,2.0,8.0,Lianozovo,4200000
75,75.0,2.0,4.0,2015.0,3.0,10.0,Poselenie Desjonovskoe,7061000
84,43.0,3.0,22.0,1987.0,3.0,9.0,Silino,9400000
61,34.0,9.0,17.0,1988.0,2.0,10.0,Lefortovo,2000000
53,28.0,7.0,12.0,1974.0,2.0,11.0,Lefortovo,8550000
65,30.0,11.0,24.0,2002.0,2.0,11.0,Mar'ino,10300000
54,32.0,12.0,17.0,2004.0,2.0,9.0,Moskvorech'e-Saburovo,10150000
32,18.0,10.0,12.0,1980.0,1.0,6.0,Mar'ino,4850000
45,17.0,10.0,17.0,2008.0,1.0,10.0,Izmajlovo,3461416
33,62.0,2.0,10.0,2014.0,2.0,1.0,Poselenie Krasnopahorskoe,3759912
61,61.0,5.0,17.0,,2.0,1.0,Solncevo,5654449
32,20.0,3.0,5.0,1966.0,1.0,5.0,Mozhajskoe,5300000
73,73.0,3.0,3.0,0.0,3.0,0.0,Poselenie Filimonkovskoe,9271000
59,33.0,2.0,7.0,1939.0,2.0,7.0,Timirjazevskoe,12000000
219,101.0,2.0,2.0,2014.0,6.0,16.0,Juzhnoe Butovo,18000000
99,62.0,13.0,22.0,2001.0,4.0,10.0,Kon'kovo,20000000
56,41.0,3.0,9.0,1967.0,3.0,5.0,Sokol,13000000
57,38.0,9.0,9.0,1979.0,3.0,5.0,Vostochnoe Degunino,7500000
38,19.0,11.0,14.0,1971.0,1.0,9.0,Matushkino,4800000
84,49.0,9.0,23.0,2006.0,3.0,11.0,Rjazanskij,18000000
37,22.0,3.0,9.0,1967.0,2.0,7.0,Bogorodskoe,6600000
48,31.0,10.0,12.0,1967.0,2.0,9.0,Vostochnoe Izmajlovo,1300000
45,30.0,2.0,12.0,1980.0,2.0,6.0,Severnoe Medvedkovo,7500000
84,84.0,8.0,17.0,0.0,3.0,0.0,Solncevo,7323808
65,43.0,1.0,12.0,1974.0,3.0,10.0,Birjulevo Vostochnoe,8000000
37,19.0,7.0,,,,,Solncevo,5200000
79,49.0,5.0,5.0,1957.0,4.0,7.0,Sokolinaja Gora,10300000
43,27.0,3.0,5.0,1962.0,2.0,5.0,Tekstil'shhiki,4066500
68,38.0,5.0,10.0,2002.0,2.0,11.0,Juzhnoe Butovo,9000000
38,20.0,3.0,9.0,2004.0,1.0,8.0,Kosino-Uhtomskoe,4800000
45,30.0,3.0,5.0,1964.0,2.0,5.0,Kuz'minki,2000000
44,28.0,1.0,,,,,Pechatniki,6700000
34,22.0,3.0,5.0,1966.0,1.0,5.0,Dmitrovskoe,5080000
68,44.0,12.0,16.0,1979.0,3.0,8.0,Alekseevskoe,12800000
52,30.0,9.0,12.0,1983.0,2.0,8.0,Strogino,10200000
71,,7.0,17.0,2014.0,2.0,1.0,Nagornoe,13064550
51,30.0,5.0,0.0,1997.0,2.0,8.0,Beskudnikovskoe,3850000
37,,14.0,19.0,,1.0,1.0,Poselenie Shherbinka,3176436
72,48.0,3.0,8.0,1961.0,3.0,8.0,Savelovskoe,16000000
91,40.0,8.0,25.0,2009.0,2.0,15.0,Solncevo,4000000
32,18.0,5.0,9.0,1976.0,1.0,6.0,Zjuzino,5900000
30,17.0,2.0,5.0,1960.0,1.0,5.0,Caricyno,5250000
37,17.0,7.0,17.0,2006.0,1.0,10.0,Kuncevo,7300000
35,21.0,5.0,9.0,1979.0,1.0,6.0,Gol'janovo,2000000
42,42.0,8.0,1.0,1.0,1.0,1.0,Poselenie Sosenskoe,5366778
65,45.0,3.0,,,,,Pechatniki,9200000
69,41.0,7.0,14.0,1969.0,2.0,8.0,Presnenskoe,18000000
35,19.0,9.0,12.0,1970.0,1.0,9.0,Rjazanskij,5950000
42,17.0,5.0,16.0,2002.0,1.0,12.0,Ochakovo-Matveevskoe,9700000
51,,8.0,17.0,2015.0,2.0,1.0,Nekrasovka,6779435
77,44.0,17.0,22.0,1990.0,3.0,10.0,Chertanovo Central'noe,15000000
38,20.0,3.0,7.0,2003.0,2.0,8.0,Ljublino,2000000
41,26.0,5.0,5.0,1961.0,2.0,5.0,Koptevo,6950000
56,37.0,1.0,9.0,1970.0,3.0,5.0,Pechatniki,7000000
64,64.0,3.0,17.0,2014.0,2.0,1.0,Nekrasovka,6528000
42,42.0,7.0,17.0,2015.0,1.0,1.0,Poselenie Sosenskoe,4199910
64,,9.0,17.0,,2.0,1.0,Poselenie Vnukovskoe,7377458
30,18.0,1.0,5.0,1960.0,1.0,5.0,Presnenskoe,6300000
33,18.0,2.0,9.0,1973.0,1.0,8.0,Pechatniki,2150000
33,19.0,7.0,9.0,1969.0,1.0,6.0,Nagatino-Sadovniki,6500000
33,17.0,10.0,12.0,1967.0,1.0,9.0,Nagatinskij Zaton,6250000
37,19.0,1.0,10.0,1994.0,1.0,8.0,Juzhnoe Butovo,5300000
70,49.0,15.0,16.0,1970.0,4.0,7.0,Novogireevo,10700000
64,43.0,4.0,9.0,1968.0,3.0,7.0,Gagarinskoe,12800000
37,,9.0,17.0,2017.0,1.0,1.0,Nagatinskij Zaton,6291292
43,28.0,1.0,5.0,1959.0,2.0,5.0,Shhukino,6300000
61,39.0,9.0,14.0,1985.0,3.0,7.0,Brateevo,8600000
63,45.0,9.0,9.0,1981.0,3.0,6.0,Solncevo,7900000
31,19.0,3.0,5.0,1965.0,1.0,5.0,Gol'janovo,5100000
40,,10.0,17.0,0.0,1.0,1.0,Poselenie Vnukovskoe,5658929
66,44.0,7.0,12.0,1966.0,3.0,9.0,Tverskoe,12750000
35,19.0,1.0,12.0,1969.0,1.0,9.0,Tekstil'shhiki,5000000
29,,12.0,12.0,2016.0,1.0,1.0,Poselenie Filimonkovskoe,2199436
54,32.0,14.0,16.0,1978.0,2.0,9.0,Levoberezhnoe,8900000
75,45.0,17.0,17.0,1989.0,3.0,10.0,Juzhnoportovoe,12600000
57,34.0,5.0,5.0,1958.0,2.0,8.0,Nizhegorodskoe,7400000
31,18.0,4.0,5.0,1959.0,1.0,5.0,Koptevo,5650000
55,30.0,8.0,14.0,2007.0,2.0,8.0,Dmitrovskoe,8400000
82,1.0,15.0,17.0,2014.0,3.0,1.0,Zapadnoe Degunino,7536426
53,30.0,5.0,12.0,1980.0,2.0,8.0,Lianozovo,8700000
44,29.0,2.0,9.0,1976.0,2.0,6.0,Gol'janovo,5920000
59,42.0,3.0,9.0,1970.0,3.0,6.0,Ramenki,9800000
52,30.0,17.0,17.0,1986.0,2.0,8.0,Orehovo-Borisovo Severnoe,8500000
52,31.0,17.0,17.0,1996.0,2.0,8.0,Kuz'minki,7000000
41,20.0,4.0,14.0,1990.0,1.0,8.0,Rjazanskij,6700000
54,32.0,13.0,16.0,1980.0,2.0,9.0,Jakimanka,9850000
49,29.0,1.0,5.0,1960.0,2.0,8.0,Sviblovo,2000000
50,33.0,3.0,9.0,1978.0,3.0,6.0,Jasenevo,8300000
63,,9.0,17.0,,2.0,1.0,Poselenie Moskovskij,5798951
37,28.0,7.0,17.0,1985.0,1.0,8.0,Krylatskoe,8000000
29,11.0,9.0,9.0,1978.0,1.0,5.0,Jasenevo,5425000
32,18.0,1.0,9.0,1970.0,1.0,6.0,Caricyno,5850000
35,14.0,2.0,12.0,1997.0,1.0,9.0,Juzhnoe Butovo,5250000
27,19.0,4.0,4.0,2015.0,1.0,4.0,Poselenie Filimonkovskoe,1922515
45,30.0,1.0,5.0,1962.0,2.0,5.0,Zjuzino,1000000
38,,8.0,17.0,,1.0,0.0,Poselenie Vnukovskoe,4886731
41,24.0,6.0,9.0,1964.0,2.0,5.0,Mozhajskoe,7850000
61,43.0,1.0,4.0,1957.0,3.0,7.0,Perovo,4300000
45,30.0,2.0,5.0,1962.0,2.0,5.0,Kuz'minki,6600000
38,19.0,5.0,17.0,1986.0,1.0,8.0,Horoshevskoe,7700000
57,38.0,3.0,8.0,1961.0,3.0,5.0,Akademicheskoe,12350000
81,77.0,7.0,10.0,2018.0,2.0,10.0,Danilovskoe,18800000
55,30.0,2.0,4.0,1890.0,2.0,6.0,Lefortovo,1200000
34,,3.0,3.0,,1.0,1.0,Poselenie Novofedorovskoe,2356414
43,27.0,4.0,5.0,1967.0,2.0,5.0,Poselenie Mosrentgen,5450000
66,28.0,5.0,17.0,2008.0,2.0,9.0,Timirjazevskoe,2000000
34,,2.0,3.0,2014.0,1.0,1.0,Poselenie Novofedorovskoe,2394300
77,45.0,17.0,17.0,2009.0,3.0,10.0,Perovo,1000000
107,32.0,7.0,24.0,1998.0,3.0,11.0,Kuz'minki,22000000
36,,10.0,25.0,,1.0,0.0,Poselenie Sosenskoe,3826600
83,50.0,8.0,9.0,1953.0,3.0,10.0,Zamoskvorech'e,22500000
56,32.0,3.0,17.0,1977.0,2.0,10.0,Cheremushki,13075000
72,43.0,19.0,21.0,1991.0,3.0,8.0,Pechatniki,10700000
53,30.0,10.0,10.0,1997.0,2.0,8.0,Vyhino-Zhulebino,9150000
44,,6.0,1.0,1.0,1.0,1.0,Krjukovo,4641000
37,17.0,2.0,12.0,2003.0,1.0,8.0,Ajeroport,1000000
56,31.0,24.0,25.0,1992.0,2.0,8.0,Jakimanka,12800000
45,30.0,5.0,5.0,1961.0,2.0,5.0,Preobrazhenskoe,7000000
37,,1.0,17.0,2013.0,1.0,1.0,Poselenie Desjonovskoe,3213128
34,32.0,5.0,9.0,2015.0,1.0,1.0,Poselenie Filimonkovskoe,2559283
101,49.0,3.0,22.0,2013.0,3.0,14.0,Juzhnoe Tushino,16522169
36,36.0,8.0,9.0,1966.0,2.0,7.0,Kuncevo,7024000
65,46.0,3.0,9.0,1965.0,3.0,5.0,Sokolinaja Gora,11000000
30,18.0,2.0,5.0,1965.0,1.0,5.0,Ljublino,5050000
102,68.0,7.0,8.0,1940.0,4.0,9.0,Vojkovskoe,8000000
44,28.0,3.0,12.0,1969.0,2.0,5.0,Caricyno,6350000
45,259.0,5.0,5.0,1970.0,2.0,5.0,Poselenie Moskovskij,4900000
52,19.0,2.0,18.0,2012.0,1.0,15.0,Poselenie Sosenskoe,2578500
44,28.0,1.0,5.0,1965.0,2.0,5.0,Kuz'minki,5400000
78,0.0,12.0,0.0,2014.0,3.0,0.0,Chertanovo Juzhnoe,1085877
51,30.0,12.0,12.0,1977.0,2.0,10.0,Orehovo-Borisovo Juzhnoe,7150000
39,23.0,4.0,14.0,1968.0,2.0,5.0,Savelki,5350000
76,44.0,10.0,,,,,Taganskoe,16500000
35,19.0,11.0,12.0,1972.0,1.0,9.0,Taganskoe,7600000
38,20.0,15.0,16.0,1982.0,1.0,8.0,Bibirevo,6400000
40,20.0,3.0,12.0,1980.0,1.0,8.0,Birjulevo Vostochnoe,5000000
20,11.0,7.0,9.0,1969.0,1.0,4.0,Babushkinskoe,3000000
78,47.0,14.0,14.0,1990.0,3.0,7.0,Otradnoe,1000000
30,19.0,2.0,,,,,Sviblovo,5100000
38,19.0,14.0,16.0,1977.0,1.0,9.0,Vostochnoe Izmajlovo,6300000
54,30.0,8.0,17.0,2011.0,2.0,9.0,Poselenie Vnukovskoe,2688400
47,28.0,2.0,12.0,1978.0,2.0,6.0,Babushkinskoe,8500000
52,30.0,9.0,14.0,1999.0,2.0,8.0,Akademicheskoe,11000000
73,43.0,14.0,14.0,1997.0,3.0,9.0,Metrogorodok,11100000
37,19.0,8.0,14.0,1998.0,1.0,8.0,Brateevo,6450000
50,31.0,12.0,12.0,1975.0,2.0,9.0,Nagornoe,8950000
44,28.0,11.0,,,,,Presnenskoe,2500000
32,18.0,5.0,5.0,1960.0,1.0,6.0,Juzhnoe Tushino,4800000
50,34.0,3.0,9.0,1977.0,3.0,6.0,Jasenevo,8500000
58,30.0,6.0,24.0,2003.0,2.0,12.0,Birjulevo Vostochnoe,9000000
32,21.0,9.0,9.0,1965.0,1.0,5.0,Losinoostrovskoe,5300000
37,22.0,2.0,9.0,1964.0,2.0,7.0,Sviblovo,6300000
32,18.0,1.0,5.0,1960.0,1.0,6.0,Presnenskoe,6300000
37,17.0,12.0,24.0,2004.0,1.0,8.0,Ljublino,5400000
38,19.0,15.0,,,,,Mitino,6870000
38,20.0,22.0,22.0,2004.0,1.0,10.0,Mitino,7770000
52,30.0,7.0,17.0,2001.0,2.0,9.0,Nagornoe,11950000
46,46.0,4.0,9.0,2015.0,1.0,1.0,Presnenskoe,14289304
59,58.0,17.0,25.0,2014.0,1.0,1.0,Nekrasovka,6087300
60,43.0,9.0,9.0,1978.0,3.0,6.0,Beskudnikovskoe,7500000
63,38.0,3.0,9.0,1972.0,3.0,8.0,Kon'kovo,10550000
38,18.0,24.0,25.0,2004.0,1.0,9.0,Veshnjaki,6200000
29,15.0,1.0,12.0,1972.0,1.0,6.0,Chertanovo Juzhnoe,5000000
51,,2.0,3.0,2015.0,2.0,10.0,Poselenie Novofedorovskoe,2518800
48,30.0,7.0,9.0,2012.0,1.0,5.0,Kotlovka,10122000
39,22.0,10.0,12.0,1967.0,2.0,6.0,Dmitrovskoe,5750000
79,1.0,13.0,17.0,2015.0,3.0,1.0,Nekrasovka,7682400
63,,11.0,17.0,,2.0,1.0,Poselenie Vnukovskoe,7272150
64,39.0,10.0,12.0,1980.0,3.0,8.0,Strogino,1000000
28,11.0,4.0,9.0,1978.0,1.0,6.0,Jasenevo,5000000
58,33.0,2.0,17.0,1999.0,2.0,10.0,Filevskij Park,11500000
35,25.0,1.0,8.0,1960.0,2.0,5.0,Izmajlovo,6200000
53,22.0,3.0,,,,,Zjuzino,9078000
42,28.0,7.0,9.0,1967.0,2.0,5.0,Preobrazhenskoe,7300000
74,40.0,2.0,12.0,1998.0,3.0,10.0,Brateevo,11700000
54,32.0,4.0,12.0,1995.0,2.0,9.0,Mitino,7200000
45,28.0,5.0,9.0,1972.0,2.0,5.0,Savelovskoe,9000000
37,18.0,7.0,17.0,2013.0,1.0,9.0,Poselenie Vnukovskoe,3274297
42,42.0,11.0,12.0,2016.0,1.0,1.0,Poselenie Sosenskoe,3900000
51,30.0,2.0,12.0,1976.0,2.0,9.0,Orehovo-Borisovo Severnoe,7600000
32,18.0,4.0,9.0,1970.0,1.0,6.0,Losinoostrovskoe,5600000
125,75.0,7.0,9.0,1990.0,4.0,14.0,Tverskoe,42750000
38,19.0,10.0,,,,,Marfino,6950000
54,32.0,10.0,12.0,1995.0,2.0,9.0,Mar'ino,7700000
44,27.0,4.0,5.0,1961.0,2.0,5.0,Losinoostrovskoe,6300000
43,28.0,4.0,9.0,1968.0,2.0,6.0,Kon'kovo,7500000
39,19.0,14.0,17.0,1998.0,1.0,8.0,Obruchevskoe,9350000
37,19.0,8.0,16.0,1983.0,1.0,10.0,Izmajlovo,7000000
64,46.0,1.0,9.0,1979.0,4.0,6.0,Mar'ino,7940000
54,32.0,10.0,17.0,2002.0,2.0,9.0,Juzhnoe Butovo,8650000
51,33.0,2.0,9.0,1972.0,3.0,6.0,Teplyj Stan,8400000
38,19.0,16.0,16.0,1976.0,1.0,9.0,Metrogorodok,6000000
63,39.0,5.0,14.0,1994.0,3.0,8.0,Teplyj Stan,11990000
45,30.0,5.0,,,,,Cheremushki,1500000
36,22.0,9.0,9.0,1963.0,2.0,7.0,Tverskoe,10450000
37,19.0,4.0,5.0,1980.0,1.0,9.0,Poselenie Pervomajskoe,3200000
40,20.0,9.0,12.0,1980.0,1.0,8.0,Strogino,8200000
32,18.0,4.0,9.0,1974.0,1.0,6.0,Ljublino,1500000
61,35.0,18.0,24.0,2017.0,2.0,10.0,Nagatinskij Zaton,9700179
38,19.0,11.0,17.0,1999.0,1.0,8.0,Orehovo-Borisovo Severnoe,7400000
38,19.0,22.0,22.0,1978.0,1.0,12.0,Silino,3000000
51,30.0,8.0,9.0,1980.0,2.0,8.0,Strogino,10400000
76,45.0,7.0,,,,,Orehovo-Borisovo Juzhnoe,2000000
65,29.0,1.0,10.0,2014.0,2.0,1.0,Poselenie Voskresenskoe,5615010
41,26.0,4.0,5.0,1965.0,2.0,5.0,Koptevo,7700000
51,31.0,6.0,14.0,1994.0,2.0,8.0,Mar'ino,8350000
82,50.0,2.0,9.0,1954.0,3.0,9.0,Nagatino-Sadovniki,11970000
54,32.0,3.0,17.0,1988.0,2.0,9.0,Moskvorech'e-Saburovo,7700000
73,41.0,2.0,25.0,2009.0,2.0,11.0,Mitino,6500000
43,,4.0,25.0,2015.0,1.0,1.0,Mitino,6522518
56,41.0,2.0,,,,,Tverskoe,2300000
62,37.0,12.0,14.0,1989.0,3.0,8.0,Kon'kovo,11800000
44,30.0,3.0,5.0,1962.0,2.0,5.0,Nagornoe,4000000
38,38.0,9.0,17.0,2016.0,1.0,10.0,Poselenie Desjonovskoe,3813607
34,20.0,1.0,12.0,1965.0,1.0,9.0,Kotlovka,6400000
39,21.0,13.0,14.0,1989.0,1.0,8.0,Silino,5200000
59,42.0,4.0,9.0,1970.0,3.0,6.0,Fili Davydkovo,10900000
79,44.0,13.0,22.0,2002.0,3.0,10.0,Hovrino,12700000
73,50.0,6.0,17.0,2015.0,2.0,10.0,Poselenie Moskovskij,8862309
51,,7.0,17.0,0.0,2.0,1.0,Poselenie Vnukovskoe,6556653
71,71.0,17.0,17.0,2015.0,3.0,1.0,Tverskoe,6768000
61,38.0,7.0,12.0,1970.0,3.0,7.0,Rjazanskij,8500000
55,54.0,9.0,1.0,2015.0,2.0,1.0,Nagatinskij Zaton,9186016
52,30.0,9.0,17.0,2003.0,2.0,9.0,Nagornoe,13600000
40,23.0,5.0,17.0,1970.0,2.0,6.0,Ramenki,8500000
64,32.0,2.0,17.0,2012.0,2.0,12.0,Poselenie Sosenskoe,9400000
74,50.0,4.0,17.0,2001.0,3.0,13.0,Solncevo,12500000
66,43.0,12.0,,,,,Orehovo-Borisovo Severnoe,9800000
37,19.0,16.0,,,,,Koptevo,11000000
60,43.0,7.0,9.0,1972.0,3.0,5.0,Teplyj Stan,8800000
47,29.0,7.0,8.0,1961.0,2.0,7.0,Hamovniki,15000000
62,39.0,3.0,12.0,1976.0,3.0,7.0,Silino,7975000
72,41.0,14.0,14.0,1979.0,3.0,9.0,Timirjazevskoe,10500000
65,39.0,7.0,12.0,1975.0,3.0,7.0,Bibirevo,10600000
82,44.0,13.0,17.0,1988.0,3.0,10.0,Novo-Peredelkino,10900000
59,38.0,7.0,9.0,1973.0,3.0,6.0,Izmajlovo,8500000
37,20.0,3.0,24.0,2017.0,1.0,8.0,Nagatinskij Zaton,6144360
107,77.0,2.0,5.0,1951.0,4.0,10.0,Sokolinaja Gora,17800000
45,28.0,3.0,5.0,1960.0,2.0,5.0,Ochakovo-Matveevskoe,6700000
77,47.0,1.0,5.0,1958.0,3.0,8.0,Izmajlovo,10700000
39,15.0,15.0,15.0,2014.0,1.0,1.0,Poselenie Voskresenskoe,5000000
61,,5.0,17.0,,2.0,1.0,Poselenie Vnukovskoe,7818065
59,34.0,12.0,22.0,2000.0,2.0,10.0,Ljublino,10850000
133,133.0,3.0,1.0,2014.0,4.0,1.0,Zamoskvorech'e,40728544
34,15.0,5.0,9.0,1982.0,1.0,8.0,Ljublino,5900000
35,14.0,8.0,,,,,Juzhnoe Butovo,5500000
86,86.0,8.0,24.0,2014.0,3.0,1.0,Presnenskoe,25265628
64,44.0,1.0,5.0,1951.0,3.0,7.0,Donskoe,10950000
43,43.0,12.0,0.0,0.0,1.0,1.0,Poselenie Vnukovskoe,5627370
42,18.0,25.0,25.0,2001.0,1.0,9.0,Mar'ino,8000000
86,60.0,7.0,9.0,1959.0,3.0,9.0,Lomonosovskoe,22500000
37,21.0,3.0,9.0,1979.0,1.0,7.0,Novogireevo,5800000
61,58.0,11.0,17.0,2014.0,2.0,1.0,Nekrasovka,6344800
41,41.0,12.0,18.0,2015.0,1.0,1.0,Krjukovo,4770150
47,30.0,7.0,12.0,1973.0,2.0,6.0,Birjulevo Zapadnoe,6000000
91,44.0,7.0,11.0,2012.0,2.0,17.0,Shhukino,20388410
137,71.0,9.0,22.0,2011.0,4.0,15.0,Nagatino-Sadovniki,12508204
138,81.0,3.0,16.0,2002.0,3.0,14.0,Hovrino,19000000
82,82.0,13.0,20.0,2015.0,3.0,1.0,Poselenie Sosenskoe,8465806
50,34.0,5.0,9.0,1968.0,3.0,6.0,Severnoe Tushino,8550000
57,29.0,3.0,16.0,2001.0,2.0,9.0,Kuz'minki,9900000
37,22.0,3.0,9.0,1965.0,2.0,7.0,Caricyno,6400000
37,19.0,15.0,17.0,1988.0,1.0,7.0,Chertanovo Severnoe,7500000
46,28.0,4.0,12.0,1971.0,2.0,6.0,Kuncevo,9400000
32,18.0,3.0,9.0,1971.0,1.0,6.0,Chertanovo Juzhnoe,5600000
53,53.0,6.0,17.0,0.0,2.0,0.0,Poselenie Shherbinka,4419900
44,28.0,4.0,,,,,Bibirevo,5950000
81,49.0,7.0,16.0,1979.0,4.0,11.0,Kuncevo,15300000
54,28.0,2.0,8.0,2013.0,2.0,9.0,Mozhajskoe,2000000
52,29.0,16.0,22.0,1978.0,2.0,7.0,Silino,6700000
43,27.0,2.0,5.0,1964.0,2.0,5.0,Perovo,6600000
98,66.0,4.0,9.0,1955.0,3.0,9.0,Kon'kovo,23000000
47,26.0,4.0,14.0,2007.0,2.0,8.0,Staroe Krjukovo,6800000
54,33.0,2.0,5.0,1958.0,2.0,7.0,Horoshevo-Mnevniki,9500000
70,45.0,4.0,5.0,1958.0,3.0,7.0,Tekstil'shhiki,10000000
57,57.0,11.0,12.0,2014.0,2.0,10.0,Poselenie Desjonovskoe,5348940
43,27.0,1.0,5.0,1959.0,2.0,5.0,Sviblovo,7200000
57,32.0,3.0,17.0,1994.0,2.0,10.0,Mar'ino,10000000
52,28.0,6.0,16.0,1977.0,2.0,11.0,Ivanovskoe,1000000
76,41.0,3.0,7.0,1958.0,2.0,12.0,Meshhanskoe,13300000
37,,1.0,17.0,2014.0,1.0,1.0,Tverskoe,3802010
53,,10.0,17.0,,1.0,1.0,Poselenie Moskovskij,6169295
60,33.0,8.0,17.0,1997.0,2.0,10.0,Brateevo,9800000
73,43.0,11.0,17.0,1976.0,3.0,10.0,Hovrino,12400000
43,21.0,8.0,10.0,2009.0,1.0,10.0,Savelki,1200000
98,63.0,2.0,7.0,1953.0,3.0,9.0,Filevskij Park,22500000
81,46.0,24.0,,,,,Hovrino,18300000
75,45.0,18.0,18.0,1998.0,3.0,9.0,Mar'ino,10800000
39,18.0,23.0,,,,,Mar'ino,5900000
38,19.0,6.0,23.0,2007.0,1.0,7.0,Solncevo,999000
83,49.0,7.0,7.0,2016.0,3.0,11.0,Poselenie Sosenskoe,7588630
74,45.0,9.0,17.0,1989.0,3.0,9.0,Krjukovo,8700000
50,33.0,2.0,5.0,1959.0,3.0,7.0,Danilovskoe,8000000
48,45.0,4.0,22.0,2015.0,2.0,8.0,Mitino,8363806
46,46.0,6.0,24.0,1.0,1.0,1.0,Poselenie Vnukovskoe,5786481
45,27.0,5.0,9.0,1975.0,2.0,6.0,Otradnoe,7500000
35,20.0,5.0,5.0,1959.0,1.0,7.0,Ostankinskoe,5900000
33,18.0,5.0,5.0,1960.0,1.0,8.0,Perovo,5100000
37,18.0,3.0,17.0,1989.0,1.0,7.0,Brateevo,5650000
50,33.0,2.0,9.0,1972.0,3.0,6.0,Mozhajskoe,7100000
44,28.0,9.0,9.0,1978.0,2.0,6.0,Ljublino,1000000
50,35.0,3.0,9.0,1972.0,2.0,6.0,Ivanovskoe,6500000
176,108.0,2.0,10.0,2013.0,3.0,28.0,Tverskoe,39551828
48,48.0,4.0,,,,,Poselenie Sosenskoe,3820530
65,46.0,5.0,16.0,1984.0,3.0,8.0,Golovinskoe,10950000
39,22.0,4.0,12.0,1969.0,2.0,7.0,Ramenki,8500000
83,52.0,4.0,14.0,2002.0,3.0,11.0,Kuncevo,12150000
39,21.0,10.0,14.0,1992.0,1.0,8.0,Novokosino,6200000
43,28.0,5.0,3.0,1960.0,2.0,5.0,Altuf'evskoe,7870000
46,29.0,2.0,9.0,1967.0,2.0,6.0,Vyhino-Zhulebino,6950000
44,28.0,14.0,14.0,1971.0,2.0,5.0,Chertanovo Severnoe,7100000
55,55.0,17.0,17.0,2016.0,1.0,1.0,Filevskij Park,11784722
38,23.0,3.0,14.0,1972.0,2.0,6.0,Sokolinaja Gora,7150000
38,20.0,12.0,22.0,1988.0,1.0,10.0,Novo-Peredelkino,1990000
80,48.0,4.0,8.0,1985.0,3.0,8.0,Brateevo,6910000
52,29.0,8.0,,,,,Lianozovo,8000000
38,20.0,3.0,14.0,1986.0,1.0,8.0,Brateevo,5900000
37,37.0,1.0,17.0,2014.0,1.0,10.0,Poselenie Desjonovskoe,3461434
37,36.0,2.0,,,,,Poselenie Sosenskoe,3503310
37,16.0,10.0,14.0,2009.0,1.0,9.0,Gagarinskoe,3000000
38,20.0,21.0,22.0,1985.0,1.0,10.0,Taganskoe,9000000
38,22.0,12.0,12.0,1966.0,2.0,6.0,Preobrazhenskoe,6500000
50,30.0,8.0,17.0,1997.0,2.0,8.0,Birjulevo Zapadnoe,6300000
40,27.0,2.0,9.0,1970.0,2.0,5.0,Jaroslavskoe,5950000
57,31.0,14.0,,,,,Taganskoe,8900000
59,38.0,8.0,9.0,1971.0,3.0,6.0,Vostochnoe Degunino,5850000
39,39.0,4.0,19.0,2014.0,1.0,1.0,Poselenie Shherbinka,3183097
36,21.0,5.0,9.0,1970.0,1.0,6.0,Gol'janovo,5050000
30,17.0,9.0,9.0,1965.0,1.0,6.0,Alekseevskoe,6300000
34,22.0,11.0,12.0,1.0,1.0,6.0,Vyhino-Zhulebino,4600000
75,44.0,12.0,16.0,1978.0,3.0,9.0,Teplyj Stan,14950000
39,39.0,1.0,3.0,2015.0,1.0,10.0,Filevskij Park,3400000
77,,8.0,,,,,Poselenie Sosenskoe,5967500
77,43.0,14.0,17.0,2009.0,3.0,12.0,Sokolinaja Gora,4576500
30,17.0,2.0,5.0,1959.0,1.0,5.0,Akademicheskoe,6600000
41,26.0,2.0,5.0,1963.0,2.0,5.0,Kuz'minki,6050000
60,33.0,2.0,10.0,2008.0,2.0,11.0,Ivanovskoe,6900000
68,1.0,9.0,17.0,,3.0,1.0,Poselenie Shherbinka,5569440
53,32.0,1.0,5.0,1957.0,2.0,7.0,Shhukino,8600000
63,43.0,11.0,14.0,1972.0,3.0,9.0,Veshnjaki,8200000
34,34.0,3.0,3.0,0.0,1.0,1.0,Tverskoe,1983000
49,49.0,2.0,1.0,2014.0,1.0,1.0,Tverskoe,5147642
44,28.0,3.0,9.0,1974.0,2.0,6.0,Ljublino,6150000
37,19.0,6.0,14.0,1970.0,1.0,9.0,Vyhino-Zhulebino,5600000
62,1.0,7.0,1.0,2014.0,2.0,1.0,Mitino,11684305
76,43.0,12.0,14.0,1994.0,3.0,8.0,Pechatniki,10700000
51,,14.0,,,,,Nekrasovka,4994650
51,29.0,2.0,5.0,1961.0,2.0,9.0,Presnenskoe,12200000
64,45.0,3.0,12.0,1975.0,3.0,7.0,Orehovo-Borisovo Juzhnoe,9150000
50,28.0,2.0,5.0,1950.0,2.0,7.0,Akademicheskoe,13500000
41,17.0,11.0,17.0,2004.0,1.0,7.0,Birjulevo Zapadnoe,4850000
56,37.0,4.0,,,,,Kotlovka,9650000
63,1.0,15.0,17.0,2014.0,2.0,1.0,Tverskoe,5410484
35,20.0,4.0,12.0,1965.0,1.0,10.0,Cheremushki,7000000
45,29.0,12.0,12.0,1970.0,2.0,5.0,Nagatinskij Zaton,8200000
41,18.0,2.0,10.0,2015.0,1.0,1.0,Poselenie Voskresenskoe,4457400
61,56.0,4.0,14.0,2014.0,2.0,7.0,Poselenie Voskresenskoe,5324115
56,32.0,3.0,17.0,1994.0,2.0,10.0,Teplyj Stan,10000000
75,46.0,17.0,17.0,2002.0,3.0,10.0,Juzhnoe Butovo,10500000
58,58.0,7.0,17.0,2015.0,2.0,58.0,Poselenie Sosenskoe,7344830
30,18.0,4.0,5.0,1966.0,1.0,5.0,Caricyno,5300000
65,36.0,4.0,5.0,1955.0,2.0,8.0,Sviblovo,10000000
72,50.0,4.0,4.0,1961.0,3.0,8.0,Poselenie Moskovskij,5850000
60,,6.0,1.0,1.0,2.0,1.0,Poselenie Sosenskoe,5106200
35,14.0,1.0,17.0,2001.0,1.0,11.0,Horoshevskoe,7900000
37,,16.0,22.0,2015.0,1.0,1.0,Poselenie Shherbinka,3132575
114,77.0,6.0,8.0,1943.0,4.0,16.0,Begovoe,24000000
38,19.0,6.0,16.0,1975.0,1.0,9.0,Poselenie Sosenskoe,7900000
38,19.0,12.0,,,,,Mar'ino,3000000
39,20.0,22.0,22.0,1997.0,1.0,10.0,Lianozovo,6400000
52,52.0,17.0,17.0,2015.0,2.0,1.0,Tverskoe,5138208
68,,2.0,,,,,Poselenie Sosenskoe,5406690
38,23.0,12.0,12.0,1968.0,2.0,6.0,Caricyno,5800000
39,21.0,11.0,14.0,1987.0,1.0,8.0,Izmajlovo,7450000
56,29.0,4.0,14.0,1998.0,2.0,11.0,Matushkino,7100000
45,30.0,11.0,12.0,1979.0,2.0,6.0,Strogino,9050000
42,28.0,4.0,5.0,1961.0,2.0,5.0,Vostochnoe Izmajlovo,5700000
36,36.0,1.0,17.0,2014.0,1.0,1.0,Solncevo,3494400
31,18.0,3.0,5.0,1961.0,1.0,5.0,Severnoe Izmajlovo,5200000
51,24.0,3.0,16.0,2002.0,1.0,11.0,Troickij okrug,4800000
64,43.0,3.0,12.0,1971.0,3.0,7.0,Zjuzino,3000000
84,48.0,3.0,12.0,2002.0,3.0,10.0,Juzhnoe Butovo,10800000
41,18.0,12.0,24.0,2007.0,1.0,10.0,Kosino-Uhtomskoe,6200000
51,29.0,9.0,14.0,1988.0,2.0,8.0,Mar'ino,6000000
53,,3.0,4.0,,2.0,0.0,Poselenie Filimonkovskoe,4340490
91,91.0,2.0,3.0,2015.0,3.0,10.0,Filevskij Park,5864232
38,17.0,12.0,25.0,2010.0,1.0,10.0,Otradnoe,7500000
53,32.0,11.0,16.0,1978.0,2.0,8.0,Nekrasovka,6100000
45,29.0,2.0,9.0,1972.0,2.0,6.0,Kon'kovo,2000000
41,27.0,1.0,5.0,1965.0,2.0,5.0,Gol'janovo,5450000
78,74.0,7.0,25.0,2015.0,3.0,1.0,Nekrasovka,7263300
32,18.0,9.0,9.0,1975.0,1.0,5.0,Orehovo-Borisovo Juzhnoe,5450000
67,43.0,14.0,16.0,1978.0,3.0,8.0,Savelovskoe,13500000
75,43.0,14.0,17.0,1998.0,3.0,10.0,Mar'ino,11100000
38,19.0,16.0,16.0,1982.0,1.0,10.0,Koptevo,2000000
83,,11.0,,,,,Pokrovskoe Streshnevo,11564400
29,17.0,8.0,9.0,1971.0,1.0,5.0,Losinoostrovskoe,5500000
47,21.0,15.0,24.0,2012.0,1.0,13.0,Birjulevo Vostochnoe,7064771
51,,5.0,17.0,,2.0,1.0,Poselenie Vnukovskoe,7032853
45,27.0,3.0,9.0,1970.0,2.0,5.0,Chertanovo Central'noe,7450000
30,18.0,3.0,9.0,1970.0,1.0,5.0,Ivanovskoe,6000000
45,30.0,2.0,12.0,1974.0,2.0,6.0,Bibirevo,7400000
45,30.0,4.0,5.0,1964.0,2.0,5.0,Perovo,6750000
53,31.0,17.0,17.0,1990.0,2.0,8.0,Mar'ino,8150000
74,45.0,7.0,14.0,2000.0,3.0,10.0,Akademicheskoe,18000000
32,18.0,9.0,9.0,1967.0,1.0,6.0,Hovrino,5350000
59,57.0,7.0,17.0,2014.0,2.0,1.0,Poselenie Voskresenskoe,6796548
38,37.0,4.0,,,,,Poselenie Filimonkovskoe,2370275
44,27.0,2.0,9.0,1972.0,2.0,6.0,Mar'ina Roshha,1000000
64,46.0,3.0,9.0,1970.0,4.0,6.0,Pechatniki,8100000
53,30.0,6.0,12.0,1979.0,2.0,8.0,Savelki,2000000
43,27.0,7.0,9.0,1970.0,2.0,5.0,Timirjazevskoe,7100000
60,38.0,3.0,5.0,1907.0,3.0,8.0,Danilovskoe,10400000
64,,11.0,1.0,1.0,2.0,1.0,Solncevo,5969363
86,51.0,2.0,5.0,1956.0,3.0,12.0,Pokrovskoe Streshnevo,4100000
62,25.0,4.0,5.0,1957.0,2.0,7.0,Horoshevo-Mnevniki,9920000
57,32.0,1.0,5.0,1955.0,2.0,7.0,Shhukino,11500000
59,0.0,2.0,0.0,2015.0,2.0,0.0,Poselenie Sosenskoe,6486642
40,40.0,2.0,12.0,2015.0,1.0,10.0,Poselenie Voskresenskoe,4350000
38,38.0,4.0,17.0,0.0,1.0,0.0,Poselenie Vnukovskoe,5303580
56,42.0,1.0,9.0,1968.0,3.0,5.0,Preobrazhenskoe,8500000
38,19.0,14.0,22.0,1996.0,1.0,10.0,Mar'ino,6420000
31,18.0,1.0,5.0,1966.0,1.0,5.0,Sokolinaja Gora,4450000
32,18.0,6.0,9.0,1971.0,1.0,6.0,Birjulevo Vostochnoe,3800000
82,49.0,2.0,17.0,2014.0,3.0,1.0,Poselenie Voskresenskoe,7629450
84,44.0,3.0,8.0,1971.0,3.0,7.0,Presnenskoe,29000000
34,21.0,9.0,,,,,Mar'ina Roshha,7200000
35,19.0,3.0,5.0,1959.0,1.0,8.0,Mar'ina Roshha,7200000
32,18.0,5.0,9.0,1979.0,1.0,5.0,Juzhnoe Medvedkovo,5200000
61,37.0,5.0,8.0,1958.0,2.0,8.0,Danilovskoe,14470000
53,31.0,5.0,22.0,2004.0,2.0,9.0,Novokosino,9600000
38,17.0,9.0,12.0,2012.0,1.0,9.0,Akademicheskoe,1800000
39,24.0,3.0,5.0,1962.0,2.0,5.0,Nizhegorodskoe,5850000
48,31.0,13.0,14.0,1973.0,2.0,8.0,Filevskij Park,2500000
38,18.0,5.0,22.0,2000.0,1.0,10.0,Mar'ino,6500000
33,18.0,1.0,12.0,1965.0,1.0,9.0,Rostokino,5600000
38,20.0,12.0,14.0,1984.0,1.0,8.0,Dmitrovskoe,5000000
74,55.0,16.0,25.0,2015.0,3.0,10.0,Nekrasovka,7419500
113,113.0,3.0,17.0,2015.0,3.0,0.0,Ochakovo-Matveevskoe,14262658
44,29.0,5.0,5.0,1961.0,2.0,6.0,Sokolinaja Gora,1000000
41,20.0,12.0,14.0,1986.0,1.0,8.0,Moskvorech'e-Saburovo,5900000
61,56.0,6.0,25.0,2016.0,2.0,11.0,Mitino,10563934
54,,2.0,,,,,Poselenie Sosenskoe,4162560
54,33.0,4.0,5.0,1958.0,2.0,7.0,Ljublino,2000000
52,34.0,2.0,9.0,1977.0,3.0,6.0,Jasenevo,8000000
54,28.0,2.0,15.0,2009.0,2.0,9.0,Marfino,11780000
48,21.0,7.0,17.0,2012.0,1.0,11.0,Poselenie Sosenskoe,2650000
45,28.0,8.0,9.0,1969.0,2.0,6.0,Pechatniki,6400000
53,32.0,14.0,16.0,1979.0,2.0,9.0,Strogino,10400000
79,79.0,7.0,17.0,0.0,3.0,0.0,Solncevo,6822842
85,52.0,3.0,14.0,2000.0,3.0,10.0,Nagatino-Sadovniki,3000000
129,77.0,21.0,22.0,2009.0,3.0,11.0,Filevskij Park,4607830
39,17.0,17.0,17.0,2011.0,1.0,8.0,Nekrasovka,1000000
64,1.0,5.0,1.0,1.0,2.0,1.0,Krjukovo,6450000
59,43.0,4.0,5.0,1963.0,3.0,5.0,Cheremushki,5000000
52,34.0,4.0,8.0,1950.0,2.0,5.0,Basmannoe,14000000
38,18.0,11.0,14.0,1994.0,1.0,8.0,Timirjazevskoe,7600000
63,,5.0,17.0,2015.0,2.0,10.0,Poselenie Vnukovskoe,7229841
32,21.0,5.0,9.0,1962.0,1.0,5.0,Danilovskoe,6000000
45,28.0,5.0,5.0,1961.0,2.0,5.0,Losinoostrovskoe,6300000
73,73.0,14.0,17.0,2015.0,3.0,1.0,Poselenie Vnukovskoe,8081548
44,29.0,3.0,5.0,1960.0,2.0,6.0,Metrogorodok,6300000
96,96.0,4.0,6.0,2013.0,2.0,10.0,Troickij okrug,4284276
38,17.0,18.0,22.0,2013.0,1.0,10.0,Birjulevo Vostochnoe,1200000
61,0.0,7.0,0.0,2015.0,2.0,0.0,Poselenie Sosenskoe,7325634
39,19.0,8.0,17.0,1990.0,1.0,8.0,Pechatniki,5700000
43,26.0,4.0,5.0,1966.0,2.0,5.0,Mozhajskoe,6300000
42,,14.0,18.0,,1.0,1.0,Krjukovo,4578000
41,20.0,10.0,12.0,1984.0,1.0,8.0,Nagatino-Sadovniki,7100000
40,19.0,23.0,24.0,2003.0,1.0,9.0,Juzhnoe Butovo,7400000
44,27.0,4.0,9.0,1976.0,2.0,6.0,Orehovo-Borisovo Juzhnoe,6700000
57,33.0,4.0,5.0,1955.0,2.0,8.0,Akademicheskoe,11150000
74,41.0,12.0,14.0,1995.0,3.0,8.0,Ochakovo-Matveevskoe,13500000
54,54.0,2.0,3.0,2017.0,2.0,10.0,Poselenie Novofedorovskoe,2795473
44,27.0,3.0,5.0,1963.0,2.0,5.0,Bogorodskoe,6180000
39,18.0,7.0,17.0,2013.0,1.0,7.0,Nekrasovka,4316500
32,19.0,9.0,9.0,1966.0,1.0,6.0,Presnenskoe,8500000
62,45.0,5.0,12.0,1980.0,3.0,6.0,Strogino,10500000
38,20.0,6.0,9.0,2003.0,1.0,8.0,Juzhnoe Butovo,6600000
41,41.0,11.0,17.0,0.0,1.0,0.0,Poselenie Sosenskoe,4039160
51,51.0,3.0,12.0,2015.0,2.0,1.0,Poselenie Novofedorovskoe,2518800
63,40.0,6.0,6.0,1927.0,2.0,6.0,Danilovskoe,13000000
38,19.0,12.0,17.0,1985.0,1.0,8.0,Mar'ino,6150000
50,30.0,8.0,9.0,1972.0,2.0,6.0,Rjazanskij,6000000
67,41.0,3.0,10.0,2008.0,3.0,8.0,Krjukovo,8550000
59,42.0,3.0,9.0,1973.0,3.0,5.0,Birjulevo Zapadnoe,6900000
66,42.0,1.0,14.0,1971.0,3.0,9.0,Sviblovo,2000000
43,17.0,11.0,22.0,2012.0,1.0,11.0,Caricyno,3999000
39,37.0,3.0,1.0,2014.0,1.0,1.0,Obruchevskoe,2936719
44,29.0,1.0,9.0,1969.0,2.0,6.0,Hovrino,6200000
60,34.0,4.0,12.0,2003.0,2.0,10.0,Lianozovo,9300000
32,21.0,6.0,9.0,1964.0,1.0,5.0,Losinoostrovskoe,5950000
80,58.0,2.0,7.0,1957.0,4.0,7.0,Butyrskoe,13500000
32,18.0,6.0,9.0,1971.0,1.0,6.0,Birjulevo Vostochnoe,4700000
53,32.0,3.0,17.0,1996.0,2.0,9.0,Mitino,8600000
37,19.0,9.0,17.0,2013.0,1.0,7.0,Nekrasovka,4027052
36,18.0,8.0,,,,,Sokol'niki,6400000
47,30.0,7.0,12.0,1977.0,2.0,6.0,Zjablikovo,7700000
40,40.0,20.0,25.0,2016.0,1.0,1.0,Golovinskoe,7991040
54,30.0,7.0,12.0,1980.0,2.0,8.0,Babushkinskoe,9500000
62,37.0,13.0,17.0,2013.0,2.0,11.0,Poselenie Shherbinka,4650000
99,64.0,21.0,22.0,1985.0,4.0,10.0,Juzhnoe Tushino,15000000
100,62.0,2.0,22.0,2005.0,4.0,10.0,Solncevo,11900000
91,60.0,5.0,7.0,1937.0,5.0,7.0,Meshhanskoe,16900000
45,29.0,3.0,5.0,1968.0,2.0,5.0,Gol'janovo,6200000
67,64.0,3.0,3.0,2014.0,2.0,0.0,Troickij okrug,5500000
59,58.0,14.0,25.0,2016.0,2.0,10.0,Nekrasovka,6087300
53,33.0,2.0,7.0,1959.0,2.0,8.0,Ostankinskoe,12800000
42,17.0,17.0,22.0,2001.0,1.0,10.0,Mar'ino,7000000
31,20.0,7.0,9.0,1962.0,1.0,5.0,Ramenki,6100000
52,37.0,5.0,9.0,1974.0,3.0,5.0,Bibirevo,8300000
37,19.0,15.0,16.0,1981.0,1.0,10.0,Zjuzino,7000000
52,26.0,7.0,14.0,1976.0,2.0,8.0,Koptevo,10500000
46,1.0,25.0,25.0,2015.0,1.0,1.0,Nekrasovka,4966206
45,28.0,3.0,9.0,1970.0,2.0,5.0,Gol'janovo,3000000
41,,4.0,25.0,,1.0,1.0,Poselenie Moskovskij,4016339
32,16.0,5.0,,,,,Golovinskoe,5150000
80,80.0,2.0,1.0,2014.0,3.0,0.0,Nagornoe,14249084
51,29.0,5.0,14.0,1989.0,2.0,8.0,Silino,6250000
58,42.0,3.0,9.0,1972.0,3.0,5.0,Pechatniki,7800000
45,29.0,3.0,5.0,1965.0,2.0,5.0,Perovo,6100000
63,31.0,5.0,17.0,2016.0,2.0,63.0,Poselenie Filimonkovskoe,6716130
53,32.0,10.0,,,,,Mitino,8550000
27,12.0,7.0,25.0,2013.0,1.0,6.0,Poselenie Sosenskoe,3850000
79,44.0,13.0,17.0,2013.0,3.0,12.0,Nekrasovka,7957000
42,27.0,1.0,5.0,1958.0,2.0,5.0,Bogorodskoe,4000000
39,38.0,8.0,9.0,1974.0,2.0,6.0,Bogorodskoe,7200000
33,17.0,8.0,12.0,1969.0,1.0,9.0,Rjazanskij,6100000
69,49.0,8.0,7.0,1960.0,3.0,8.0,Mozhajskoe,3000000
37,36.0,12.0,16.0,1982.0,1.0,8.0,Tverskoe,6800000
37,20.0,12.0,12.0,2013.0,1.0,10.0,Strogino,6768600
53,28.0,7.0,17.0,2008.0,2.0,9.0,Koptevo,2000000
63,39.0,4.0,12.0,1981.0,3.0,8.0,Ljublino,9150000
29,,3.0,4.0,,1.0,1.0,Poselenie Filimonkovskoe,2205352
68,35.0,5.0,1.0,2017.0,2.0,14.0,Poselenie Moskovskij,8420775
51,,2.0,17.0,,2.0,1.0,Poselenie Filimonkovskoe,3498632
58,34.0,1.0,16.0,1978.0,3.0,7.0,Zjuzino,10000000
44,,14.0,18.0,,1.0,1.0,Poselenie Moskovskij,5512400
32,21.0,8.0,9.0,1963.0,2.0,5.0,Sviblovo,5500000
30,18.0,3.0,8.0,1959.0,1.0,4.0,Izmajlovo,6000000
45,30.0,1.0,,,,,Kuncevo,7300000
51,51.0,8.0,17.0,2017.0,2.0,10.0,Poselenie Vnukovskoe,6430515
42,17.0,8.0,19.0,2006.0,1.0,8.0,Lianozovo,6200000
83,83.0,7.0,17.0,2016.0,3.0,1.0,Poselenie Sosenskoe,7588630
39,19.0,13.0,17.0,1987.0,1.0,8.0,Novokosino,6750000
37,21.0,9.0,9.0,1965.0,1.0,5.0,Alekseevskoe,7580000
77,77.0,6.0,17.0,1.0,3.0,1.0,Nekrasovka,7257928
50,22.0,9.0,17.0,2006.0,1.0,11.0,Kosino-Uhtomskoe,6650000
53,30.0,8.0,12.0,1982.0,2.0,8.0,Bibirevo,7550000
75,45.0,4.0,10.0,1994.0,3.0,10.0,Juzhnoe Butovo,10700000
64,64.0,4.0,9.0,2016.0,2.0,1.0,Poselenie Vnukovskoe,8696160
45,15.0,3.0,3.0,2013.0,1.0,15.0,Poselenie Desjonovskoe,5515295
54,32.0,3.0,5.0,1958.0,2.0,6.0,Sokol'niki,12000000
58,33.0,3.0,7.0,1940.0,2.0,8.0,Begovoe,11900000
136,,12.0,,,,,Obruchevskoe,25829890
54,28.0,10.0,10.0,2007.0,2.0,9.0,Matushkino,2000000
33,,7.0,25.0,2013.0,1.0,1.0,Poselenie Sosenskoe,3614688
81,48.0,23.0,29.0,2014.0,3.0,12.0,Bogorodskoe,7200000
44,28.0,5.0,5.0,1960.0,2.0,5.0,Kotlovka,7000000
37,19.0,17.0,4.0,1988.0,1.0,7.0,Ljublino,6400000
42,26.0,5.0,5.0,1963.0,2.0,5.0,Novogireevo,6050000
46,30.0,1.0,9.0,1968.0,2.0,5.0,Bogorodskoe,6640000
53,34.0,2.0,9.0,1973.0,3.0,6.0,Gol'janovo,6800000
38,18.0,6.0,17.0,2001.0,1.0,7.0,Teplyj Stan,8650000
135,,3.0,3.0,2015.0,3.0,20.0,Poselenie Sosenskoe,9382798
41,20.0,4.0,12.0,1980.0,1.0,8.0,Mar'ino,6300000
44,28.0,4.0,12.0,1972.0,2.0,6.0,Birjulevo Zapadnoe,1000000
75,44.0,15.0,16.0,1982.0,3.0,10.0,Ostankinskoe,3000000
53,30.0,2.0,14.0,1969.0,2.0,8.0,Vojkovskoe,9550000
45,25.0,4.0,5.0,1963.0,2.0,5.0,Butyrskoe,7600000
38,19.0,11.0,16.0,1978.0,1.0,10.0,Troparevo-Nikulino,2500000
68,43.0,9.0,14.0,1974.0,3.0,9.0,Zjuzino,11750000
32,19.0,9.0,9.0,1966.0,1.0,5.0,Perovo,5900000
40,40.0,6.0,12.0,2014.0,2.0,10.0,Poselenie Sosenskoe,4499000
60,60.0,8.0,0.0,0.0,2.0,0.0,Mozhajskoe,5292183
76,45.0,5.0,17.0,1985.0,3.0,10.0,Ramenki,15400000
39,20.0,17.0,22.0,2001.0,1.0,10.0,Golovinskoe,6380000
63,63.0,17.0,24.0,0.0,2.0,0.0,Poselenie Vnukovskoe,7613050
63,,6.0,17.0,2015.0,2.0,10.0,Poselenie Vnukovskoe,6999654
40,20.0,9.0,12.0,1979.0,1.0,8.0,Savelki,5300000
45,27.0,2.0,5.0,1960.0,2.0,6.0,Timirjazevskoe,2000000
23,15.0,1.0,,,,,Strogino,2000000
62,27.0,5.0,5.0,1955.0,2.0,8.0,Tekstil'shhiki,7900000
155,,20.0,,,,,Obruchevskoe,17086300
61,,10.0,17.0,,2.0,1.0,Solncevo,5843935
80,45.0,6.0,13.0,2014.0,3.0,9.0,Krjukovo,8442000
29,18.0,5.0,5.0,1961.0,1.0,5.0,Babushkinskoe,5400000
57,57.0,14.0,17.0,2015.0,2.0,1.0,Mitino,11787643
42,19.0,12.0,14.0,2008.0,1.0,8.0,Juzhnoe Butovo,5200000
47,31.0,11.0,12.0,1971.0,2.0,8.0,Caricyno,6850000
32,20.0,3.0,5.0,1964.0,1.0,5.0,Zjuzino,1000000
42,25.0,4.0,10.0,2000.0,2.0,7.0,Juzhnoe Butovo,5500000
59,43.0,7.0,9.0,1972.0,3.0,6.0,Teplyj Stan,1200000
51,30.0,12.0,17.0,1983.0,2.0,8.0,Birjulevo Vostochnoe,6800000
29,29.0,12.0,19.0,2016.0,1.0,1.0,Poselenie Shherbinka,2858209
95,52.0,13.0,30.0,2012.0,3.0,11.0,Bogorodskoe,10165000
32,20.0,3.0,5.0,1965.0,1.0,5.0,Solncevo,3800000
76,45.0,13.0,,,,,Zapadnoe Degunino,9300000
97,62.0,2.0,9.0,1997.0,4.0,11.0,Juzhnoe Butovo,13000000
42,23.0,6.0,12.0,1969.0,2.0,6.0,Juzhnoe Medvedkovo,6700000
0,0.0,0.0,0.0,0.0,0.0,0.0,Poselenie Voskresenskoe,4425000
38,19.0,15.0,17.0,2008.0,1.0,7.0,Solncevo,1400000
76,44.0,7.0,17.0,1987.0,3.0,10.0,Krylatskoe,15000000
43,27.0,1.0,5.0,1962.0,2.0,6.0,Tekstil'shhiki,3000000
122,72.0,18.0,22.0,2005.0,4.0,16.0,Presnenskoe,41500000
60,60.0,13.0,17.0,2014.0,2.0,1.0,Nekrasovka,6213200
62,,9.0,17.0,,2.0,1.0,Poselenie Vnukovskoe,6768085
44,26.0,2.0,5.0,1962.0,2.0,5.0,Zjuzino,7000000
67,44.0,8.0,14.0,1976.0,3.0,9.0,Ljublino,9000000
48,31.0,4.0,,,,,Birjulevo Vostochnoe,6350000
32,21.0,9.0,9.0,1966.0,1.0,5.0,Sokolinaja Gora,5850000
37,18.0,4.0,17.0,1988.0,1.0,8.0,Golovinskoe,6600000
43,18.0,1.0,16.0,1974.0,1.0,11.0,Ostankinskoe,6350000
31,17.0,3.0,5.0,1962.0,1.0,5.0,Kuncevo,5550000
44,,8.0,,,,,Poselenie Sosenskoe,3660300
30,13.0,3.0,16.0,1972.0,1.0,6.0,Ramenki,6750000
53,34.0,5.0,5.0,1959.0,3.0,5.0,Bogorodskoe,7500000
45,28.0,7.0,9.0,1970.0,2.0,6.0,Pechatniki,6500000
52,,14.0,,,,,Nekrasovka,5073100
38,19.0,3.0,14.0,1972.0,1.0,9.0,Ljublino,4000000
43,26.0,3.0,9.0,1975.0,2.0,5.0,Orehovo-Borisovo Severnoe,7600000
45,30.0,1.0,5.0,1965.0,2.0,5.0,Caricyno,5650000
78,53.0,7.0,11.0,1957.0,3.0,9.0,Sokol'niki,16800000
38,19.0,1.0,12.0,1996.0,1.0,8.0,Juzhnoe Butovo,5500000
38,23.0,6.0,9.0,1965.0,2.0,7.0,Severnoe Izmajlovo,5500000
58,,14.0,16.0,2014.0,2.0,1.0,Mitino,9615992
38,23.0,12.0,12.0,1972.0,2.0,5.0,Donskoe,7800000
63,36.0,1.0,4.0,1957.0,2.0,7.0,Sokol,7500000
50,38.0,9.0,9.0,1974.0,3.0,6.0,Staroe Krjukovo,5900000
34,19.0,7.0,,,,,Veshnjaki,5150000
59,43.0,2.0,9.0,1967.0,3.0,6.0,Dmitrovskoe,7250000
74,66.0,31.0,32.0,2006.0,1.0,1.0,Danilovskoe,14500000
37,19.0,3.0,17.0,1984.0,1.0,8.0,Nagatino-Sadovniki,6100000
69,35.0,4.0,9.0,2014.0,2.0,16.0,Poselenie Sosenskoe,5362085
64,46.0,8.0,9.0,1978.0,4.0,6.0,Jasenevo,8700000
52,30.0,4.0,14.0,1994.0,2.0,8.0,Krjukovo,1000000
48,28.0,2.0,9.0,1967.0,2.0,6.0,Savelki,5500000
31,31.0,11.0,,,,,Poselenie Sosenskoe,3509000
42,17.0,5.0,25.0,2011.0,1.0,9.0,Ochakovo-Matveevskoe,6450000
50,30.0,3.0,17.0,1996.0,2.0,8.0,Brateevo,8300000
64,64.0,7.0,17.0,0.0,2.0,1.0,Poselenie Vnukovskoe,7259103
31,20.0,4.0,5.0,1967.0,1.0,4.0,Shhukino,2000000
83,83.0,8.0,17.0,0.0,3.0,1.0,Poselenie Vnukovskoe,9918935
78,,9.0,17.0,,2.0,1.0,Poselenie Moskovskij,8037109
75,37.0,16.0,,,,,Otradnoe,11361425
34,15.0,2.0,10.0,2004.0,1.0,9.0,Matushkino,4700000
37,18.0,11.0,16.0,1983.0,1.0,9.0,Butyrskoe,7500000
39,17.0,24.0,,,,,Beskudnikovskoe,6600000
158,158.0,4.0,,,,,Izmajlovo,36613500
38,19.0,3.0,22.0,1995.0,1.0,9.0,Losinoostrovskoe,7000000
30,17.0,2.0,5.0,1959.0,1.0,5.0,Timirjazevskoe,5850000
52,30.0,3.0,12.0,1982.0,2.0,8.0,Kapotnja,6300000
38,23.0,6.0,14.0,1969.0,2.0,6.0,Hovrino,7000000
79,55.0,4.0,9.0,1957.0,3.0,7.0,Gagarinskoe,19000000
34,,13.0,15.0,2015.0,1.0,1.0,Zapadnoe Degunino,3865945
39,17.0,10.0,17.0,2006.0,1.0,8.0,Krjukovo,4950000
58,,5.0,1.0,1.0,2.0,1.0,Krjukovo,6358050
49,,2.0,3.0,,1.0,1.0,Tverskoe,4890260
39,20.0,8.0,12.0,1980.0,1.0,8.0,Juzhnoe Tushino,7400000
108,67.0,13.0,23.0,2005.0,4.0,12.0,Kurkino,15000000
45,30.0,5.0,5.0,1963.0,2.0,5.0,Kuz'minki,5650000
84,0.0,8.0,0.0,0.0,3.0,1.0,Poselenie Sosenskoe,9377280
76,40.0,2.0,2.0,2015.0,3.0,11.0,Poselenie Voskresenskoe,7744190
37,19.0,3.0,12.0,2006.0,1.0,7.0,Vnukovo,4750000
35,20.0,7.0,12.0,1969.0,1.0,9.0,Gol'janovo,990000
1,1.0,1.0,1.0,1.0,1.0,1.0,Nekrasovka,4819000
42,28.0,4.0,5.0,1964.0,2.0,5.0,Birjulevo Zapadnoe,4950000
45,29.0,6.0,9.0,1969.0,2.0,5.0,Kuz'minki,6200000
85,46.0,5.0,14.0,2007.0,2.0,15.0,Poselenie Rjazanovskoe,8400000
60,44.0,5.0,9.0,1967.0,3.0,6.0,Severnoe Tushino,8650000
51,20.0,16.0,18.0,2012.0,1.0,13.0,Poselenie Sosenskoe,5396057
36,18.0,15.0,15.0,1973.0,1.0,8.0,Caricyno,6350000
38,18.0,9.0,,,,,Kosino-Uhtomskoe,5300000
64,45.0,2.0,12.0,1975.0,3.0,6.0,Bibirevo,4500000
63,38.0,3.0,9.0,1974.0,3.0,8.0,Otradnoe,10100000
56,29.0,5.0,16.0,2005.0,2.0,8.0,Akademicheskoe,12500000
43,29.0,3.0,5.0,1960.0,2.0,5.0,Vojkovskoe,8500000
37,35.0,15.0,16.0,1987.0,1.0,10.0,Akademicheskoe,7500000
64,44.0,9.0,14.0,1973.0,3.0,9.0,Pokrovskoe Streshnevo,9900000
57,28.0,13.0,16.0,2009.0,2.0,11.0,Savelki,9000000
49,28.0,7.0,10.0,1958.0,2.0,7.0,Danilovskoe,12400000
62,59.0,15.0,25.0,2015.0,2.0,1.0,Nekrasovka,6552000
12,9.0,4.0,5.0,1962.0,1.0,1.0,Horoshevo-Mnevniki,3000000
70,,5.0,5.0,2013.0,2.0,1.0,Tverskoe,5678100
34,21.0,1.0,9.0,1965.0,2.0,5.0,Koptevo,5900000
54,30.0,9.0,16.0,2002.0,2.0,8.0,Juzhnoe Butovo,6600000
87,50.0,16.0,20.0,2010.0,3.0,11.0,Kosino-Uhtomskoe,4823412
38,18.0,3.0,17.0,2000.0,1.0,7.0,Veshnjaki,6350000
39,21.0,1.0,14.0,1992.0,1.0,9.0,Novokosino,5830000
44,27.0,5.0,12.0,1964.0,2.0,5.0,Cheremushki,6300000
38,38.0,9.0,17.0,0.0,1.0,0.0,Poselenie Vnukovskoe,4814402
75,45.0,3.0,14.0,1992.0,3.0,10.0,Krjukovo,8600000
36,19.0,10.0,12.0,1968.0,1.0,10.0,Caricyno,5000000
79,54.0,4.0,8.0,1962.0,3.0,8.0,Hamovniki,18000000
33,19.0,9.0,,,,,Vostochnoe Izmajlovo,4700000
67,,3.0,17.0,,3.0,1.0,Poselenie Novofedorovskoe,3551990
65,43.0,2.0,9.0,1980.0,3.0,6.0,Mozhajskoe,9000000
66,45.0,8.0,9.0,1979.0,3.0,6.0,Mar'ino,8250000
38,,17.0,,,,,Nekrasovka,3951780
32,18.0,2.0,9.0,1978.0,1.0,6.0,Otradnoe,5750000
34,,7.0,17.0,2015.0,1.0,1.0,Zapadnoe Degunino,3793778
38,19.0,8.0,16.0,1981.0,1.0,8.0,Ivanovskoe,5500000
79,79.0,8.0,22.0,0.0,2.0,0.0,Poselenie Vnukovskoe,8266537
49,31.0,9.0,12.0,1966.0,2.0,9.0,Timirjazevskoe,7600000
73,73.0,10.0,,,,,Tverskoe,6157545
38,19.0,3.0,22.0,2007.0,1.0,10.0,Novo-Peredelkino,5600000
29,17.0,5.0,9.0,1965.0,1.0,5.0,Timirjazevskoe,6900000
42,29.0,4.0,17.0,1960.0,2.0,4.0,Perovo,6500000
45,30.0,5.0,9.0,1966.0,2.0,7.0,Meshhanskoe,8200000
102,65.0,13.0,18.0,1997.0,4.0,10.0,Losinoostrovskoe,15500000
41,27.0,1.0,8.0,1963.0,2.0,5.0,Sokol,8600000
45,28.0,6.0,9.0,1967.0,2.0,5.0,Mozhajskoe,7300000
45,28.0,11.0,12.0,1969.0,2.0,6.0,Staroe Krjukovo,5700000
82,,14.0,,,,,Mitino,11142352
75,46.0,11.0,17.0,1996.0,3.0,10.0,Mitino,10500000
57,32.0,8.0,12.0,1995.0,2.0,10.0,Vyhino-Zhulebino,10500000
56,42.0,2.0,5.0,1963.0,3.0,5.0,Ljublino,7000000
44,27.0,1.0,,,,,Preobrazhenskoe,5750000
60,27.0,6.0,15.0,2009.0,2.0,11.0,Juzhnoe Butovo,8300000
109,63.0,7.0,14.0,1997.0,3.0,15.0,Silino,18000000
47,30.0,2.0,12.0,1979.0,2.0,6.0,Dmitrovskoe,3000000
77,45.0,3.0,14.0,1995.0,3.0,10.0,Novokosino,10300000
32,18.0,6.0,9.0,1977.0,1.0,6.0,Jasenevo,5950000
52,30.0,10.0,17.0,2013.0,2.0,9.0,Babushkinskoe,2000000
34,34.0,2.0,0.0,0.0,1.0,0.0,Poselenie Novofedorovskoe,2000000
43,28.0,5.0,5.0,1962.0,2.0,5.0,Babushkinskoe,5900000
59,58.0,12.0,1.0,2014.0,2.0,1.0,Nagornoe,10609027
59,59.0,9.0,,,,,Mar'ina Roshha,4596900
41,25.0,2.0,5.0,1964.0,2.0,5.0,Caricyno,6200000
33,18.0,4.0,9.0,1970.0,1.0,7.0,Timirjazevskoe,5900000
58,43.0,2.0,9.0,1971.0,3.0,6.0,Vyhino-Zhulebino,7320000
31,21.0,1.0,9.0,1964.0,1.0,5.0,Obruchevskoe,1100000
80,77.0,9.0,1.0,2014.0,3.0,1.0,Mitino,11180670
61,,9.0,17.0,2015.0,2.0,1.0,Solncevo,6470874
39,,7.0,17.0,,1.0,1.0,Poselenie Vnukovskoe,4602077
39,21.0,2.0,12.0,1987.0,1.0,8.0,Juzhnoe Butovo,4800000
31,17.0,4.0,5.0,1965.0,1.0,5.0,Beskudnikovskoe,5250000
59,30.0,5.0,13.0,2014.0,2.0,9.0,Novogireevo,7600000
57,42.0,5.0,5.0,1965.0,3.0,5.0,Danilovskoe,8500000
60,37.0,4.0,14.0,1991.0,3.0,8.0,Novo-Peredelkino,7400000
65,65.0,4.0,,,,,Krjukovo,6399400
81,56.0,2.0,10.0,1958.0,4.0,7.0,Alekseevskoe,17500000
51,30.0,7.0,12.0,1974.0,2.0,9.0,Taganskoe,12000000
94,56.0,3.0,14.0,1995.0,4.0,11.0,Krjukovo,7500000
36,18.0,12.0,16.0,1986.0,1.0,9.0,Tekstil'shhiki,5450000
51,24.0,5.0,19.0,2012.0,1.0,12.0,Izmajlovo,3700000
38,19.0,7.0,17.0,1983.0,1.0,8.0,Birjulevo Vostochnoe,5200000
75,42.0,2.0,9.0,2006.0,3.0,10.0,Kuz'minki,13300000
41,18.0,11.0,17.0,2005.0,1.0,9.0,Lianozovo,6000000
49,34.0,9.0,9.0,1966.0,3.0,5.0,Juzhnoe Medvedkovo,8400000
38,20.0,9.0,12.0,1976.0,1.0,8.0,Chertanovo Juzhnoe,5850000
38,20.0,2.0,14.0,1985.0,1.0,8.0,Brateevo,5400000
38,15.0,3.0,16.0,2013.0,1.0,9.0,Sokolinaja Gora,6564000
42,21.0,10.0,12.0,1967.0,1.0,10.0,Nagatinskij Zaton,6900000
44,30.0,1.0,5.0,1962.0,2.0,5.0,Ostankinskoe,7100000
31,19.0,1.0,5.0,1966.0,1.0,5.0,Golovinskoe,5200000
52,52.0,10.0,17.0,0.0,2.0,1.0,Tverskoe,7012533
63,,4.0,17.0,,2.0,1.0,Poselenie Vnukovskoe,7073249
29,20.0,4.0,4.0,2014.0,1.0,6.0,Poselenie Filimonkovskoe,2027818
37,22.0,7.0,9.0,1964.0,2.0,6.0,Danilovskoe,7900000
37,22.0,5.0,14.0,1972.0,2.0,6.0,Chertanovo Juzhnoe,6300000
38,37.0,13.0,17.0,2015.0,1.0,10.0,Nagatinskij Zaton,6945340
60,45.0,4.0,9.0,1969.0,3.0,5.0,Bogorodskoe,7700000
33,20.0,6.0,9.0,1969.0,1.0,6.0,Mozhajskoe,5900000
77,45.0,9.0,17.0,2002.0,3.0,10.0,Mozhajskoe,12600000
99,70.0,2.0,5.0,1957.0,4.0,9.0,Lefortovo,13000000
38,19.0,12.0,,,,,Bibirevo,5900000
37,,6.0,17.0,2015.0,1.0,1.0,Nekrasovka,4543000
33,18.0,3.0,9.0,1968.0,1.0,6.0,Ochakovo-Matveevskoe,5800000
71,42.0,3.0,14.0,2007.0,3.0,8.0,Dmitrovskoe,10000000
33,,21.0,25.0,2013.0,1.0,5.0,Poselenie Sosenskoe,3951360
45,29.0,5.0,9.0,1967.0,2.0,6.0,Savelki,1000000
26,14.0,3.0,9.0,1973.0,1.0,5.0,Pechatniki,4800000
38,19.0,16.0,22.0,2010.0,1.0,10.0,Marfino,8950000
54,32.0,14.0,17.0,1997.0,2.0,9.0,Vyhino-Zhulebino,9350000
39,23.0,6.0,12.0,1968.0,2.0,6.0,Novogireevo,7900000
30,19.0,4.0,5.0,1963.0,1.0,5.0,Zjuzino,5000000
33,17.0,4.0,4.0,1951.0,1.0,8.0,Perovo,5500000
61,,8.0,1.0,,2.0,10.0,Poselenie Sosenskoe,6931143
38,23.0,12.0,12.0,1966.0,2.0,5.0,Matushkino,5300000
37,37.0,19.0,25.0,2014.0,1.0,1.0,Strogino,7598600
86,50.0,2.0,23.0,2009.0,3.0,10.0,Levoberezhnoe,5100000
71,47.0,6.0,19.0,1967.0,3.0,7.0,Prospekt Vernadskogo,12850000
104,104.0,3.0,17.0,2015.0,3.0,10.0,Poselenie Sosenskoe,7499170
75,45.0,7.0,22.0,1984.0,3.0,9.0,Bibirevo,11700000
63,58.0,13.0,19.0,2014.0,2.0,1.0,Poselenie Voskresenskoe,6570520
41,21.0,3.0,14.0,1994.0,1.0,8.0,Krjukovo,1000000
57,37.0,7.0,9.0,1969.0,3.0,5.0,Nagatinskij Zaton,9900000
77,46.0,3.0,6.0,1954.0,3.0,9.0,Ochakovo-Matveevskoe,10200000
72,72.0,8.0,1.0,2014.0,2.0,1.0,Poselenie Sosenskoe,7355840
29,29.0,3.0,4.0,0.0,1.0,0.0,Poselenie Filimonkovskoe,2231970
37,37.0,3.0,7.0,2016.0,1.0,1.0,Poselenie Shherbinka,3738155
60,30.0,16.0,0.0,2015.0,2.0,10.0,Poselenie Voskresenskoe,6729040
38,19.0,17.0,17.0,2003.0,1.0,7.0,Sviblovo,8300000
41,1.0,3.0,1.0,1.0,1.0,1.0,Krjukovo,4480333
45,27.0,11.0,12.0,1972.0,2.0,6.0,Chertanovo Severnoe,7350000
54,28.0,12.0,14.0,2008.0,2.0,11.0,Staroe Krjukovo,7900000
40,19.0,8.0,14.0,1973.0,1.0,8.0,Dmitrovskoe,5990000
82,82.0,6.0,14.0,2014.0,3.0,1.0,Poselenie Sosenskoe,6367900
46,18.0,17.0,17.0,2015.0,1.0,1.0,Poselenie Voskresenskoe,5046200
30,16.0,5.0,5.0,1959.0,1.0,5.0,Lefortovo,6000000
51,30.0,3.0,12.0,2005.0,2.0,9.0,Severnoe Medvedkovo,9000000
65,39.0,10.0,14.0,1990.0,3.0,7.0,Zamoskvorech'e,14600000
61,,8.0,17.0,0.0,2.0,1.0,Poselenie Vnukovskoe,7167429
77,44.0,11.0,22.0,1990.0,3.0,10.0,Juzhnoportovoe,10100000
77,,4.0,0.0,,3.0,0.0,Poselenie Voskresenskoe,7514385
42,40.0,11.0,12.0,1972.0,2.0,5.0,Chertanovo Juzhnoe,7200000
42,28.0,2.0,4.0,1957.0,2.0,4.0,Gagarinskoe,8450000
74,43.0,5.0,17.0,2012.0,3.0,12.0,Nekrasovka,5500000
56,56.0,16.0,16.0,1.0,2.0,1.0,Nekrasovka,5997000
49,18.0,13.0,17.0,2014.0,1.0,1.0,Poselenie Voskresenskoe,4927650
79,,11.0,18.0,1.0,3.0,1.0,Krjukovo,8088600
38,38.0,15.0,17.0,2015.0,1.0,1.0,Poselenie Desjonovskoe,4209255
73,43.0,13.0,17.0,1986.0,3.0,10.0,Horoshevskoe,14700000
55,38.0,5.0,5.0,1960.0,3.0,5.0,Danilovskoe,5000000
39,20.0,1.0,12.0,1979.0,1.0,8.0,Vostochnoe Degunino,4900000
42,28.0,4.0,9.0,1970.0,2.0,5.0,Chertanovo Central'noe,7200000
54,29.0,20.0,25.0,2010.0,2.0,8.0,Severnoe,7600000
41,26.0,4.0,5.0,1968.0,2.0,5.0,Juzhnoe Butovo,4300000
45,30.0,5.0,5.0,1961.0,2.0,5.0,Kotlovka,1000000
41,,3.0,12.0,2015.0,1.0,1.0,Poselenie Sosenskoe,4200064
84,49.0,12.0,23.0,2008.0,3.0,11.0,Rjazanskij,16250000
102,60.0,4.0,22.0,2008.0,3.0,14.0,Horoshevskoe,21397230
38,19.0,9.0,17.0,2006.0,1.0,7.0,Kosino-Uhtomskoe,5500000
60,32.0,12.0,12.0,2001.0,2.0,10.0,Mar'ino,10350000
39,18.0,13.0,25.0,2012.0,1.0,9.0,Golovinskoe,6700000
42,28.0,4.0,5.0,1963.0,2.0,5.0,Ljublino,2000000
48,48.0,9.0,17.0,2016.0,1.0,10.0,Izmajlovo,5277083
18,11.0,5.0,5.0,1968.0,1.0,3.0,Perovo,3950000
18,11.0,3.0,,,,,Altuf'evskoe,990000
71,52.0,3.0,5.0,1960.0,3.0,8.0,Izmajlovo,11300000
86,0.0,7.0,12.0,0.0,3.0,0.0,Poselenie Sosenskoe,7775630
57,33.0,14.0,17.0,1984.0,2.0,10.0,Krylatskoe,2000000
44,29.0,4.0,5.0,1960.0,2.0,5.0,Koptevo,6650000
41,25.0,1.0,5.0,1962.0,2.0,5.0,Fili Davydkovo,7650000
32,19.0,2.0,5.0,1963.0,1.0,5.0,Metrogorodok,4150000
37,18.0,3.0,17.0,1992.0,1.0,7.0,Mitino,6285000
117,117.0,7.0,17.0,2014.0,3.0,10.0,Poselenie Moskovskij,13575790
96,47.0,16.0,24.0,2016.0,1.0,22.0,Hovrino,12216878
121,66.0,12.0,24.0,2009.0,3.0,18.0,Troparevo-Nikulino,27800000
73,73.0,5.0,22.0,0.0,3.0,0.0,Poselenie Vnukovskoe,5626933
104,60.0,9.0,20.0,2011.0,3.0,11.0,Nagornoe,15443416
42,42.0,12.0,17.0,2014.0,1.0,10.0,Poselenie Sosenskoe,4231570
53,32.0,12.0,17.0,1990.0,2.0,9.0,Severnoe Butovo,9350000
36,20.0,3.0,12.0,1966.0,1.0,10.0,Timirjazevskoe,6900000
57,,8.0,19.0,1.0,2.0,1.0,Poselenie Shherbinka,4419192
36,20.0,7.0,12.0,1973.0,1.0,9.0,Ivanovskoe,5700000
45,30.0,8.0,9.0,1966.0,2.0,6.0,Nagatinskij Zaton,7820000
35,14.0,4.0,17.0,2000.0,1.0,9.0,Mar'ino,5700000
74,45.0,11.0,17.0,1985.0,3.0,9.0,Krylatskoe,16800000
60,44.0,4.0,9.0,1973.0,3.0,6.0,Gol'janovo,8500000
29,17.0,8.0,9.0,1966.0,1.0,5.0,Tekstil'shhiki,990000
25,12.0,5.0,5.0,1960.0,1.0,6.0,Savelovskoe,3900000
37,22.0,5.0,14.0,1973.0,2.0,6.0,Presnenskoe,1000000
45,25.0,3.0,10.0,1964.0,2.0,6.0,Hamovniki,11850000
32,21.0,8.0,9.0,1963.0,1.0,5.0,Lomonosovskoe,6800000
78,40.0,13.0,17.0,2015.0,2.0,16.0,Ochakovo-Matveevskoe,8251858
44,28.0,1.0,5.0,1967.0,2.0,5.0,Vyhino-Zhulebino,5500000
74,47.0,2.0,5.0,1929.0,3.0,11.0,Hamovniki,15500000
43,28.0,1.0,5.0,1961.0,2.0,5.0,Novogireevo,6400000
78,74.0,3.0,1.0,,3.0,1.0,Krjukovo,7643600
71,44.0,3.0,5.0,1956.0,3.0,6.0,Bogorodskoe,6000000
62,37.0,7.0,9.0,1973.0,3.0,8.0,Teplyj Stan,8500000
43,27.0,5.0,9.0,1971.0,2.0,5.0,Chertanovo Juzhnoe,2000000
37,22.0,7.0,9.0,1967.0,2.0,7.0,Fili Davydkovo,7800000
36,19.0,9.0,12.0,1968.0,1.0,9.0,Kotlovka,7400000
79,47.0,10.0,14.0,1971.0,3.0,8.0,Golovinskoe,3000000
35,19.0,3.0,12.0,1971.0,1.0,9.0,Savelovskoe,7200000
83,48.0,7.0,14.0,1996.0,3.0,8.0,Krjukovo,10400000
45,17.0,7.0,12.0,2003.0,1.0,10.0,Poselenie Shherbinka,5300000
38,,8.0,17.0,,1.0,0.0,Poselenie Desjonovskoe,3813607
53,32.0,14.0,17.0,2006.0,2.0,9.0,Novo-Peredelkino,8200000
75,33.0,4.0,9.0,2013.0,3.0,16.0,Kotlovka,13200000
32,17.0,2.0,15.0,1977.0,1.0,6.0,Kotlovka,6200000
43,20.0,15.0,22.0,2016.0,1.0,9.0,Novo-Peredelkino,6107374
42,25.0,2.0,5.0,1966.0,2.0,5.0,Caricyno,6500000
33,19.0,1.0,9.0,1977.0,1.0,6.0,Zjablikovo,5250000
50,34.0,2.0,9.0,1970.0,3.0,6.0,Gol'janovo,7100000
45,27.0,5.0,9.0,1978.0,2.0,5.0,Jasenevo,1000000
61,61.0,15.0,17.0,2014.0,2.0,10.0,Poselenie Sosenskoe,8020375
38,,16.0,17.0,0.0,1.0,1.0,Poselenie Vnukovskoe,5211007
134,134.0,1.0,1.0,0.0,3.0,0.0,Poselenie Rogovskoe,5798496
32,32.0,6.0,9.0,1968.0,1.0,6.0,Levoberezhnoe,5600000
43,27.0,4.0,5.0,1963.0,2.0,5.0,Shhukino,7200000
38,19.0,12.0,17.0,1987.0,1.0,8.0,Novokosino,5800000
45,28.0,5.0,5.0,1968.0,2.0,5.0,Vyhino-Zhulebino,5775000
47,30.0,8.0,12.0,1968.0,2.0,6.0,Caricyno,6700000
64,64.0,3.0,17.0,2015.0,2.0,1.0,Tverskoe,5845213
38,,12.0,,,,,Nekrasovka,3989416
90,82.0,5.0,6.0,0.0,2.0,18.0,Troickij okrug,7615863
64,64.0,9.0,17.0,0.0,2.0,1.0,Poselenie Moskovskij,6329087
70,,20.0,25.0,,2.0,0.0,Nekrasovka,6537024
49,26.0,8.0,17.0,2014.0,1.0,11.0,Poselenie Sosenskoe,3919076
48,29.0,4.0,5.0,1981.0,2.0,6.0,Poselenie Rjazanovskoe,4800000
43,26.0,4.0,5.0,1961.0,2.0,5.0,Metrogorodok,6385000
36,17.0,15.0,17.0,2004.0,1.0,1.0,Ljublino,6300000
37,19.0,12.0,17.0,2000.0,1.0,7.0,Lefortovo,8950000
37,37.0,3.0,15.0,2014.0,1.0,1.0,Poselenie Shherbinka,3103047
30,18.0,3.0,5.0,1963.0,1.0,5.0,Preobrazhenskoe,6600000
71,50.0,5.0,5.0,1958.0,3.0,8.0,Shhukino,14700000
51,33.0,7.0,9.0,1974.0,3.0,6.0,Bibirevo,7600000
45,28.0,11.0,12.0,1972.0,2.0,5.0,Perovo,6900000
36,36.0,4.0,4.0,0.0,1.0,1.0,Teplyj Stan,5473100
65,40.0,2.0,5.0,1958.0,3.0,7.0,Koptevo,10200000
63,38.0,7.0,9.0,1973.0,3.0,8.0,Vostochnoe Degunino,9400000
40,20.0,9.0,12.0,1972.0,1.0,8.0,Tekstil'shhiki,6600000
17,17.0,6.0,10.0,1969.0,2.0,6.0,Vyhino-Zhulebino,2600000
61,,5.0,17.0,,2.0,12.0,Nekrasovka,5764128
53,32.0,11.0,17.0,2009.0,2.0,9.0,Novo-Peredelkino,8200000
55,29.0,12.0,14.0,2001.0,2.0,9.0,Zamoskvorech'e,17800000
77,,2.0,17.0,2015.0,3.0,10.0,Poselenie Vnukovskoe,8923638
42,20.0,4.0,14.0,1984.0,1.0,8.0,Dmitrovskoe,5700000
60,57.0,7.0,16.0,2014.0,2.0,0.0,Mitino,9859404
30,18.0,5.0,9.0,1964.0,1.0,5.0,Danilovskoe,6950000
52,31.0,10.0,17.0,1990.0,2.0,8.0,Gol'janovo,7300000
79,44.0,19.0,25.0,2013.0,3.0,12.0,Poselenie Vnukovskoe,6382574
35,18.0,5.0,5.0,1960.0,1.0,8.0,Fili Davydkovo,6200000
60,34.0,14.0,18.0,1997.0,2.0,10.0,Mar'ino,1000000
37,,17.0,17.0,2017.0,1.0,15.0,Poselenie Filimonkovskoe,2793770
75,46.0,16.0,17.0,1983.0,3.0,10.0,Birjulevo Vostochnoe,9600000
32,21.0,8.0,9.0,1965.0,1.0,5.0,Caricyno,3600000
31,18.0,6.0,8.0,1964.0,1.0,6.0,Sviblovo,7000000
38,,7.0,17.0,0.0,1.0,1.0,Poselenie Vnukovskoe,5800893
45,30.0,2.0,,,,,Zapadnoe Degunino,6100000
39,19.0,6.0,17.0,1983.0,1.0,8.0,Otradnoe,6900000
53,28.0,1.0,16.0,1982.0,2.0,11.0,Otradnoe,7300000
51,51.0,3.0,3.0,2016.0,1.0,0.0,Poselenie Sosenskoe,4947690
56,30.0,6.0,17.0,2005.0,2.0,11.0,Ochakovo-Matveevskoe,3340800
37,22.0,9.0,9.0,1967.0,2.0,7.0,Kuncevo,6750000
67,40.0,2.0,16.0,1979.0,3.0,8.0,Kuncevo,11600000
79,43.0,8.0,16.0,1983.0,3.0,12.0,Bogorodskoe,13500000
39,,8.0,17.0,,1.0,0.0,Nekrasovka,4138020
39,,9.0,17.0,,1.0,1.0,Tverskoe,4633984
37,35.0,2.0,,,,,Juzhnoe Butovo,3469761
27,11.0,3.0,9.0,1964.0,1.0,6.0,Jasenevo,4800000
79,,7.0,,,,,Nekrasovka,6683688
45,28.0,2.0,12.0,1978.0,2.0,6.0,Orehovo-Borisovo Juzhnoe,7750000
90,55.0,3.0,9.0,1998.0,4.0,10.0,Koptevo,18300000
46,29.0,6.0,9.0,1974.0,2.0,5.0,Otradnoe,8400000
28,16.0,7.0,12.0,1964.0,1.0,4.0,Begovoe,6200000
38,18.0,5.0,17.0,2006.0,1.0,7.0,Solncevo,6100000
56,31.0,10.0,10.0,1960.0,2.0,8.0,Timirjazevskoe,12000000
36,21.0,9.0,9.0,1965.0,2.0,7.0,Taganskoe,10000000
31,16.0,6.0,12.0,1974.0,1.0,7.0,Orehovo-Borisovo Severnoe,5900000
40,19.0,5.0,14.0,1971.0,1.0,8.0,Ajeroport,9400000
43,31.0,2.0,9.0,1965.0,2.0,5.0,Beskudnikovskoe,6400000
69,,5.0,1.0,2015.0,2.0,1.0,Losinoostrovskoe,13064960
61,61.0,5.0,17.0,0.0,2.0,0.0,Nekrasovka,5842100
49,34.0,3.0,9.0,1975.0,3.0,6.0,Losinoostrovskoe,8500000
42,17.0,2.0,1.0,2017.0,1.0,13.0,Poselenie Moskovskij,5516998
58,34.0,15.0,22.0,2012.0,2.0,10.0,Juzhnoe Medvedkovo,3000000
61,32.0,6.0,17.0,2001.0,2.0,12.0,Hovrino,2000000
51,,13.0,25.0,2016.0,1.0,9.0,Mitino,7642043
82,82.0,17.0,17.0,2015.0,3.0,1.0,Tverskoe,8219303
62,38.0,13.0,14.0,1985.0,3.0,8.0,Orehovo-Borisovo Severnoe,9300000
35,19.0,11.0,12.0,1966.0,1.0,10.0,Metrogorodok,6350000
33,16.0,2.0,9.0,1986.0,1.0,7.0,Vostochnoe Izmajlovo,5300000
48,34.0,1.0,9.0,1971.0,3.0,5.0,Chertanovo Juzhnoe,6200000
41,20.0,12.0,14.0,1990.0,1.0,8.0,Novo-Peredelkino,5500000
85,85.0,19.0,22.0,0.0,3.0,0.0,Poselenie Vnukovskoe,10423761
44,28.0,7.0,9.0,1967.0,2.0,6.0,Kon'kovo,7500000
59,37.0,5.0,9.0,1972.0,3.0,6.0,Ivanovskoe,7750000
38,24.0,6.0,9.0,1966.0,2.0,6.0,Bogorodskoe,6800000
79,75.0,7.0,17.0,2014.0,3.0,1.0,Nekrasovka,7286400
61,61.0,5.0,17.0,1.0,2.0,1.0,Poselenie Moskovskij,5626421
83,44.0,9.0,14.0,2004.0,3.0,10.0,Beskudnikovskoe,14300000
54,28.0,6.0,15.0,2007.0,2.0,9.0,Krjukovo,7000000
60,34.0,5.0,17.0,1995.0,2.0,10.0,Mar'ino,9600000
51,30.0,16.0,17.0,1988.0,2.0,8.0,Horoshevskoe,10900000
61,61.0,11.0,17.0,1.0,2.0,1.0,Nekrasovka,5764128
80,45.0,6.0,17.0,2001.0,3.0,12.0,Severnoe Medvedkovo,16200000
58,39.0,2.0,5.0,1967.0,3.0,6.0,Golovinskoe,7800000
92,48.0,13.0,25.0,2008.0,2.0,15.0,Poselenie Moskovskij,4342800
54,36.0,4.0,9.0,1961.0,3.0,6.0,Hamovniki,17900000
72,48.0,5.0,5.0,1953.0,3.0,7.0,Shhukino,6860000
43,27.0,3.0,5.0,1961.0,2.0,5.0,Juzhnoe Tushino,6900000
72,34.0,3.0,13.0,2013.0,2.0,12.0,Birjulevo Vostochnoe,5945820
60,30.0,4.0,18.0,2012.0,2.0,10.0,Bogorodskoe,8344319
52,31.0,6.0,16.0,1977.0,2.0,8.0,Caricyno,9200000
116,116.0,15.0,18.0,2015.0,3.0,9.0,Izmajlovo,22762972
34,19.0,1.0,12.0,1972.0,1.0,9.0,Preobrazhenskoe,1000000
61,32.0,16.0,23.0,2008.0,2.0,9.0,Rjazanskij,11300000
72,43.0,5.0,14.0,2002.0,3.0,10.0,Moskvorech'e-Saburovo,14800000
52,52.0,16.0,17.0,0.0,2.0,0.0,Poselenie Vnukovskoe,6264238
58,1.0,7.0,1.0,2015.0,1.0,1.0,Poselenie Vnukovskoe,6779496
37,19.0,4.0,14.0,1973.0,1.0,9.0,Horoshevo-Mnevniki,7200000
51,30.0,9.0,17.0,1997.0,2.0,8.0,Mitino,8300000
38,19.0,6.0,14.0,1969.0,1.0,9.0,Chertanovo Severnoe,6970000
94,61.0,4.0,12.0,2001.0,4.0,10.0,Juzhnoe Butovo,12400000
71,62.0,18.0,25.0,2013.0,2.0,1.0,Nekrasovka,6611520
74,45.0,5.0,12.0,1971.0,3.0,10.0,Severnoe Izmajlovo,12850000
36,21.0,4.0,9.0,1974.0,1.0,6.0,Birjulevo Vostochnoe,4700000
28,28.0,6.0,10.0,2014.0,1.0,6.0,Ramenki,7000000
64,60.0,7.0,17.0,2013.0,2.0,1.0,Nekrasovka,5959680
54,35.0,4.0,5.0,1960.0,3.0,6.0,Timirjazevskoe,9500000
95,,12.0,0.0,,3.0,0.0,Ramenki,17262000
35,19.0,3.0,12.0,1965.0,1.0,9.0,Tekstil'shhiki,6300000
38,20.0,8.0,17.0,2015.0,1.0,8.0,Poselenie Desjonovskoe,3813607
52,30.0,11.0,14.0,1986.0,2.0,8.0,Brateevo,7500000
59,44.0,6.0,9.0,1969.0,3.0,6.0,Vyhino-Zhulebino,7100000
41,22.0,11.0,,,,,Mitino,4100000
52,51.0,12.0,15.0,2015.0,2.0,1.0,Poselenie Desjonovskoe,4412844
67,46.0,4.0,5.0,1960.0,3.0,8.0,Vostochnoe Izmajlovo,9000000
38,19.0,11.0,17.0,2010.0,1.0,7.0,Juzhnoe Medvedkovo,7250000
46,30.0,8.0,9.0,1971.0,2.0,6.0,Meshhanskoe,9500000
48,31.0,7.0,14.0,1972.0,2.0,8.0,Jaroslavskoe,7100000
59,42.0,9.0,,,,,Vostochnoe Degunino,6200000
65,40.0,8.0,9.0,1976.0,3.0,8.0,Rostokino,12400000
36,18.0,12.0,24.0,2017.0,1.0,8.0,Nagatinskij Zaton,6272045
38,21.0,12.0,,,,,Solncevo,5250000
44,28.0,7.0,9.0,1979.0,2.0,5.0,Solncevo,6350000
35,20.0,4.0,12.0,1967.0,1.0,9.0,Zjuzino,2000000
51,30.0,14.0,15.0,2002.0,2.0,9.0,Solncevo,8800000
41,20.0,5.0,12.0,1980.0,1.0,8.0,Lefortovo,6500000
36,21.0,2.0,,,,,Preobrazhenskoe,5750000
40,26.0,4.0,5.0,1959.0,2.0,5.0,Lefortovo,7660000
38,38.0,8.0,17.0,1989.0,1.0,8.0,Filevskij Park,9100000
83,55.0,3.0,8.0,1958.0,3.0,8.0,Lomonosovskoe,23000000
45,29.0,5.0,5.0,1959.0,2.0,5.0,Pokrovskoe Streshnevo,6800000
28,17.0,4.0,9.0,1972.0,1.0,5.0,Akademicheskoe,1200000
37,,14.0,15.0,2015.0,1.0,1.0,Tverskoe,4008916
60,36.0,3.0,9.0,1979.0,3.0,8.0,Lianozovo,11150000
43,26.0,5.0,5.0,1963.0,2.0,5.0,Ljublino,6200000
44,29.0,3.0,9.0,1974.0,2.0,6.0,Fili Davydkovo,7250000
41,41.0,20.0,25.0,0.0,1.0,10.0,Poselenie Moskovskij,4489670
38,20.0,11.0,16.0,1976.0,1.0,8.0,Mozhajskoe,6400000
42,28.0,1.0,5.0,1967.0,2.0,5.0,Golovinskoe,3000000
38,22.0,2.0,12.0,1968.0,2.0,6.0,Gol'janovo,5900000
53,30.0,12.0,14.0,1985.0,2.0,8.0,Brateevo,2000000
47,21.0,1.0,5.0,1960.0,1.0,8.0,Danilovskoe,6700000
52,52.0,9.0,17.0,0.0,2.0,0.0,Poselenie Vnukovskoe,6879317
77,45.0,17.0,17.0,2011.0,3.0,9.0,Nekrasovka,7082400
34,19.0,9.0,,,,,Pechatniki,5200000
71,39.0,3.0,18.0,2012.0,2.0,13.0,Akademicheskoe,2000000
165,165.0,3.0,0.0,2013.0,4.0,0.0,Obruchevskoe,20751018
65,61.0,14.0,17.0,2016.0,2.0,10.0,Presnenskoe,11435416
51,30.0,2.0,12.0,1978.0,2.0,10.0,Zjablikovo,8000000
60,60.0,3.0,17.0,2016.0,2.0,10.0,Poselenie Voskresenskoe,6247800
54,36.0,2.0,5.0,1961.0,3.0,5.0,Kotlovka,2000000
61,32.0,15.0,22.0,2004.0,2.0,8.0,Altuf'evskoe,2000000
31,17.0,2.0,5.0,1985.0,1.0,5.0,Mitino,5200000
120,120.0,10.0,1.0,2014.0,3.0,1.0,Izmajlovo,24036000
42,25.0,6.0,9.0,1963.0,2.0,6.0,Shhukino,7800000
50,29.0,2.0,5.0,1962.0,2.0,8.0,Horoshevskoe,8700000
27,26.0,9.0,9.0,2014.0,1.0,0.0,Poselenie Filimonkovskoe,2305805
48,31.0,10.0,12.0,1968.0,2.0,8.0,Severnoe Izmajlovo,6700000
41,26.0,1.0,5.0,1963.0,2.0,5.0,Ostankinskoe,1000000
58,33.0,14.0,22.0,1992.0,2.0,10.0,Severnoe Butovo,1000000
44,30.0,3.0,5.0,1962.0,2.0,5.0,Bogorodskoe,6000000
30,18.0,1.0,5.0,1965.0,1.0,5.0,Fili Davydkovo,4700000
41,41.0,2.0,17.0,2012.0,1.0,10.0,Poselenie Vnukovskoe,2700000
58,43.0,3.0,9.0,1969.0,3.0,5.0,Vyhino-Zhulebino,6800000
36,20.0,9.0,9.0,1978.0,1.0,6.0,Juzhnoe Tushino,5600000
59,34.0,15.0,18.0,1998.0,2.0,10.0,Mar'ino,8500000
40,40.0,11.0,11.0,2014.0,1.0,40.0,Poselenie Shherbinka,4076674
46,,2.0,,,,,Poselenie Voskresenskoe,4388000
57,33.0,2.0,,,,,Ljublino,7700000
80,54.0,2.0,5.0,1953.0,3.0,8.0,Ajeroport,14600000
38,38.0,10.0,17.0,2016.0,1.0,10.0,Poselenie Desjonovskoe,3813607
81,46.0,14.0,14.0,1996.0,3.0,8.0,Krjukovo,9000000
111,66.0,3.0,6.0,1914.0,5.0,11.0,Presnenskoe,26000000
59,,6.0,1.0,1.0,2.0,1.0,Krjukovo,6018950
76,45.0,4.0,17.0,1989.0,3.0,10.0,Chertanovo Severnoe,10000000
52,31.0,9.0,16.0,1973.0,2.0,10.0,Mozhajskoe,3000000
85,54.0,8.0,17.0,2012.0,3.0,10.0,Dmitrovskoe,2000000
50,28.0,4.0,16.0,1976.0,2.0,11.0,Birjulevo Vostochnoe,1000000
30,18.0,1.0,5.0,1965.0,1.0,5.0,Birjulevo Zapadnoe,4300000
30,17.0,2.0,5.0,1965.0,1.0,5.0,Rjazanskij,5000000
40,40.0,12.0,12.0,2014.0,1.0,1.0,Poselenie Voskresenskoe,5076000
59,1.0,1.0,1.0,1.0,1.0,1.0,Nagornoe,11495527
79,45.0,13.0,14.0,2005.0,3.0,12.0,Kosino-Uhtomskoe,10680000
41,22.0,13.0,14.0,1978.0,2.0,6.0,Mozhajskoe,7000000
81,42.0,17.0,17.0,2006.0,3.0,13.0,Poselenie Shherbinka,8300000
46,27.0,3.0,9.0,1972.0,2.0,5.0,Ivanovskoe,1000000
29,18.0,1.0,9.0,1965.0,1.0,5.0,Gol'janovo,4700000
39,21.0,6.0,12.0,1975.0,1.0,8.0,Chertanovo Juzhnoe,6200000
32,20.0,4.0,5.0,1964.0,1.0,5.0,Kuz'minki,5100000
42,42.0,1.0,1.0,2017.0,1.0,1.0,Poselenie Vnukovskoe,4766351
43,30.0,4.0,5.0,1974.0,2.0,5.0,Poselenie Kokoshkino,4200000
58,38.0,9.0,9.0,1975.0,3.0,6.0,Otradnoe,3650000
41,25.0,2.0,5.0,1961.0,2.0,5.0,Perovo,6200000
67,47.0,1.0,4.0,1950.0,3.0,8.0,Izmajlovo,5500000
81,40.0,11.0,24.0,2013.0,2.0,16.0,Horoshevo-Mnevniki,1000000
81,81.0,1.0,17.0,2014.0,3.0,10.0,Poselenie Desjonovskoe,7027288
82,48.0,5.0,14.0,1995.0,3.0,8.0,Krjukovo,9040000
32,18.0,1.0,5.0,1959.0,1.0,6.0,Juzhnoportovoe,6100000
83,54.0,9.0,9.0,1958.0,3.0,9.0,Sokol,17500000
32,19.0,1.0,,,,,Mozhajskoe,4800000
42,19.0,5.0,10.0,2008.0,1.0,8.0,Juzhnoe Butovo,5000000
43,,5.0,22.0,2015.0,1.0,1.0,Poselenie Vnukovskoe,5942884
39,23.0,11.0,12.0,1970.0,2.0,6.0,Nizhegorodskoe,6600000
57,38.0,7.0,9.0,1970.0,3.0,5.0,Chertanovo Severnoe,8400000
42,20.0,12.0,14.0,1.0,1.0,8.0,Severnoe Butovo,6380000
57,,9.0,,,,,Poselenie Sosenskoe,4442900
84,50.0,5.0,17.0,2008.0,3.0,12.0,Poselenie Moskovskij,4416640
57,39.0,6.0,9.0,1973.0,3.0,6.0,Ivanovskoe,7950000
39,39.0,10.0,,,,,Novogireevo,2080000
40,20.0,6.0,12.0,2001.0,1.0,8.0,Juzhnoe Butovo,6400000
65,32.0,1.0,11.0,1957.0,2.0,6.0,Sokolinaja Gora,9900000
50,,5.0,16.0,2015.0,1.0,1.0,Poselenie Moskovskij,6370777
73,73.0,6.0,6.0,0.0,2.0,1.0,Poselenie Moskovskij,8862309
38,18.0,3.0,10.0,2013.0,1.0,8.0,Poselenie Moskovskij,3878702
47,30.0,5.0,8.0,1965.0,2.0,7.0,Butyrskoe,8250000
49,29.0,4.0,5.0,1953.0,2.0,7.0,Basmannoe,11800000
75,43.0,12.0,17.0,1993.0,3.0,10.0,Krjukovo,8050000
73,52.0,1.0,5.0,1960.0,3.0,8.0,Ajeroport,11500000
51,51.0,3.0,1.0,0.0,2.0,0.0,Poselenie Novofedorovskoe,2543300
61,58.0,10.0,12.0,2014.0,2.0,12.0,Nekrasovka,5944257
31,18.0,3.0,5.0,1966.0,1.0,6.0,Sviblovo,5700000
26,26.0,18.0,22.0,2016.0,1.0,1.0,Poselenie Shherbinka,3067584
41,20.0,9.0,12.0,1978.0,1.0,8.0,Chertanovo Juzhnoe,6600000
91,56.0,6.0,14.0,2010.0,3.0,11.0,Juzhnoportovoe,19250000
58,36.0,9.0,9.0,1970.0,3.0,5.0,Losinoostrovskoe,8500000
48,31.0,7.0,12.0,1972.0,2.0,7.0,Teplyj Stan,8950000
40,25.0,1.0,5.0,1960.0,2.0,5.0,Koptevo,6300000
56,38.0,3.0,5.0,1961.0,3.0,6.0,Kuz'minki,7350000
50,21.0,11.0,17.0,2003.0,2.0,13.0,Kurkino,9800000
41,18.0,7.0,9.0,2015.0,1.0,1.0,Poselenie Voskresenskoe,4651200
46,29.0,4.0,9.0,1972.0,2.0,5.0,Horoshevo-Mnevniki,7650000
37,22.0,6.0,9.0,1964.0,2.0,7.0,Sviblovo,6500000
59,43.0,8.0,9.0,1966.0,3.0,5.0,Juzhnoportovoe,10000000
54,32.0,4.0,5.0,1958.0,2.0,8.0,Zjuzino,9400000
68,35.0,5.0,17.0,2008.0,2.0,10.0,Izmajlovo,2800000
64,64.0,13.0,17.0,2016.0,2.0,10.0,Mitino,9782774
54,32.0,5.0,17.0,2013.0,2.0,8.0,Nekrasovka,5424300
57,29.0,13.0,22.0,2012.0,2.0,9.0,Zjuzino,2000000
62,,19.0,20.0,2015.0,2.0,1.0,Poselenie Vnukovskoe,6965462
45,28.0,3.0,9.0,1967.0,2.0,6.0,Savelki,5350000
45,30.0,2.0,5.0,1964.0,2.0,5.0,Tekstil'shhiki,6100000
40,18.0,12.0,14.0,1970.0,1.0,8.0,Marfino,6000000
51,31.0,15.0,,,,,Mar'ino,1850000
84,84.0,2.0,22.0,2014.0,3.0,0.0,Poselenie Vnukovskoe,9252450
45,29.0,6.0,9.0,1968.0,2.0,6.0,Vyhino-Zhulebino,6100000
84,50.0,7.0,14.0,1996.0,3.0,8.0,Mar'ino,11500000
65,39.0,10.0,12.0,1982.0,3.0,7.0,Bibirevo,3000000
55,55.0,1.0,1.0,2013.0,1.0,10.0,Troickij okrug,2358750
39,23.0,6.0,12.0,1968.0,2.0,6.0,Perovo,6700000
39,,10.0,1.0,2013.0,1.0,1.0,Tverskoe,4138020
39,39.0,10.0,25.0,2014.0,1.0,1.0,Nekrasovka,4582000
36,20.0,9.0,12.0,1968.0,1.0,9.0,Perovo,5600000
116,116.0,11.0,12.0,2014.0,3.0,0.0,Poselenie Sosenskoe,8989990
44,28.0,3.0,5.0,1960.0,2.0,5.0,Fili Davydkovo,8800000
31,19.0,3.0,5.0,1964.0,1.0,5.0,Zjuzino,6400000
125,65.0,4.0,17.0,2001.0,3.0,16.0,Sokol'niki,48692000
39,19.0,7.0,17.0,1989.0,1.0,8.0,Krjukovo,4250000
58,,2.0,17.0,2014.0,2.0,1.0,Nekrasovka,6468000
33,17.0,1.0,12.0,1971.0,1.0,10.0,Severnoe Izmajlovo,4900000
42,42.0,14.0,,,,,Poselenie Sosenskoe,3371310
47,30.0,7.0,8.0,1961.0,2.0,7.0,Hamovniki,2000000
54,31.0,7.0,10.0,1995.0,2.0,9.0,Mar'ino,9100000
31,21.0,6.0,9.0,1965.0,1.0,5.0,Juzhnoe Tushino,5400000
34,32.0,3.0,3.0,2013.0,1.0,1.0,Poselenie Filimonkovskoe,2430775
46,27.0,3.0,9.0,1976.0,2.0,6.0,Birjulevo Zapadnoe,5900000
55,37.0,2.0,8.0,1962.0,3.0,5.0,Danilovskoe,5000000
61,36.0,8.0,16.0,1973.0,2.0,6.0,Basmannoe,13300000
69,69.0,17.0,25.0,2012.0,3.0,19.0,Babushkinskoe,13830094
44,27.0,2.0,9.0,1971.0,2.0,6.0,Pokrovskoe Streshnevo,8100000
92,91.0,6.0,,,,,Mitino,13126042
59,,6.0,17.0,0.0,1.0,1.0,Ramenki,10183000
77,53.0,3.0,4.0,1957.0,3.0,7.0,Basmannoe,17500000
51,34.0,1.0,9.0,1968.0,3.0,6.0,Koptevo,7000000
72,,2.0,19.0,,2.0,0.0,Poselenie Moskovskij,8607536
65,30.0,1.0,17.0,2013.0,2.0,8.0,Poselenie Voskresenskoe,5252520
44,28.0,2.0,,,,,Sviblovo,6500000
42,26.0,2.0,5.0,1962.0,2.0,5.0,Kuz'minki,6550000
40,19.0,12.0,14.0,1972.0,1.0,8.0,Tekstil'shhiki,6230000
35,19.0,15.0,16.0,1983.0,1.0,9.0,Donskoe,7500000
51,30.0,7.0,17.0,1990.0,2.0,8.0,Krjukovo,6500000
38,38.0,5.0,9.0,1972.0,2.0,6.0,Nizhegorodskoe,6400000
36,36.0,19.0,19.0,2014.0,1.0,36.0,Poselenie Sosenskoe,4466007
37,17.0,5.0,14.0,1974.0,1.0,7.0,Losinoostrovskoe,6800000
38,38.0,17.0,17.0,0.0,1.0,1.0,Poselenie Vnukovskoe,5810797
67,67.0,12.0,,,,,Severnoe Tushino,11147240
51,,6.0,,,,,Nekrasovka,5591613
49,20.0,4.0,12.0,2002.0,1.0,16.0,Sokolinaja Gora,2000000
67,47.0,5.0,9.0,1972.0,3.0,6.0,Ivanovskoe,7000000
62,36.0,8.0,9.0,1980.0,3.0,7.0,Severnoe Butovo,1000000
46,30.0,12.0,12.0,1973.0,2.0,6.0,Birjulevo Zapadnoe,5700000
44,28.0,3.0,5.0,1967.0,2.0,5.0,Ivanovskoe,3600000
57,36.0,1.0,5.0,1966.0,3.0,5.0,Bogorodskoe,1000000
32,21.0,3.0,9.0,1966.0,1.0,5.0,Babushkinskoe,5630000
44,28.0,2.0,9.0,1967.0,2.0,6.0,Vostochnoe Izmajlovo,6400000
52,46.0,7.0,9.0,2015.0,1.0,1.0,Poselenie Pervomajskoe,3611262
39,23.0,3.0,12.0,1971.0,2.0,6.0,Solncevo,5400000
46,30.0,1.0,12.0,1966.0,2.0,8.0,Zamoskvorech'e,10600000
50,34.0,7.0,9.0,1967.0,3.0,5.0,Kuz'minki,5400000
39,17.0,15.0,15.0,2008.0,1.0,8.0,Juzhnoe Butovo,5600000
39,23.0,4.0,12.0,1969.0,2.0,6.0,Dmitrovskoe,1000000
45,28.0,5.0,9.0,1969.0,2.0,6.0,Kuncevo,2000000
38,19.0,2.0,22.0,1998.0,1.0,10.0,Mar'ina Roshha,7500000
56,36.0,6.0,8.0,1961.0,2.0,8.0,Tekstil'shhiki,2000000
31,17.0,5.0,5.0,1959.0,1.0,6.0,Severnoe Izmajlovo,4800000
32,18.0,5.0,9.0,1968.0,1.0,6.0,Rostokino,5200000
43,26.0,4.0,5.0,1961.0,2.0,6.0,Preobrazhenskoe,2000000
38,20.0,12.0,24.0,2009.0,1.0,10.0,Mozhajskoe,6750000
38,18.0,4.0,17.0,2013.0,1.0,8.0,Poselenie Moskovskij,3286557
117,74.0,6.0,8.0,1960.0,5.0,21.0,Hamovniki,37000000
39,19.0,7.0,10.0,1995.0,1.0,8.0,Mar'ino,6650000
46,29.0,8.0,9.0,1969.0,2.0,5.0,Sviblovo,7500000
43,28.0,4.0,5.0,1964.0,2.0,5.0,Akademicheskoe,1100000
63,,4.0,17.0,2015.0,2.0,10.0,Poselenie Vnukovskoe,7112808
76,52.0,2.0,8.0,1958.0,3.0,8.0,Sokolinaja Gora,12000000
38,19.0,2.0,16.0,1995.0,1.0,9.0,Dmitrovskoe,5850000
39,37.0,3.0,4.0,2013.0,1.0,1.0,Poselenie Filimonkovskoe,2623727
44,30.0,1.0,5.0,1961.0,2.0,5.0,Severnoe Izmajlovo,3000000
31,21.0,6.0,,,,,Novogireevo,4950000
79,45.0,15.0,22.0,1987.0,3.0,10.0,Akademicheskoe,14750000
72,72.0,23.0,23.0,2015.0,2.0,0.0,Ramenki,10814500
70,39.0,6.0,9.0,1979.0,3.0,7.0,Hamovniki,21400000
37,19.0,2.0,16.0,1982.0,1.0,8.0,Bibirevo,6000000
37,23.0,9.0,12.0,1973.0,2.0,6.0,Nizhegorodskoe,2000000
59,,4.0,0.0,,2.0,0.0,Poselenie Shherbinka,5188083
64,46.0,9.0,9.0,1977.0,4.0,6.0,Jasenevo,8500000
37,19.0,11.0,16.0,1981.0,1.0,9.0,Jaroslavskoe,5400000
85,,5.0,25.0,2016.0,3.0,1.0,Mitino,11315970
63,1.0,5.0,17.0,2015.0,2.0,1.0,Poselenie Vnukovskoe,8083313
62,37.0,6.0,9.0,1974.0,3.0,8.0,Severnoe Tushino,9890000
76,46.0,2.0,12.0,2009.0,3.0,8.0,Juzhnoe Butovo,2000000
58,40.0,2.0,5.0,1959.0,3.0,5.0,Ajeroport,9850000
99,73.0,22.0,24.0,2016.0,1.0,16.0,Hovrino,14000001
34,19.0,1.0,12.0,1972.0,1.0,9.0,Vnukovo,4100000
38,19.0,9.0,17.0,2001.0,1.0,7.0,Hovrino,6400000
40,40.0,8.0,,,,,Poselenie Sosenskoe,3979800
32,21.0,7.0,9.0,1965.0,1.0,5.0,Caricyno,5500000
78,46.0,17.0,17.0,2000.0,3.0,10.0,Kon'kovo,17000000
66,44.0,12.0,12.0,1972.0,3.0,7.0,Kon'kovo,10900000
54,32.0,7.0,17.0,2011.0,2.0,8.0,Nekrasovka,6134400
47,18.0,8.0,14.0,2014.0,1.0,1.0,Poselenie Voskresenskoe,5000550
57,33.0,18.0,22.0,1992.0,2.0,10.0,Severnoe Butovo,8000000
32,16.0,1.0,,,,,Gagarinskoe,6150000
47,18.0,6.0,0.0,2015.0,1.0,0.0,Poselenie Voskresenskoe,5000550
44,27.0,5.0,9.0,1977.0,2.0,6.0,Zjablikovo,8200000
53,30.0,10.0,12.0,1981.0,2.0,8.0,Bibirevo,8400000
1,60.0,17.0,17.0,2014.0,2.0,1.0,Nekrasovka,5983900
64,,11.0,11.0,2014.0,2.0,1.0,Nekrasovka,6528000
85,1.0,14.0,25.0,2016.0,3.0,1.0,Mitino,10996276
37,18.0,2.0,0.0,1979.0,1.0,0.0,Bibirevo,6000000
41,,17.0,0.0,,1.0,0.0,Chertanovo Juzhnoe,8296203
52,29.0,5.0,23.0,1987.0,2.0,8.0,Nagatinskij Zaton,9150000
39,19.0,6.0,17.0,1999.0,1.0,8.0,Zjuzino,6800000
42,28.0,2.0,9.0,1967.0,2.0,5.0,Pokrovskoe Streshnevo,8400000
59,1.0,10.0,1.0,1.0,2.0,1.0,Krjukovo,6757400
45,30.0,2.0,5.0,1963.0,2.0,5.0,Horoshevo-Mnevniki,7150000
98,62.0,11.0,,,,,Bibirevo,13700000
37,19.0,15.0,16.0,1985.0,1.0,6.0,Beskudnikovskoe,4500000
75,75.0,4.0,12.0,2014.0,1.0,0.0,Hovrino,10257410
38,18.0,8.0,17.0,1998.0,1.0,8.0,Koptevo,7000000
31,18.0,1.0,1.0,2002.0,1.0,0.0,Troickij okrug,500000
36,14.0,6.0,17.0,2006.0,1.0,9.0,Kuncevo,2000000
37,19.0,1.0,16.0,1983.0,1.0,9.0,Solncevo,1000000
30,19.0,5.0,9.0,1971.0,1.0,5.0,Mozhajskoe,5350000
45,22.0,1.0,8.0,1958.0,1.0,8.0,Danilovskoe,7000000
77,46.0,7.0,16.0,1977.0,3.0,10.0,Akademicheskoe,15500000
37,19.0,14.0,17.0,2004.0,1.0,7.0,Perovo,6600000
31,18.0,1.0,5.0,1961.0,1.0,6.0,Caricyno,4900000
37,18.0,1.0,14.0,1976.0,1.0,8.0,Bogorodskoe,5600000
68,44.0,12.0,14.0,1974.0,3.0,9.0,Ivanovskoe,9800000
35,17.0,9.0,12.0,1970.0,1.0,9.0,Horoshevskoe,7400000
86,53.0,1.0,5.0,1955.0,3.0,8.0,Moskvorech'e-Saburovo,9300000
56,37.0,3.0,5.0,1963.0,3.0,5.0,Horoshevo-Mnevniki,9400000
45,29.0,2.0,9.0,1973.0,2.0,6.0,Teplyj Stan,7100000
54,31.0,1.0,14.0,1970.0,2.0,8.0,Rostokino,4000000
45,28.0,2.0,5.0,1964.0,2.0,6.0,Lefortovo,7000000
78,50.0,12.0,19.0,2016.0,3.0,10.0,Nagatinskij Zaton,14049977
64,41.0,9.0,12.0,1981.0,3.0,6.0,Ljublino,9450000
37,19.0,1.0,17.0,1993.0,1.0,8.0,Mitino,5950000
60,58.0,4.0,17.0,1994.0,2.0,10.0,Strogino,11800000
44,28.0,8.0,8.0,1963.0,2.0,5.0,Sokol,8000000
45,27.0,3.0,9.0,1970.0,2.0,6.0,Troparevo-Nikulino,6000000
50,30.0,4.0,17.0,1996.0,2.0,8.0,Brateevo,6800000
75,45.0,24.0,24.0,2009.0,3.0,9.0,Cheremushki,22400000
37,37.0,7.0,,,,,Nekrasovka,3754870
67,46.0,15.0,16.0,1993.0,3.0,7.0,Ochakovo-Matveevskoe,10300000
39,29.0,4.0,12.0,1965.0,2.0,0.0,Kuncevo,7650000
37,0.0,9.0,0.0,2016.0,1.0,0.0,Poselenie Shherbinka,3166838
32,19.0,2.0,,,,,Bibirevo,4500000
37,17.0,16.0,24.0,1987.0,1.0,8.0,Prospekt Vernadskogo,9100000
52,9.0,13.0,14.0,2002.0,2.0,9.0,Hovrino,10150000
54,37.0,8.0,9.0,1969.0,3.0,6.0,Novogireevo,9100000
54,32.0,16.0,,,,,Jasenevo,2000000
73,51.0,3.0,5.0,1958.0,3.0,8.0,Akademicheskoe,16250000
38,19.0,7.0,16.0,2003.0,1.0,10.0,Juzhnoe Butovo,5200000
42,18.0,3.0,3.0,2012.0,1.0,1.0,Troickij okrug,2408000
59,43.0,6.0,9.0,1977.0,3.0,6.0,Jasenevo,8400000
74,,15.0,,,,,Poselenie Vnukovskoe,5657230
51,31.0,11.0,12.0,1976.0,2.0,9.0,Orehovo-Borisovo Juzhnoe,8500000
38,,14.0,20.0,2016.0,1.0,10.0,Sviblovo,7974500
78,,14.0,17.0,2014.0,3.0,1.0,Poselenie Kievskij,15190446
38,23.0,11.0,12.0,1968.0,2.0,6.0,Severnoe Medvedkovo,6500000
44,27.0,5.0,9.0,1974.0,2.0,5.0,Staroe Krjukovo,5800000
44,29.0,5.0,5.0,1962.0,2.0,8.0,Fili Davydkovo,8000000
40,20.0,5.0,12.0,1996.0,1.0,8.0,Krjukovo,2000000
38,19.0,2.0,12.0,2005.0,1.0,7.0,Kosino-Uhtomskoe,5300000
43,27.0,5.0,9.0,1976.0,2.0,5.0,Zjablikovo,7000000
79,53.0,4.0,8.0,1958.0,3.0,8.0,Hamovniki,17900000
48,,13.0,,,,,Poselenie Sosenskoe,4437750
35,19.0,14.0,16.0,1981.0,1.0,10.0,Chertanovo Juzhnoe,6200000
45,29.0,3.0,9.0,1980.0,2.0,5.0,Horoshevo-Mnevniki,7500000
62,,21.0,1.0,2014.0,2.0,1.0,Tverskoe,9818563
63,60.0,6.0,17.0,2015.0,2.0,10.0,Nekrasovka,5903808
37,19.0,13.0,16.0,1981.0,1.0,8.0,Nagatino-Sadovniki,7150000
60,44.0,8.0,9.0,1972.0,3.0,5.0,Chertanovo Central'noe,9000000
45,29.0,3.0,12.0,1967.0,2.0,5.0,Severnoe Medvedkovo,1300000
17,13.0,4.0,,,,,Severnoe Izmajlovo,3670000
79,44.0,4.0,14.0,2004.0,3.0,12.0,Juzhnoe Medvedkovo,13500000
50,23.0,2.0,2.0,2017.0,1.0,12.0,Poselenie Moskovskij,5463217
62,45.0,12.0,12.0,1977.0,3.0,6.0,Brateevo,7550000
59,59.0,13.0,17.0,2014.0,2.0,11.0,Nagornoe,10165777
49,49.0,3.0,3.0,2017.0,2.0,1.0,Poselenie Novofedorovskoe,2916960
32,18.0,7.0,9.0,1974.0,1.0,6.0,Staroe Krjukovo,4410000
46,30.0,10.0,12.0,1980.0,2.0,6.0,Strogino,9000000
46,29.0,9.0,12.0,1971.0,2.0,6.0,Sokolinaja Gora,8820000
38,20.0,15.0,18.0,1982.0,1.0,10.0,Lomonosovskoe,8650000
60,,7.0,1.0,1.0,2.0,1.0,Poselenie Sosenskoe,7141134
38,23.0,12.0,12.0,1968.0,2.0,6.0,Perovo,7000000
46,1.0,11.0,25.0,2015.0,1.0,1.0,Nekrasovka,4740002
42,15.0,8.0,,,,,Moskvorech'e-Saburovo,2000000
43,43.0,11.0,17.0,2016.0,1.0,1.0,Poselenie Sosenskoe,3900000
56,29.0,10.0,16.0,2002.0,2.0,8.0,Kosino-Uhtomskoe,6800000
103,67.0,1.0,16.0,1998.0,4.0,12.0,Vojkovskoe,990000
116,73.0,4.0,9.0,1957.0,4.0,10.0,Juzhnoportovoe,16500000
80,45.0,6.0,17.0,2006.0,3.0,12.0,Beskudnikovskoe,13200000
37,37.0,7.0,17.0,1990.0,1.0,19.0,Krjukovo,4700000
52,30.0,12.0,14.0,1992.0,2.0,8.0,Mar'ino,8500000
33,17.0,8.0,12.0,1967.0,1.0,9.0,Gol'janovo,5400000
79,,17.0,25.0,2014.0,2.0,10.0,Strogino,15460500
82,,9.0,12.0,2017.0,3.0,11.0,Nagatinskij Zaton,12543306
71,30.0,17.0,17.0,2006.0,2.0,12.0,Pechatniki,12200000
37,37.0,15.0,19.0,2014.0,1.0,1.0,Poselenie Shherbinka,3143091
42,27.0,4.0,5.0,1966.0,2.0,5.0,Poselenie Pervomajskoe,4050000
29,18.0,1.0,8.0,1964.0,1.0,5.0,Danilovskoe,1000000
25,,1.0,3.0,2015.0,1.0,1.0,Poselenie Filimonkovskoe,1937328
37,18.0,1.0,15.0,1969.0,1.0,9.0,Ramenki,1000000
38,18.0,8.0,17.0,2001.0,1.0,7.0,Vostochnoe Degunino,7050000
53,32.0,16.0,17.0,1984.0,2.0,9.0,Zjablikovo,6400000
37,19.0,14.0,17.0,1993.0,1.0,8.0,Mitino,6750000
58,42.0,2.0,9.0,1972.0,3.0,5.0,Akademicheskoe,8800000
58,29.0,4.0,12.0,1981.0,2.0,8.0,Filevskij Park,10550000
46,28.0,1.0,9.0,1968.0,2.0,5.0,Severnoe Medvedkovo,2000000
37,22.0,12.0,16.0,1972.0,1.0,7.0,Birjulevo Vostochnoe,5300000
63,33.0,3.0,17.0,2006.0,2.0,12.0,Beskudnikovskoe,11250000
64,1.0,10.0,10.0,2014.0,2.0,1.0,Tekstil'shhiki,6528000
76,45.0,17.0,17.0,1985.0,3.0,10.0,Krylatskoe,2000000
53,30.0,5.0,14.0,1985.0,2.0,8.0,Strogino,10000000
50,25.0,5.0,5.0,1952.0,2.0,7.0,Mozhajskoe,6900000
42,25.0,6.0,9.0,1975.0,3.0,5.0,Staroe Krjukovo,5650000
38,18.0,8.0,17.0,2013.0,1.0,7.0,Nekrasovka,4092000
41,20.0,5.0,14.0,1991.0,1.0,8.0,Severnoe Butovo,6250000
47,30.0,7.0,9.0,1972.0,2.0,6.0,Novogireevo,7900000
38,20.0,7.0,12.0,1985.0,1.0,8.0,Juzhnoe Tushino,6700000
29,16.0,4.0,5.0,1965.0,1.0,5.0,Juzhnoe Tushino,5400000
43,26.0,7.0,9.0,1970.0,2.0,6.0,Chertanovo Central'noe,4300000
39,23.0,10.0,12.0,1965.0,2.0,6.0,Koptevo,6800000
64,45.0,2.0,12.0,1978.0,3.0,6.0,Zapadnoe Degunino,8700000
45,29.0,2.0,9.0,1971.0,2.0,6.0,Kon'kovo,7400000
31,18.0,3.0,5.0,1959.0,1.0,5.0,Vojkovskoe,6500000
49,34.0,8.0,,,,,Jaroslavskoe,7200000
45,28.0,3.0,14.0,1973.0,2.0,5.0,Pechatniki,2000000
77,45.0,10.0,,,,,Juzhnoe Butovo,9800000
44,27.0,5.0,9.0,1970.0,2.0,6.0,Kuncevo,9390000
41,18.0,1.0,5.0,1967.0,2.0,16.0,Troickij okrug,4150000
83,53.0,4.0,9.0,1955.0,3.0,8.0,Vojkovskoe,18500000
32,18.0,7.0,9.0,1968.0,1.0,6.0,Severnoe Medvedkovo,5500000
46,30.0,8.0,12.0,1979.0,2.0,6.0,Strogino,8700000
56,40.0,1.0,9.0,1968.0,3.0,4.0,Tekstil'shhiki,7300000
40,25.0,1.0,5.0,1961.0,2.0,5.0,Pokrovskoe Streshnevo,6700000
37,37.0,4.0,19.0,2015.0,1.0,10.0,Poselenie Shherbinka,3181695
38,38.0,3.0,3.0,2015.0,1.0,1.0,Poselenie Vnukovskoe,5653213
79,47.0,2.0,14.0,1989.0,3.0,8.0,Krjukovo,8250000
36,25.0,7.0,8.0,1958.0,2.0,4.0,Lomonosovskoe,8400000
30,17.0,6.0,9.0,1967.0,1.0,6.0,Kuz'minki,5150000
40,23.0,2.0,12.0,1973.0,2.0,6.0,Ivanovskoe,6700000
78,74.0,3.0,25.0,2015.0,3.0,1.0,Nekrasovka,7419500
38,19.0,5.0,16.0,1982.0,1.0,8.0,Chertanovo Central'noe,6770000
57,42.0,1.0,9.0,1965.0,3.0,5.0,Lomonosovskoe,7250000
39,19.0,16.0,17.0,1997.0,1.0,8.0,Filevskij Park,7300000
27,26.0,4.0,4.0,2015.0,1.0,0.0,Poselenie Filimonkovskoe,2143234
44,29.0,4.0,9.0,1968.0,2.0,6.0,Chertanovo Severnoe,7500000
42,27.0,2.0,5.0,1963.0,2.0,5.0,Ljublino,5700000
37,19.0,7.0,16.0,1981.0,1.0,8.0,Kotlovka,7450000
51,30.0,16.0,17.0,2008.0,2.0,9.0,Poselenie Moskovskij,4200000
53,30.0,4.0,12.0,1979.0,2.0,8.0,Vostochnoe Degunino,2000000
53,27.0,2.0,5.0,1989.0,2.0,8.0,Troickij okrug,5600000
38,22.0,5.0,9.0,1965.0,2.0,7.0,Nagatino-Sadovniki,6600000
114,70.0,1.0,3.0,1995.0,4.0,12.0,Mar'ino,16300000
32,18.0,9.0,9.0,1974.0,1.0,6.0,Bibirevo,5400000
33,14.0,7.0,8.0,1999.0,1.0,10.0,Juzhnoe Butovo,5700000
73,42.0,4.0,16.0,2001.0,2.0,12.0,Kon'kovo,15700000
40,26.0,8.0,9.0,1972.0,2.0,5.0,Preobrazhenskoe,7400000
41,19.0,11.0,17.0,2016.0,1.0,9.0,Poselenie Moskovskij,4441082
110,110.0,9.0,9.0,2014.0,3.0,1.0,Presnenskoe,30301982
36,20.0,4.0,9.0,1973.0,1.0,5.0,Teplyj Stan,5700000
40,23.0,7.0,14.0,1974.0,2.0,5.0,Vostochnoe Degunino,6425000
40,17.0,3.0,16.0,2011.0,1.0,10.0,Troickij okrug,5000000
52,30.0,2.0,,,,,Novo-Peredelkino,6750000
37,22.0,2.0,9.0,1963.0,2.0,7.0,Levoberezhnoe,6750000
44,30.0,5.0,5.0,1961.0,2.0,5.0,Sokolinaja Gora,7350000
53,28.0,14.0,16.0,1974.0,2.0,11.0,Meshhanskoe,12350000
43,,1.0,,,,,Poselenie Filimonkovskoe,3233235
42,19.0,12.0,14.0,2008.0,1.0,8.0,Juzhnoe Butovo,4800000
58,43.0,1.0,5.0,1962.0,3.0,5.0,Koptevo,7700000
52,,3.0,3.0,2014.0,2.0,1.0,Tverskoe,3886607
64,38.0,8.0,12.0,1982.0,3.0,8.0,Otradnoe,9000000
53,,1.0,0.0,,2.0,0.0,Poselenie Filimonkovskoe,3273870
34,19.0,2.0,12.0,1967.0,1.0,9.0,Mozhajskoe,6400000
53,30.0,9.0,14.0,1987.0,2.0,8.0,Solncevo,5000000
202,115.0,7.0,7.0,2013.0,5.0,12.0,Taganskoe,60000000
76,45.0,7.0,17.0,1985.0,3.0,10.0,Krylatskoe,15000000
45,28.0,9.0,12.0,1973.0,2.0,5.0,Savelovskoe,7400000
67,67.0,2.0,1.0,1.0,2.0,1.0,Tverskoe,7013160
70,39.0,6.0,40.0,2012.0,2.0,4.0,Sokol,8070000
33,19.0,3.0,9.0,1980.0,2.0,6.0,Mar'ino,990000
71,41.0,7.0,14.0,1994.0,3.0,8.0,Caricyno,14250000
94,94.0,24.0,,,,,Nekrasovka,7485975
38,38.0,8.0,17.0,2015.0,1.0,1.0,Solncevo,4082035
63,38.0,6.0,9.0,1975.0,3.0,8.0,Orehovo-Borisovo Severnoe,2000000
22,14.0,2.0,5.0,1967.0,1.0,3.0,Babushkinskoe,4650000
56,41.0,1.0,9.0,1971.0,3.0,5.0,Babushkinskoe,8380000
37,19.0,5.0,16.0,1984.0,1.0,9.0,Sviblovo,6500000
37,19.0,12.0,16.0,1978.0,1.0,8.0,Lianozovo,6500000
44,44.0,3.0,1.0,2016.0,1.0,1.0,Poselenie Sosenskoe,5364937
38,18.0,14.0,14.0,1971.0,1.0,9.0,Ramenki,8100000
34,,5.0,1.0,2014.0,1.0,1.0,Tverskoe,2663984
29,16.0,1.0,8.0,1964.0,1.0,5.0,Severnoe Izmajlovo,5000000
90,38.0,4.0,8.0,2005.0,2.0,17.0,Kurkino,16700000
56,40.0,10.0,24.0,2017.0,2.0,8.0,Nagatinskij Zaton,9037925
82,82.0,8.0,17.0,2015.0,3.0,10.0,Poselenie Sosenskoe,8898120
38,19.0,2.0,17.0,2000.0,1.0,8.0,Beskudnikovskoe,6100000
77,,9.0,,,,,Poselenie Sosenskoe,5867200
24,13.0,7.0,9.0,1972.0,1.0,6.0,Vostochnoe Degunino,5000000
37,19.0,10.0,14.0,1999.0,1.0,7.0,Zjuzino,7350000
51,34.0,3.0,9.0,1971.0,2.0,6.0,Veshnjaki,7025000
36,22.0,4.0,9.0,1966.0,1.0,7.0,Juzhnoe Tushino,6260000
24,14.0,1.0,5.0,1966.0,1.0,3.0,Altuf'evskoe,1000000
112,70.0,5.0,17.0,2009.0,5.0,12.0,Solncevo,2000000
44,28.0,4.0,9.0,1975.0,2.0,5.0,Orehovo-Borisovo Severnoe,7300000
42,22.0,10.0,15.0,1997.0,1.0,8.0,Mitino,6600000
78,,11.0,25.0,,3.0,1.0,Poselenie Moskovskij,7837950
63,45.0,8.0,12.0,1978.0,3.0,6.0,Vostochnoe Degunino,9500000
38,19.0,16.0,16.0,1977.0,1.0,8.0,Bibirevo,6500000
59,44.0,9.0,9.0,1974.0,3.0,6.0,Teplyj Stan,3000000
40,38.0,14.0,17.0,2014.0,1.0,1.0,Nekrasovka,4400000
53,52.0,3.0,12.0,2014.0,2.0,1.0,Poselenie Filimonkovskoe,3987726
39,16.0,1.0,5.0,1994.0,1.0,8.0,Poselenie Voronovskoe,3600000
53,30.0,8.0,14.0,1988.0,2.0,8.0,Novo-Peredelkino,6600000
45,28.0,6.0,9.0,1968.0,2.0,6.0,Severnoe Tushino,7600000
26,14.0,8.0,9.0,1975.0,1.0,5.0,Lefortovo,5600000
52,30.0,7.0,12.0,1984.0,2.0,8.0,Obruchevskoe,2000000
32,17.0,8.0,9.0,1969.0,1.0,7.0,Kon'kovo,6450000
49,29.0,7.0,12.0,1976.0,2.0,9.0,Losinoostrovskoe,1000000
33,33.0,7.0,17.0,2017.0,1.0,10.0,Poselenie Moskovskij,4315294
38,19.0,11.0,17.0,1992.0,1.0,7.0,Vyhino-Zhulebino,5950000
39,23.0,4.0,12.0,1966.0,2.0,6.0,Zjuzino,7200000
32,19.0,3.0,9.0,1967.0,1.0,6.0,Nagatinskij Zaton,7400000
1,1.0,1.0,1.0,1.0,1.0,1.0,Poselenie Vnukovskoe,6256186
57,1.0,24.0,1.0,2014.0,2.0,1.0,Mitino,11091840
17,12.0,2.0,5.0,1968.0,1.0,1.0,Golovinskoe,1000000
74,53.0,10.0,14.0,1992.0,3.0,9.0,Krjukovo,8900000
54,35.0,2.0,9.0,1964.0,3.0,6.0,Hovrino,11100000
38,21.0,2.0,,,,,Rjazanskij,5500000
34,16.0,1.0,9.0,1968.0,1.0,8.0,Hamovniki,7500000
103,61.0,13.0,16.0,2013.0,3.0,12.0,Juzhnoe Tushino,9725000
37,22.0,8.0,9.0,1964.0,2.0,7.0,Juzhnoe Medvedkovo,1200000
105,65.0,22.0,22.0,1997.0,4.0,10.0,Juzhnoe Tushino,14300000
37,19.0,5.0,14.0,2004.0,1.0,7.0,Severnoe Medvedkovo,7600000
73,50.0,3.0,10.0,1957.0,3.0,8.0,Sokol,18500000
37,21.0,7.0,12.0,1991.0,2.0,7.0,Presnenskoe,9950000
53,30.0,10.0,12.0,1984.0,2.0,8.0,Otradnoe,3000000
47,30.0,23.0,25.0,2016.0,1.0,10.0,Filevskij Park,10544070
50,34.0,3.0,9.0,1973.0,3.0,6.0,Teplyj Stan,7800000
56,29.0,10.0,,,,,Bibirevo,8150000
60,33.0,2.0,9.0,2012.0,2.0,11.0,Zjuzino,3000000
31,20.0,7.0,9.0,1966.0,1.0,5.0,Losinoostrovskoe,6250000
131,72.0,18.0,25.0,1998.0,4.0,12.0,Prospekt Vernadskogo,50300000
53,30.0,16.0,16.0,1980.0,2.0,8.0,Lianozovo,9350000
45,40.0,9.0,,,,,Poselenie Voskresenskoe,3946975
57,,7.0,,,,,Poselenie Moskovskij,4656374
38,17.0,15.0,24.0,2004.0,1.0,10.0,Mar'ino,6400000
38,22.0,8.0,9.0,1964.0,2.0,7.0,Zjuzino,7200000
64,40.0,10.0,12.0,2015.0,3.0,15.0,Poselenie Filimonkovskoe,4270899
108,75.0,9.0,24.0,2017.0,4.0,20.0,Nagatinskij Zaton,16934018
44,29.0,2.0,,,,,Timirjazevskoe,6800000
38,18.0,12.0,,,,,Mar'ino,6200000
67,43.0,9.0,14.0,1972.0,3.0,9.0,Vostochnoe Degunino,9000000
38,18.0,14.0,16.0,1995.0,1.0,9.0,Krjukovo,1000000
37,,12.0,18.0,2015.0,1.0,1.0,Poselenie Shherbinka,3339587
41,,8.0,1.0,1.0,1.0,1.0,Krjukovo,4567100
29,16.0,4.0,5.0,1963.0,1.0,5.0,Rjazanskij,4900000
38,23.0,5.0,12.0,1969.0,2.0,6.0,Golovinskoe,7400000
51,30.0,2.0,12.0,1982.0,2.0,8.0,Silino,1100000
69,69.0,8.0,12.0,0.0,2.0,1.0,Tverskoe,6923820
47,17.0,17.0,24.0,2004.0,1.0,9.0,Ljublino,6950000
73,52.0,1.0,5.0,1959.0,3.0,8.0,Shhukino,2000000
40,22.0,3.0,12.0,1968.0,2.0,6.0,Nagatinskij Zaton,7000000
32,18.0,7.0,9.0,1969.0,1.0,6.0,Vyhino-Zhulebino,4600000
86,55.0,1.0,6.0,1937.0,3.0,11.0,Dorogomilovo,15520800
38,19.0,10.0,17.0,1993.0,1.0,7.0,Krjukovo,4600000
54,32.0,10.0,17.0,1989.0,2.0,9.0,Novo-Peredelkino,7850000
73,,3.0,16.0,2015.0,2.0,1.0,Poselenie Vnukovskoe,8972619
71,34.0,1.0,10.0,2001.0,2.0,11.0,Mar'ina Roshha,2200000
92,,3.0,3.0,2014.0,3.0,0.0,Poselenie Sosenskoe,7200004
67,31.0,12.0,17.0,2012.0,2.0,12.0,Poselenie Vnukovskoe,6800000
58,34.0,14.0,17.0,1990.0,2.0,10.0,Severnoe Butovo,8300000
62,60.0,5.0,9.0,1976.0,3.0,8.0,Ljublino,10300000
54,32.0,6.0,12.0,1992.0,2.0,9.0,Vyhino-Zhulebino,8450000
60,37.0,1.0,9.0,1970.0,3.0,6.0,Veshnjaki,7700000
38,19.0,6.0,17.0,1988.0,1.0,8.0,Horoshevo-Mnevniki,7500000
36,21.0,8.0,9.0,1973.0,1.0,6.0,Teplyj Stan,5900000
51,31.0,3.0,9.0,1969.0,2.0,6.0,Chertanovo Severnoe,2000000
59,33.0,17.0,,,,,Nagornoe,2000000
43,28.0,2.0,5.0,1962.0,2.0,5.0,Alekseevskoe,7500000
44,28.0,10.0,14.0,1973.0,2.0,5.0,Pokrovskoe Streshnevo,6815000
80,45.0,15.0,24.0,2017.0,3.0,10.0,Nagatinskij Zaton,12697154
38,19.0,7.0,17.0,1984.0,1.0,8.0,Kuncevo,7400000
45,28.0,5.0,9.0,1980.0,2.0,6.0,Losinoostrovskoe,6500000
56,43.0,6.0,,,,,Sokol,1000000
74,43.0,13.0,17.0,2010.0,3.0,13.0,Zjuzino,11000000
73,40.0,9.0,14.0,2002.0,3.0,10.0,Obruchevskoe,18250000
50,35.0,9.0,9.0,1969.0,2.0,5.0,Severnoe Izmajlovo,7000000
62,40.0,2.0,14.0,1996.0,2.0,8.0,Krjukovo,7250000
60,40.0,1.0,5.0,1934.0,3.0,6.0,Ajeroport,10121000
1,1.0,1.0,1.0,1.0,1.0,1.0,Poselenie Voskresenskoe,4457400
32,16.0,3.0,5.0,1958.0,1.0,5.0,Meshhanskoe,8500000
37,18.0,1.0,17.0,1985.0,1.0,8.0,Mar'ino,5000000
31,16.0,5.0,5.0,1973.0,1.0,6.0,Kosino-Uhtomskoe,4250000
51,51.0,2.0,9.0,2015.0,2.0,0.0,Poselenie Novofedorovskoe,2555000
38,19.0,14.0,14.0,1993.0,1.0,8.0,Mitino,6200000
59,38.0,8.0,9.0,1971.0,3.0,6.0,Vostochnoe Degunino,5850000
43,27.0,1.0,5.0,1960.0,2.0,5.0,Koptevo,6700000
51,51.0,2.0,17.0,2016.0,2.0,51.0,Poselenie Novofedorovskoe,2987151
29,17.0,2.0,5.0,1965.0,1.0,5.0,Birjulevo Zapadnoe,4200000
76,45.0,7.0,10.0,1998.0,3.0,10.0,Juzhnoe Butovo,10000000
167,97.0,5.0,18.0,2001.0,4.0,15.0,Obruchevskoe,65000000
42,26.0,1.0,5.0,1965.0,2.0,5.0,Nizhegorodskoe,6200000
82,56.0,6.0,8.0,1961.0,3.0,9.0,Nagornoe,16200000
45,30.0,8.0,12.0,1973.0,2.0,6.0,Birjulevo Zapadnoe,2000000
53,32.0,1.0,17.0,1985.0,2.0,9.0,Juzhnoe Tushino,6990000
38,19.0,3.0,15.0,2003.0,1.0,7.0,Koptevo,6950000
115,86.0,2.0,4.0,1917.0,4.0,10.0,Presnenskoe,43000000
37,22.0,8.0,8.0,1963.0,2.0,7.0,Cheremushki,6900000
55,41.0,4.0,5.0,1962.0,3.0,5.0,Rostokino,8050000
100,96.0,4.0,17.0,2007.0,3.0,17.0,Filevskij Park,25000000
40,38.0,7.0,17.0,2015.0,1.0,1.0,Nekrasovka,4400000
73,34.0,4.0,22.0,2015.0,2.0,15.0,Poselenie Sosenskoe,6457500
42,18.0,9.0,15.0,2015.0,1.0,6.0,Poselenie Sosenskoe,5453557
31,19.0,1.0,,,,,Presnenskoe,1000000
41,20.0,2.0,7.0,2002.0,1.0,8.0,Mar'ino,4550000
83,54.0,4.0,8.0,1958.0,3.0,10.0,Horoshevskoe,18600000
30,18.0,5.0,9.0,1972.0,1.0,6.0,Bogorodskoe,5600000
51,30.0,11.0,17.0,1998.0,2.0,8.0,Mar'ino,8300000
43,43.0,13.0,,,,,Poselenie Voskresenskoe,3912000
43,26.0,5.0,5.0,1963.0,2.0,5.0,Rjazanskij,4950000
37,22.0,6.0,9.0,1963.0,2.0,7.0,Marfino,4300000
39,18.0,3.0,17.0,2007.0,1.0,9.0,Beskudnikovskoe,6900000
34,17.0,6.0,12.0,1965.0,1.0,9.0,Vostochnoe Izmajlovo,5600000
57,34.0,16.0,24.0,2012.0,2.0,8.0,Horoshevo-Mnevniki,1000000
35,20.0,3.0,12.0,1970.0,1.0,9.0,Caricyno,6300000
96,52.0,4.0,5.0,1917.0,4.0,17.0,Donskoe,13200000
32,20.0,2.0,,,,,Kon'kovo,5250000
31,20.0,1.0,,,,,Nizhegorodskoe,5000000
82,52.0,22.0,23.0,2008.0,3.0,10.0,Juzhnoe Medvedkovo,4000000
37,19.0,9.0,17.0,1987.0,1.0,8.0,Orehovo-Borisovo Juzhnoe,7000000
41,20.0,4.0,14.0,1987.0,1.0,8.0,Tekstil'shhiki,6350000
77,45.0,14.0,14.0,1996.0,3.0,10.0,Novokosino,9950000
70,42.0,8.0,16.0,1983.0,3.0,7.0,Bogorodskoe,12400000
77,43.0,12.0,1.0,2014.0,3.0,12.0,Nekrasovka,7604800
32,18.0,3.0,9.0,1969.0,1.0,6.0,Severnoe Tushino,1000000
32,18.0,9.0,9.0,1974.0,1.0,6.0,Bibirevo,5990000
71,68.0,15.0,19.0,2002.0,2.0,9.0,Horoshevo-Mnevniki,18000000
76,33.0,3.0,27.0,2016.0,2.0,16.0,Hovrino,8809000
36,18.0,8.0,8.0,1986.0,1.0,9.0,Jakimanka,1000000
45,28.0,8.0,12.0,1966.0,2.0,5.0,Severnoe Medvedkovo,6600000
40,,13.0,17.0,1.0,1.0,1.0,Poselenie Vnukovskoe,4677427
53,32.0,2.0,8.0,1996.0,2.0,9.0,Juzhnoe Butovo,7100000
43,17.0,18.0,24.0,2012.0,1.0,10.0,Birjulevo Vostochnoe,6869472
42,26.0,3.0,5.0,1962.0,2.0,5.0,Nagatinskij Zaton,6800000
42,20.0,4.0,14.0,2007.0,1.0,11.0,Staroe Krjukovo,5800000
38,24.0,7.0,9.0,1965.0,2.0,6.0,Bogorodskoe,7100000
46,29.0,6.0,9.0,1972.0,2.0,5.0,Gagarinskoe,8000000
33,19.0,9.0,9.0,1968.0,1.0,6.0,Donskoe,8150000
44,28.0,5.0,9.0,1965.0,2.0,5.0,Juzhnoportovoe,8500000
53,33.0,2.0,8.0,1958.0,2.0,7.0,Taganskoe,10500000
32,18.0,5.0,9.0,1974.0,1.0,6.0,Orehovo-Borisovo Severnoe,5250000
74,45.0,24.0,,,,,Otradnoe,7245900
39,17.0,11.0,17.0,2006.0,1.0,8.0,Krjukovo,5200000
39,18.0,10.0,21.0,1994.0,1.0,8.0,Severnoe Tushino,7700000
96,,3.0,3.0,,2.0,1.0,Poselenie Sosenskoe,8140210
72,48.0,8.0,9.0,1960.0,3.0,7.0,Lomonosovskoe,18000000
54,32.0,10.0,14.0,2002.0,2.0,9.0,Juzhnoe Butovo,9000000
52,30.0,6.0,14.0,1990.0,2.0,8.0,Silino,6500000
47,29.0,2.0,9.0,1968.0,2.0,6.0,Savelki,5900000
60,33.0,9.0,13.0,2008.0,2.0,12.0,Savelki,3000000
40,23.0,8.0,14.0,1969.0,2.0,6.0,Caricyno,5800000
95,64.0,4.0,9.0,1972.0,4.0,8.0,Kon'kovo,12000000
79,44.0,9.0,17.0,2002.0,3.0,12.0,Mar'ino,12100000
42,26.0,2.0,5.0,1977.0,2.0,6.0,Kosino-Uhtomskoe,5600000
55,36.0,9.0,9.0,1987.0,3.0,6.0,Poselenie Shherbinka,3600000
84,,20.0,21.0,,3.0,1.0,Filevskij Park,18964400
68,44.0,11.0,14.0,1971.0,3.0,9.0,Sokolinaja Gora,13000000
59,43.0,8.0,9.0,1972.0,3.0,6.0,Severnoe Medvedkovo,2500000
76,74.0,4.0,17.0,1996.0,3.0,10.0,Hovrino,12000000
52,52.0,7.0,0.0,0.0,1.0,0.0,Poselenie Moskovskij,5606581
100,62.0,12.0,15.0,1998.0,3.0,11.0,Vyhino-Zhulebino,16000000
38,19.0,14.0,17.0,2005.0,1.0,7.0,Obruchevskoe,8050000
43,19.0,16.0,24.0,2009.0,1.0,10.0,Kosino-Uhtomskoe,4250000
54,28.0,3.0,5.0,1987.0,2.0,8.0,Juzhnoe Butovo,5100000
40,40.0,5.0,17.0,0.0,1.0,1.0,Poselenie Vnukovskoe,5597565
58,37.0,5.0,9.0,1977.0,3.0,6.0,Zjablikovo,3000000
45,29.0,6.0,,,,,Severnoe Tushino,7400000
79,,13.0,1.0,1.0,1.0,1.0,Poselenie Voskresenskoe,7319750
38,19.0,8.0,14.0,1997.0,1.0,8.0,Vyhino-Zhulebino,5500000
34,34.0,5.0,17.0,2015.0,1.0,1.0,Poselenie Desjonovskoe,3793778
43,29.0,2.0,5.0,1963.0,2.0,5.0,Savelovskoe,7000000
39,21.0,6.0,14.0,1992.0,1.0,8.0,Severnoe Butovo,6100000
38,19.0,7.0,14.0,1970.0,1.0,9.0,Rjazanskij,6250000
40,22.0,5.0,14.0,2007.0,1.0,1.0,Poselenie Shherbinka,5120000
38,19.0,13.0,,,,,Brateevo,5300000
61,58.0,12.0,17.0,2017.0,2.0,8.0,Nagatinskij Zaton,9500101
80,47.0,5.0,14.0,2002.0,3.0,7.0,Ochakovo-Matveevskoe,12040000
54,28.0,8.0,16.0,1974.0,2.0,12.0,Meshhanskoe,11800000
51,31.0,1.0,12.0,1975.0,2.0,9.0,Orehovo-Borisovo Juzhnoe,7300000
43,26.0,4.0,8.0,1961.0,2.0,5.0,Akademicheskoe,9300000
44,28.0,4.0,9.0,1972.0,2.0,6.0,Solncevo,6800000
47,27.0,4.0,5.0,1950.0,2.0,7.0,Sokol,12000000
29,,22.0,25.0,2014.0,1.0,0.0,Mitino,4992374
77,48.0,3.0,17.0,2009.0,3.0,9.0,Troickij okrug,6400000
44,29.0,5.0,5.0,1960.0,2.0,6.0,Gagarinskoe,7700000
156,,32.0,,,,,Obruchevskoe,25233268
37,19.0,6.0,16.0,1980.0,1.0,8.0,Jaroslavskoe,5470000
53,32.0,6.0,17.0,1986.0,2.0,9.0,Krylatskoe,11200000
75,46.0,10.0,17.0,1988.0,3.0,10.0,Novo-Peredelkino,10900000
35,20.0,4.0,12.0,1966.0,1.0,9.0,Kotlovka,6800000
58,41.0,5.0,5.0,1965.0,3.0,5.0,Bogorodskoe,8500000
52,30.0,6.0,17.0,2013.0,2.0,9.0,Kuz'minki,4000000
40,38.0,8.0,10.0,1999.0,1.0,8.0,Juzhnoe Butovo,5600000
75,45.0,9.0,17.0,1993.0,3.0,10.0,Mitino,11800000
36,21.0,2.0,9.0,1978.0,1.0,6.0,Perovo,5500000
81,47.0,5.0,12.0,1984.0,3.0,8.0,Gol'janovo,12200000
51,30.0,17.0,17.0,2003.0,2.0,9.0,Novo-Peredelkino,7200000
64,46.0,6.0,9.0,1974.0,4.0,5.0,Bibirevo,9700000
45,19.0,23.0,24.0,2007.0,1.0,10.0,Kosino-Uhtomskoe,6000000
53,32.0,4.0,17.0,2012.0,2.0,9.0,Poselenie Desjonovskoe,3600000
40,27.0,3.0,5.0,1965.0,2.0,5.0,Ljublino,2000000
54,32.0,12.0,14.0,1997.0,2.0,9.0,Vyhino-Zhulebino,8500000
32,21.0,6.0,9.0,1962.0,1.0,5.0,Nagatino-Sadovniki,6000000
174,110.0,10.0,19.0,2009.0,4.0,17.0,Lomonosovskoe,55500000
32,18.0,5.0,9.0,1973.0,1.0,6.0,Orehovo-Borisovo Severnoe,1000000
45,30.0,3.0,5.0,1962.0,2.0,5.0,Kuz'minki,6450000
19,14.0,5.0,,,,,Solncevo,2716000
61,43.0,3.0,9.0,1974.0,3.0,6.0,Bibirevo,8200000
51,30.0,2.0,14.0,2006.0,2.0,9.0,Severnoe Izmajlovo,4200000
33,18.0,7.0,8.0,1962.0,1.0,7.0,Tverskoe,9700000
40,25.0,1.0,5.0,1962.0,2.0,5.0,Kuz'minki,1100000
63,26.0,7.0,17.0,2005.0,2.0,12.0,Solncevo,10000000
41,20.0,3.0,9.0,1991.0,1.0,8.0,Severnoe Butovo,6500000
43,18.0,15.0,17.0,2013.0,1.0,8.0,Poselenie Moskovskij,3308266
44,27.0,3.0,9.0,1969.0,2.0,5.0,Vyhino-Zhulebino,3000000
45,28.0,4.0,9.0,1965.0,2.0,5.0,Lefortovo,7600000
77,46.0,8.0,16.0,1975.0,3.0,10.0,Orehovo-Borisovo Severnoe,11400000
102,62.0,12.0,17.0,2012.0,3.0,14.0,Ramenki,4700000
59,30.0,22.0,23.0,2008.0,2.0,8.0,Ajeroport,6552650
40,26.0,5.0,9.0,1965.0,2.0,5.0,Sokolinaja Gora,8500000
40,40.0,17.0,17.0,1.0,1.0,1.0,Poselenie Moskovskij,3788400
39,24.0,11.0,12.0,1965.0,2.0,6.0,Hovrino,6200000
65,39.0,11.0,14.0,1988.0,3.0,7.0,Vostochnoe Izmajlovo,10300000
54,28.0,12.0,15.0,2007.0,2.0,9.0,Krjukovo,7100000
60,39.0,2.0,9.0,1977.0,3.0,8.0,Orehovo-Borisovo Juzhnoe,1000000
100,95.0,6.0,22.0,2016.0,4.0,15.0,Mitino,14534062
45,30.0,2.0,5.0,1961.0,2.0,5.0,Kuz'minki,6100000
38,19.0,5.0,,,,,Preobrazhenskoe,7050000
53,32.0,8.0,14.0,1997.0,2.0,9.0,Vyhino-Zhulebino,7750000
51,51.0,2.0,0.0,0.0,2.0,0.0,Poselenie Novofedorovskoe,2987151
56,41.0,2.0,5.0,1961.0,3.0,5.0,Sokol'niki,8380000
60,60.0,6.0,19.0,,2.0,1.0,Poselenie Shherbinka,4603419
38,19.0,7.0,18.0,1997.0,1.0,8.0,Mar'ino,5800000
69,35.0,13.0,17.0,2005.0,2.0,12.0,Troickij okrug,7600000
36,19.0,5.0,16.0,1980.0,1.0,8.0,Obruchevskoe,5000000
54,32.0,3.0,,,,,Solncevo,6050000
75,44.0,11.0,22.0,2003.0,3.0,10.0,Juzhnoportovoe,10000000
74,46.0,16.0,17.0,1995.0,3.0,10.0,Juzhnoe Butovo,9300000
37,18.0,4.0,10.0,2000.0,1.0,8.0,Juzhnoe Butovo,5500000
37,22.0,9.0,9.0,1962.0,2.0,7.0,Jakimanka,1000000
47,30.0,3.0,12.0,1976.0,2.0,6.0,Orehovo-Borisovo Severnoe,8200000
45,29.0,7.0,9.0,1974.0,2.0,6.0,Pechatniki,6500000
44,28.0,3.0,12.0,1971.0,2.0,5.0,Ochakovo-Matveevskoe,6231000
72,44.0,3.0,14.0,2006.0,3.0,10.0,Kuncevo,18000000
104,62.0,11.0,22.0,2013.0,3.0,12.0,Juzhnoe Tushino,17658576
21,14.0,1.0,5.0,1964.0,1.0,3.0,Perovo,4500000
81,81.0,13.0,1.0,2015.0,3.0,1.0,Poselenie Sosenskoe,8609596
84,50.0,9.0,13.0,2014.0,3.0,10.0,Krjukovo,8744700
53,29.0,3.0,10.0,1954.0,2.0,6.0,Dorogomilovo,3000000
51,51.0,4.0,17.0,0.0,2.0,0.0,Poselenie Vnukovskoe,5298784
42,19.0,6.0,9.0,1988.0,1.0,6.0,Juzhnoe Butovo,4950000
36,19.0,5.0,16.0,1980.0,1.0,8.0,Bibirevo,6100000
169,,10.0,0.0,0.0,4.0,0.0,Obruchevskoe,18800000
44,29.0,4.0,5.0,1960.0,2.0,5.0,Lomonosovskoe,7200000
51,30.0,7.0,12.0,1984.0,2.0,8.0,Birjulevo Vostochnoe,6800000
78,78.0,3.0,8.0,1960.0,3.0,8.0,Lefortovo,14000000
35,21.0,2.0,8.0,1960.0,2.0,7.0,Savelovskoe,6500000
59,59.0,11.0,19.0,2014.0,2.0,10.0,Poselenie Sosenskoe,6369722
42,26.0,5.0,5.0,1965.0,2.0,5.0,Ljublino,2000000
78,77.0,4.0,19.0,0.0,3.0,0.0,Nagatinskij Zaton,10797783
36,17.0,3.0,16.0,2006.0,1.0,8.0,Kosino-Uhtomskoe,6200000
49,44.0,5.0,1.0,2014.0,1.0,1.0,Poselenie Voskresenskoe,4833790
39,19.0,16.0,17.0,1994.0,1.0,8.0,Mitino,7000000
38,18.0,22.0,24.0,2001.0,1.0,9.0,Mar'ino,6400000
43,18.0,2.0,17.0,2013.0,1.0,8.0,Poselenie Moskovskij,3300000
59,,8.0,16.0,2014.0,2.0,1.0,Nagornoe,11760886
66,46.0,16.0,16.0,1975.0,3.0,7.0,Basmannoe,12900000
53,30.0,7.0,12.0,1981.0,2.0,8.0,Bibirevo,3000000
59,42.0,1.0,9.0,1971.0,3.0,6.0,Veshnjaki,7230000
36,20.0,6.0,12.0,1965.0,1.0,10.0,Cheremushki,6400000
68,30.0,2.0,17.0,2016.0,2.0,10.0,Poselenie Desjonovskoe,5113544
51,51.0,2.0,5.0,1959.0,3.0,5.0,Akademicheskoe,2000000
40,40.0,6.0,,,,,Poselenie Vnukovskoe,3358880
44,27.0,4.0,5.0,1964.0,2.0,5.0,Preobrazhenskoe,8250000
65,45.0,1.0,9.0,1973.0,3.0,5.0,Birjulevo Zapadnoe,6620000
53,27.0,10.0,14.0,1982.0,2.0,10.0,Butyrskoe,8650000
38,19.0,4.0,17.0,2006.0,1.0,7.0,Kosino-Uhtomskoe,6150000
32,18.0,7.0,9.0,1971.0,1.0,6.0,Chertanovo Juzhnoe,5400000
39,24.0,6.0,9.0,1966.0,2.0,5.0,Gol'janovo,6300000
62,42.0,6.0,12.0,1973.0,3.0,6.0,Jaroslavskoe,7600000
66,40.0,15.0,16.0,1977.0,3.0,8.0,Chertanovo Central'noe,11200000
63,,25.0,25.0,,2.0,1.0,Tverskoe,6709500
42,21.0,14.0,16.0,2009.0,1.0,7.0,Kotlovka,9700000
38,19.0,9.0,14.0,1972.0,1.0,9.0,Zjuzino,1500000
51,31.0,5.0,12.0,1974.0,2.0,9.0,Taganskoe,11650000
79,51.0,2.0,5.0,1956.0,3.0,8.0,Perovo,10600000
53,32.0,12.0,17.0,1996.0,2.0,9.0,Vnukovo,5600000
86,55.0,7.0,8.0,1956.0,3.0,8.0,Lomonosovskoe,24000000
51,51.0,4.0,17.0,,2.0,1.0,Nekrasovka,5842100
46,,2.0,16.0,2015.0,1.0,1.0,Poselenie Pervomajskoe,3036079
30,18.0,1.0,5.0,1961.0,1.0,5.0,Novogireevo,5250000
126,126.0,20.0,32.0,2013.0,3.0,1.0,Jakimanka,23191970
44,28.0,13.0,14.0,1973.0,2.0,5.0,Mozhajskoe,8900000
51,29.0,13.0,14.0,1989.0,2.0,7.0,Novo-Peredelkino,7200000
39,19.0,12.0,17.0,1984.0,1.0,8.0,Losinoostrovskoe,7100000
41,26.0,5.0,5.0,1962.0,2.0,5.0,Danilovskoe,1000000
59,59.0,4.0,,,,,Poselenie Moskovskij,5342191
29,17.0,3.0,5.0,1963.0,1.0,5.0,Nizhegorodskoe,4500000
50,30.0,5.0,17.0,1996.0,2.0,8.0,Mitino,9300000
30,18.0,3.0,5.0,1964.0,1.0,5.0,Ljublino,4800000
53,29.0,3.0,12.0,2004.0,2.0,8.0,Kosino-Uhtomskoe,2000000
142,121.0,20.0,,,,,Jakimanka,37000000
40,,9.0,,,,,Poselenie Voskresenskoe,4060800
34,19.0,4.0,9.0,1976.0,1.0,7.0,Birjulevo Vostochnoe,4850000
42,20.0,11.0,12.0,1980.0,1.0,8.0,Otradnoe,7060000
65,46.0,6.0,16.0,1975.0,3.0,7.0,Jaroslavskoe,8900000
52,,13.0,17.0,,2.0,1.0,Tverskoe,6750554
33,16.0,4.0,12.0,1974.0,1.0,7.0,Taganskoe,3600000
32,18.0,8.0,9.0,1973.0,1.0,6.0,Orehovo-Borisovo Severnoe,5350000
79,76.0,16.0,17.0,2015.0,3.0,1.0,Mitino,11095960
30,19.0,1.0,5.0,1979.0,1.0,5.0,Vojkovskoe,5300000
39,20.0,2.0,6.0,1998.0,1.0,8.0,Juzhnoe Butovo,5850000
38,19.0,4.0,17.0,1996.0,1.0,8.0,Brateevo,6750000
58,43.0,3.0,9.0,1974.0,3.0,6.0,Orehovo-Borisovo Juzhnoe,8500000
45,30.0,3.0,5.0,1962.0,2.0,5.0,Metrogorodok,5300000
38,19.0,3.0,14.0,1994.0,1.0,8.0,Mar'ino,1000000
61,61.0,2.0,1.0,1.0,2.0,1.0,Poselenie Desjonovskoe,5654553
37,16.0,2.0,16.0,2001.0,1.0,7.0,Savelovskoe,1000000
49,33.0,1.0,9.0,1967.0,3.0,5.0,Koptevo,6900000
49,28.0,2.0,4.0,1952.0,2.0,7.0,Tekstil'shhiki,2000000
100,100.0,11.0,21.0,2014.0,2.0,1.0,Lomonosovskoe,19697464
80,80.0,23.0,23.0,2017.0,2.0,0.0,Ramenki,13480320
64,44.0,10.0,12.0,1973.0,3.0,9.0,Poselenie Shherbinka,7100000
52,30.0,2.0,17.0,2013.0,2.0,9.0,Nekrasovka,5014900
65,35.0,16.0,,,,,Poselenie Voskresenskoe,5888000
41,,8.0,,,,,Poselenie Voskresenskoe,4147320
61,1.0,4.0,17.0,2016.0,2.0,1.0,Poselenie Moskovskij,6379688
53,22.0,5.0,30.0,2012.0,1.0,11.0,Zjuzino,10138914
35,19.0,4.0,12.0,1973.0,1.0,7.0,Veshnjaki,5050000
35,14.0,6.0,16.0,1996.0,1.0,10.0,Mitino,6800000
34,1.0,3.0,3.0,,1.0,1.0,Poselenie Novofedorovskoe,1732252
36,14.0,6.0,25.0,2013.0,1.0,12.0,Poselenie Sosenskoe,3400000
38,22.0,2.0,12.0,1966.0,2.0,6.0,Zjuzino,7450000
45,27.0,2.0,9.0,1974.0,2.0,5.0,Orehovo-Borisovo Severnoe,8325000
63,,,,,,,Poselenie Vnukovskoe,4773449
55,28.0,2.0,17.0,2011.0,2.0,9.0,Nekrasovka,1000000
44,28.0,1.0,12.0,1972.0,2.0,6.0,Matushkino,3000000
34,32.0,5.0,17.0,2013.0,1.0,10.0,Poselenie Filimonkovskoe,2638436
50,29.0,8.0,12.0,1989.0,2.0,1.0,Horoshevskoe,12000000
28,15.0,4.0,5.0,1979.0,1.0,6.0,Troickij okrug,3700000
74,46.0,3.0,14.0,1953.0,3.0,8.0,Meshhanskoe,17500000
53,29.0,5.0,12.0,1980.0,2.0,8.0,Jaroslavskoe,8300000
76,44.0,6.0,17.0,2000.0,3.0,13.0,Ramenki,19000000
62,37.0,6.0,12.0,1978.0,3.0,8.0,Lianozovo,8900000
26,,7.0,,,,,Poselenie Sosenskoe,2626800
53,28.0,10.0,17.0,2009.0,2.0,9.0,Koptevo,2000000
39,25.0,2.0,7.0,1963.0,2.0,5.0,Horoshevo-Mnevniki,3500000
66,37.0,6.0,8.0,1958.0,2.0,8.0,Dorogomilovo,15000000
31,19.0,3.0,5.0,1960.0,1.0,5.0,Cheremushki,6300000
38,20.0,4.0,,,,,Kosino-Uhtomskoe,5590000
37,18.0,7.0,14.0,1976.0,1.0,8.0,Horoshevo-Mnevniki,7100000
90,52.0,1.0,2.0,2016.0,3.0,22.0,Tverskoe,5598985
29,17.0,4.0,9.0,1971.0,1.0,5.0,Babushkinskoe,5600000
43,29.0,3.0,5.0,1961.0,2.0,5.0,Zamoskvorech'e,10000000
79,45.0,17.0,17.0,2007.0,3.0,12.0,Severnoe Medvedkovo,13800000
52,27.0,1.0,16.0,2008.0,2.0,9.0,Ramenki,990000
43,28.0,1.0,5.0,1962.0,2.0,5.0,Bogorodskoe,4153000
64,,10.0,17.0,2015.0,2.0,10.0,Poselenie Moskovskij,5599296
36,19.0,2.0,14.0,1996.0,1.0,7.0,Novokosino,5150000
60,44.0,6.0,9.0,1966.0,3.0,6.0,Matushkino,6800000
37,22.0,4.0,9.0,1965.0,2.0,7.0,Zapadnoe Degunino,5700000
20,11.0,1.0,5.0,1970.0,1.0,3.0,Jaroslavskoe,3600000
64,64.0,16.0,17.0,2015.0,2.0,10.0,Poselenie Voskresenskoe,7112460
36,19.0,10.0,16.0,1983.0,1.0,9.0,Vyhino-Zhulebino,5400000
79,46.0,4.0,22.0,1990.0,3.0,10.0,Severnoe Butovo,11700000
51,30.0,11.0,17.0,1989.0,2.0,8.0,Chertanovo Severnoe,6000000
207,93.0,9.0,10.0,1998.0,4.0,17.0,Meshhanskoe,50000000
40,40.0,3.0,17.0,2014.0,1.0,10.0,Troickij okrug,2862161
52,,9.0,16.0,2014.0,1.0,1.0,Zapadnoe Degunino,3742240
65,39.0,8.0,12.0,1974.0,3.0,8.0,Ivanovskoe,10365000
44,28.0,2.0,5.0,1959.0,2.0,5.0,Fili Davydkovo,8400000
71,49.0,6.0,16.0,1968.0,4.0,6.0,Obruchevskoe,12200000
43,28.0,9.0,,,,,Zjuzino,7000000
42,,3.0,15.0,2016.0,1.0,6.0,Poselenie Sosenskoe,3900000
59,44.0,3.0,5.0,1962.0,3.0,5.0,Cheremushki,9000000
77,45.0,2.0,1.0,2014.0,3.0,10.0,Nekrasovka,7770000
30,18.0,1.0,5.0,1963.0,1.0,5.0,Metrogorodok,3000000
35,16.0,3.0,,,,,Mar'ino,6200000
45,28.0,11.0,12.0,1971.0,2.0,6.0,Mar'ina Roshha,8200000
38,20.0,2.0,14.0,1992.0,1.0,8.0,Otradnoe,2000000
57,41.0,5.0,9.0,1968.0,3.0,5.0,Preobrazhenskoe,8000000
53,30.0,6.0,14.0,1988.0,2.0,8.0,Koptevo,9000000
38,,15.0,16.0,2014.0,1.0,1.0,Nekrasovka,4740000
45,29.0,6.0,12.0,1966.0,2.0,5.0,Gol'janovo,6100000
56,34.0,7.0,9.0,1959.0,2.0,7.0,Danilovskoe,2000000
64,37.0,7.0,24.0,2013.0,2.0,10.0,Birjulevo Vostochnoe,9404227
39,20.0,16.0,22.0,1989.0,1.0,10.0,Solncevo,5600000
43,17.0,4.0,9.0,2014.0,1.0,11.0,Poselenie Sosenskoe,4740000
36,18.0,13.0,22.0,1983.0,1.0,9.0,Jakimanka,7200000
65,64.0,12.0,17.0,2015.0,3.0,1.0,Poselenie Filimonkovskoe,4401743
76,76.0,10.0,25.0,2015.0,3.0,11.0,Mitino,12141667
36,18.0,2.0,17.0,2004.0,1.0,6.0,Moskvorech'e-Saburovo,5200000
32,18.0,5.0,9.0,1969.0,1.0,6.0,Gol'janovo,4900000
43,,3.0,3.0,2014.0,1.0,1.0,Tverskoe,4394688
39,19.0,3.0,14.0,1996.0,1.0,8.0,Mar'ino,6400000
134,,1.0,2.0,,3.0,0.0,Poselenie Rogovskoe,5493312
57,32.0,10.0,19.0,2012.0,2.0,8.0,Molzhaninovskoe,1100000
81,48.0,7.0,14.0,1992.0,3.0,8.0,Caricyno,11700000
79,45.0,8.0,22.0,2013.0,3.0,9.0,Levoberezhnoe,1000000
54,54.0,18.0,19.0,2015.0,1.0,10.0,Filevskij Park,12400594
30,18.0,4.0,5.0,1962.0,1.0,5.0,Juzhnoportovoe,5900000
48,30.0,7.0,9.0,1971.0,2.0,6.0,Ochakovo-Matveevskoe,6500000
43,28.0,1.0,5.0,1962.0,2.0,5.0,Dorogomilovo,1000000
33,17.0,4.0,12.0,1965.0,1.0,10.0,Severnoe Izmajlovo,5900000
52,,6.0,12.0,2015.0,2.0,1.0,Poselenie Filimonkovskoe,4209823
45,19.0,12.0,24.0,2010.0,1.0,10.0,Kosino-Uhtomskoe,3656000
48,,22.0,25.0,,1.0,1.0,Nekrasovka,5168100
35,20.0,5.0,12.0,1972.0,1.0,9.0,Losinoostrovskoe,6150000
81,81.0,19.0,20.0,2012.0,2.0,1.0,Strogino,15155666
79,45.0,8.0,17.0,2000.0,3.0,13.0,Hovrino,13350000
30,18.0,5.0,5.0,1968.0,1.0,6.0,Kuncevo,4700000
36,22.0,4.0,9.0,1964.0,2.0,7.0,Savelovskoe,7000000
34,18.0,3.0,9.0,2016.0,1.0,8.0,Poselenie Novofedorovskoe,2394300
38,18.0,12.0,17.0,2010.0,1.0,9.0,Beskudnikovskoe,7200000
40,25.0,5.0,12.0,1968.0,2.0,6.0,Mozhajskoe,7000000
57,57.0,7.0,17.0,0.0,2.0,1.0,Poselenie Moskovskij,6205088
38,38.0,11.0,17.0,2016.0,1.0,10.0,Poselenie Desjonovskoe,3769167
55,30.0,7.0,12.0,2000.0,2.0,12.0,Juzhnoe Butovo,8250000
47,30.0,9.0,12.0,1980.0,2.0,6.0,Orehovo-Borisovo Severnoe,7200000
30,18.0,5.0,5.0,1962.0,1.0,5.0,Perovo,4945000
74,43.0,14.0,17.0,1988.0,3.0,10.0,Ljublino,11000000
33,20.0,8.0,9.0,1966.0,2.0,6.0,Danilovskoe,8700000
34,34.0,14.0,17.0,2015.0,1.0,1.0,Poselenie Desjonovskoe,3865945
58,43.0,7.0,9.0,1973.0,3.0,6.0,Birjulevo Zapadnoe,1000000
53,,1.0,,,,,Poselenie Filimonkovskoe,3027296
45,30.0,3.0,,,,,Moskvorech'e-Saburovo,8000000
75,45.0,11.0,14.0,1995.0,3.0,10.0,Vyhino-Zhulebino,9100000
37,23.0,5.0,9.0,1964.0,2.0,7.0,Juzhnoe Medvedkovo,7300000
44,30.0,7.0,9.0,1970.0,2.0,5.0,Veshnjaki,6850000
58,32.0,9.0,14.0,2000.0,2.0,10.0,Juzhnoe Butovo,9150000
89,41.0,2.0,6.0,2014.0,2.0,16.0,Troickij okrug,8930000
76,43.0,10.0,12.0,0.0,3.0,8.0,Poselenie Rogovskoe,13400000
34,33.0,6.0,9.0,1966.0,1.0,7.0,Vostochnoe Izmajlovo,2000000
44,28.0,6.0,,,,,Chertanovo Juzhnoe,2990000
53,30.0,5.0,12.0,1980.0,2.0,8.0,Strogino,10000000
48,48.0,15.0,16.0,2015.0,1.0,1.0,Poselenie Sosenskoe,4728570
74,45.0,14.0,14.0,1992.0,3.0,10.0,Severnoe Butovo,11600000
99,91.0,20.0,,,,,Basmannoe,14800000
46,18.0,11.0,17.0,2006.0,1.0,12.0,Pechatniki,8000000
61,61.0,9.0,22.0,0.0,2.0,0.0,Poselenie Vnukovskoe,7299380
79,49.0,21.0,22.0,1984.0,3.0,10.0,Silino,11200000
53,36.0,5.0,9.0,1952.0,3.0,6.0,Vyhino-Zhulebino,8500000
75,40.0,9.0,16.0,2002.0,3.0,10.0,Troickij okrug,7400000
39,39.0,10.0,17.0,1.0,1.0,12.0,Nekrasovka,3984760
45,27.0,8.0,12.0,1967.0,2.0,5.0,Sviblovo,1000000
44,30.0,2.0,5.0,1962.0,2.0,5.0,Ostankinskoe,7200000
73,45.0,2.0,5.0,1934.0,2.0,8.0,Sokol,13200000
39,19.0,4.0,24.0,2012.0,1.0,9.0,Strogino,4700000
45,43.0,2.0,12.0,2015.0,2.0,1.0,Horoshevskoe,6801300
45,27.0,6.0,9.0,1974.0,2.0,6.0,Bibirevo,7400000
78,,6.0,9.0,,2.0,0.0,Zapadnoe Degunino,5949490
42,,9.0,17.0,2014.0,1.0,1.0,Tverskoe,5366778
60,38.0,4.0,9.0,1972.0,3.0,8.0,Veshnjaki,8500000
43,29.0,2.0,5.0,1964.0,2.0,5.0,Bogorodskoe,1000000
56,40.0,4.0,8.0,1964.0,3.0,5.0,Preobrazhenskoe,10000000
61,61.0,13.0,17.0,0.0,2.0,1.0,Poselenie Moskovskij,6233083
72,44.0,11.0,17.0,1993.0,3.0,10.0,Mitino,1000000
41,25.0,5.0,,,,,Babushkinskoe,6000000
44,31.0,6.0,9.0,1961.0,2.0,5.0,Horoshevo-Mnevniki,7900000
43,,21.0,,,,,Mitino,6229540
33,17.0,10.0,12.0,1969.0,1.0,9.0,Nagatino-Sadovniki,7000000
97,93.0,24.0,24.0,2009.0,4.0,10.0,Beskudnikovskoe,14400000
37,18.0,4.0,14.0,2002.0,1.0,7.0,Mar'ino,6150000
39,20.0,22.0,22.0,2003.0,1.0,10.0,Zjuzino,8500000
45,27.0,1.0,12.0,1973.0,2.0,6.0,Alekseevskoe,8150000
45,29.0,1.0,9.0,1969.0,2.0,6.0,Chertanovo Severnoe,7100000
77,49.0,21.0,25.0,2001.0,3.0,9.0,Brateevo,13700000
92,64.0,2.0,5.0,1955.0,4.0,9.0,Izmajlovo,14800000
46,28.0,1.0,9.0,1968.0,2.0,5.0,Severnoe Medvedkovo,3000000
77,45.0,4.0,14.0,2009.0,3.0,10.0,Zapadnoe Degunino,12700000
59,37.0,5.0,9.0,1976.0,3.0,8.0,Ivanovskoe,9150000
54,39.0,7.0,16.0,1968.0,3.0,6.0,Obruchevskoe,10000000
99,63.0,17.0,22.0,1998.0,4.0,10.0,Chertanovo Severnoe,19800000
30,18.0,5.0,5.0,1963.0,1.0,5.0,Savelovskoe,6800000
53,32.0,1.0,14.0,1993.0,2.0,9.0,Mitino,8500000
37,21.0,9.0,6.0,1963.0,2.0,7.0,Ajeroport,8300000
40,26.0,6.0,9.0,1966.0,2.0,5.0,Sokol,7400000
43,28.0,3.0,5.0,1961.0,2.0,5.0,Preobrazhenskoe,6900000
45,30.0,5.0,5.0,1962.0,2.0,5.0,Prospekt Vernadskogo,990000
62,32.0,9.0,23.0,2007.0,2.0,12.0,Solncevo,4000000
47,30.0,10.0,12.0,1972.0,2.0,6.0,Chertanovo Juzhnoe,7650000
41,20.0,4.0,14.0,1996.0,1.0,8.0,Mar'ino,7000000
47,,19.0,25.0,,1.0,1.0,Nekrasovka,4935000
36,14.0,2.0,17.0,2006.0,1.0,9.0,Rjazanskij,7200000
64,43.0,2.0,12.0,1967.0,3.0,9.0,Zapadnoe Degunino,8400000
59,58.0,9.0,9.0,1967.0,3.0,6.0,Savelki,6800000
43,28.0,1.0,5.0,1959.0,2.0,5.0,Bogorodskoe,6200000
20,12.0,2.0,9.0,1972.0,1.0,2.0,Preobrazhenskoe,4300000
35,19.0,3.0,9.0,1976.0,1.0,9.0,Ivanovskoe,5300000
45,28.0,4.0,,,,,Preobrazhenskoe,5800000
77,47.0,11.0,25.0,2004.0,3.0,8.0,Veshnjaki,13350000
76,45.0,16.0,17.0,1989.0,3.0,10.0,Nagornoe,14000000
82,45.0,10.0,10.0,2015.0,3.0,1.0,Poselenie Sosenskoe,9011904
83,44.0,20.0,22.0,2006.0,3.0,10.0,Juzhnoe Medvedkovo,2000000
43,19.0,9.0,9.0,1965.0,1.0,12.0,Juzhnoportovoe,6500000
30,30.0,5.0,5.0,1959.0,1.0,5.0,Filevskij Park,1000000
32,18.0,5.0,9.0,1984.0,1.0,5.0,Zjablikovo,6000000
45,29.0,5.0,9.0,1972.0,2.0,6.0,Beskudnikovskoe,7400000
40,20.0,10.0,12.0,1983.0,1.0,8.0,Severnoe Tushino,7100000
92,48.0,23.0,25.0,2009.0,2.0,15.0,Solncevo,7900000
39,17.0,12.0,14.0,2008.0,1.0,8.0,Juzhnoe Butovo,5800000
46,30.0,7.0,12.0,1980.0,2.0,6.0,Severnoe Tushino,7800000
45,29.0,8.0,9.0,1968.0,2.0,6.0,Vostochnoe Izmajlovo,7400000
44,28.0,1.0,14.0,1971.0,2.0,5.0,Horoshevo-Mnevniki,8300000
64,36.0,3.0,5.0,1957.0,2.0,6.0,Perovo,10000000
55,37.0,5.0,5.0,1967.0,3.0,5.0,Vyhino-Zhulebino,7000000
77,,2.0,17.0,0.0,3.0,1.0,Poselenie Vnukovskoe,7507386
41,20.0,10.0,12.0,1981.0,1.0,8.0,Kapotnja,5200000
41,22.0,13.0,17.0,2011.0,2.0,7.0,Poselenie Sosenskoe,3401548
37,37.0,10.0,19.0,2016.0,1.0,37.0,Poselenie Shherbinka,3582041
90,54.0,3.0,10.0,1955.0,3.0,10.0,Sokol,16900000
58,32.0,19.0,22.0,1988.0,2.0,10.0,Moskvorech'e-Saburovo,2000000
52,34.0,6.0,9.0,1970.0,3.0,6.0,Losinoostrovskoe,6950000
62,37.0,12.0,12.0,1983.0,3.0,8.0,Otradnoe,11400000
79,44.0,2.0,17.0,2008.0,3.0,12.0,Poselenie Moskovskij,8700000
76,44.0,16.0,13.0,1976.0,3.0,10.0,Otradnoe,13500000
42,26.0,5.0,5.0,1961.0,2.0,5.0,Zjuzino,6500000
43,28.0,9.0,9.0,1970.0,2.0,4.0,Dmitrovskoe,7000000
29,17.0,2.0,5.0,1961.0,1.0,5.0,Vyhino-Zhulebino,5500000
32,17.0,3.0,9.0,1963.0,1.0,7.0,Shhukino,6950000
53,,3.0,12.0,2013.0,2.0,1.0,Tverskoe,3229589
58,34.0,14.0,17.0,1990.0,2.0,10.0,Mar'ino,2000000
41,20.0,9.0,12.0,1983.0,1.0,8.0,Juzhnoe Medvedkovo,6700000
38,18.0,6.0,17.0,1986.0,1.0,8.0,Solncevo,6100000
46,28.0,5.0,14.0,1977.0,2.0,6.0,Bibirevo,7000000
60,33.0,8.0,17.0,1998.0,2.0,10.0,Zapadnoe Degunino,1555000
93,55.0,7.0,19.0,2002.0,3.0,13.0,Koptevo,19200000
39,39.0,1.0,4.0,0.0,1.0,0.0,Poselenie Filimonkovskoe,3235879
63,38.0,5.0,,,,,Gol'janovo,7700000
32,19.0,5.0,9.0,1970.0,1.0,6.0,Caricyno,5000000
76,45.0,15.0,17.0,1984.0,3.0,10.0,Krylatskoe,14800000
38,23.0,9.0,9.0,1965.0,2.0,7.0,Rjazanskij,5000000
39,19.0,16.0,17.0,1983.0,1.0,8.0,Birjulevo Vostochnoe,5450000
59,30.0,21.0,24.0,1998.0,2.0,10.0,Jasenevo,7000000
34,1.0,6.0,17.0,2014.0,1.0,1.0,Poselenie Desjonovskoe,3613360
33,19.0,8.0,9.0,1971.0,1.0,6.0,Veshnjaki,5000000
120,58.0,16.0,22.0,2002.0,3.0,22.0,Hovrino,21800000
63,40.0,6.0,7.0,1959.0,2.0,9.0,Novogireevo,4000000
38,19.0,10.0,12.0,2005.0,1.0,7.0,Kosino-Uhtomskoe,5500000
41,24.0,3.0,9.0,1967.0,2.0,6.0,Danilovskoe,10425000
65,39.0,4.0,12.0,1980.0,3.0,8.0,Ljublino,8800000
38,19.0,9.0,16.0,1977.0,1.0,9.0,Nagornoe,7190000
59,29.0,8.0,15.0,2006.0,2.0,0.0,Juzhnoe Butovo,1000000
68,1.0,3.0,1.0,1.0,1.0,1.0,Krjukovo,6761700
43,27.0,4.0,9.0,1969.0,2.0,5.0,Pechatniki,6300000
35,19.0,1.0,5.0,1958.0,1.0,8.0,Sokolinaja Gora,5300000
40,20.0,6.0,12.0,1977.0,1.0,8.0,Ivanovskoe,6200000
40,,11.0,17.0,1.0,1.0,1.0,Poselenie Moskovskij,3862000
54,30.0,10.0,14.0,2002.0,2.0,5.0,Novogireevo,9600000
83,49.0,1.0,17.0,2002.0,3.0,10.0,Juzhnoe Butovo,9300000
38,18.0,10.0,17.0,2008.0,1.0,9.0,Poselenie Moskovskij,2076000
58,30.0,10.0,12.0,2004.0,2.0,11.0,Novogireevo,8900000
31,20.0,1.0,5.0,1960.0,1.0,5.0,Cheremushki,5700000
72,72.0,11.0,24.0,2014.0,2.0,1.0,Presnenskoe,21468610
55,,14.0,17.0,,2.0,1.0,Poselenie Desjonovskoe,5122364
76,46.0,1.0,,,,,Ajeroport,9000000
52,,11.0,,,,,Nekrasovka,4515059
65,35.0,8.0,9.0,1960.0,2.0,10.0,Begovoe,9600000
75,44.0,4.0,,,,,Kosino-Uhtomskoe,9000000
47,29.0,9.0,12.0,1969.0,2.0,6.0,Fili Davydkovo,9300000
41,25.0,4.0,5.0,1962.0,2.0,5.0,Ljublino,6350000
38,19.0,12.0,14.0,2000.0,1.0,8.0,Juzhnoe Butovo,5800000
53,22.0,11.0,14.0,2013.0,1.0,12.0,Zamoskvorech'e,12800000
37,22.0,2.0,12.0,1970.0,2.0,6.0,Solncevo,5400000
39,20.0,2.0,12.0,1978.0,1.0,8.0,Gol'janovo,5300000
73,35.0,12.0,24.0,2002.0,2.0,11.0,Kon'kovo,16000000
51,,3.0,17.0,2013.0,2.0,1.0,Poselenie Desjonovskoe,4311610
136,68.0,11.0,,,,,Prospekt Vernadskogo,40000000
41,20.0,8.0,14.0,1997.0,1.0,8.0,Matushkino,4500000
40,38.0,6.0,17.0,2014.0,1.0,1.0,Nekrasovka,4640000
38,19.0,4.0,,,,,Juzhnoe Butovo,2000000
62,,2.0,17.0,1.0,2.0,1.0,Nekrasovka,5999170
49,36.0,3.0,8.0,1963.0,2.0,6.0,Nagatino-Sadovniki,6900000
75,46.0,15.0,17.0,1991.0,3.0,10.0,Severnoe Butovo,11050000
38,19.0,9.0,16.0,1996.0,1.0,9.0,Troickij okrug,4800000
58,33.0,1.0,17.0,1983.0,2.0,10.0,Birjulevo Vostochnoe,8100000
56,35.0,2.0,5.0,1960.0,3.0,5.0,Danilovskoe,10600000
85,44.0,11.0,22.0,1989.0,3.0,10.0,Silino,9400000
35,21.0,3.0,9.0,1970.0,1.0,6.0,Gol'janovo,5100000
74,43.0,13.0,14.0,1996.0,3.0,10.0,Mar'ino,11700000
49,34.0,4.0,,,,,Veshnjaki,7000000
83,45.0,10.0,16.0,2006.0,3.0,10.0,Novo-Peredelkino,11200000
75,73.0,8.0,14.0,2002.0,3.0,10.0,Mar'ino,10700000
55,1.0,5.0,18.0,1.0,5.0,1.0,Nagatinskij Zaton,9376837
40,20.0,3.0,5.0,1995.0,1.0,8.0,Mar'ino,6000000
53,30.0,11.0,14.0,1986.0,2.0,8.0,Brateevo,7400000
38,19.0,14.0,16.0,1975.0,1.0,9.0,Staroe Krjukovo,3700000
51,51.0,12.0,17.0,2016.0,1.0,10.0,Poselenie Sosenskoe,5068440
46,46.0,6.0,17.0,2015.0,1.0,10.0,Filevskij Park,8615111
54,32.0,4.0,16.0,1979.0,2.0,9.0,Babushkinskoe,9000000
63,45.0,4.0,12.0,1981.0,3.0,6.0,Kapotnja,1100000
59,,15.0,17.0,,2.0,1.0,Nekrasovka,5997000
58,,2.0,25.0,2016.0,2.0,10.0,Mitino,7257447
43,29.0,1.0,5.0,1962.0,2.0,5.0,Shhukino,6500000
60,,21.0,24.0,,2.0,0.0,Chertanovo Central'noe,5391556
57,,14.0,17.0,,2.0,1.0,Poselenie Sosenskoe,5221200
54,32.0,1.0,16.0,1976.0,2.0,9.0,Jasenevo,8350000
43,28.0,1.0,9.0,1968.0,2.0,6.0,Novogireevo,5600000
71,39.0,9.0,,,,,Danilovskoe,15150000
40,25.0,2.0,16.0,1968.0,2.0,6.0,Juzhnoportovoe,5300000
60,39.0,7.0,15.0,1977.0,3.0,7.0,Kotlovka,12400000
65,43.0,11.0,12.0,1967.0,3.0,9.0,Juzhnoe Medvedkovo,5000000
42,23.0,10.0,12.0,2014.0,1.0,10.0,Poselenie Rjazanovskoe,1529745
60,42.0,7.0,9.0,1972.0,3.0,6.0,Jaroslavskoe,7050000
76,45.0,9.0,14.0,1993.0,3.0,10.0,Krjukovo,9800000
32,21.0,9.0,9.0,1964.0,1.0,5.0,Obruchevskoe,6000000
62,62.0,11.0,24.0,2014.0,2.0,1.0,Poselenie Vnukovskoe,7505406
61,31.0,14.0,,,,,Taganskoe,7800000
41,,2.0,2.0,,1.0,0.0,Krjukovo,2847100
45,31.0,4.0,5.0,1968.0,2.0,6.0,Ochakovo-Matveevskoe,6200000
41,22.0,5.0,14.0,1972.0,2.0,5.0,Moskvorech'e-Saburovo,6100000
38,19.0,10.0,16.0,1979.0,1.0,9.0,Butyrskoe,7500000
57,38.0,2.0,9.0,1970.0,3.0,6.0,Chertanovo Central'noe,1000000
38,23.0,2.0,12.0,1972.0,2.0,5.0,Tekstil'shhiki,7100000
56,32.0,17.0,,,,,Presnenskoe,8300000
34,19.0,2.0,12.0,1968.0,1.0,9.0,Severnoe Medvedkovo,5850000
45,1.0,21.0,25.0,2013.0,3.0,1.0,Poselenie Sosenskoe,4868500
37,19.0,11.0,12.0,2000.0,1.0,7.0,Juzhnoe Butovo,5600000
34,19.0,1.0,9.0,1971.0,1.0,6.0,Vostochnoe Izmajlovo,4600000
121,59.0,2.0,10.0,2004.0,3.0,13.0,Kurkino,18250000
42,26.0,4.0,,,,,Nagatinskij Zaton,6400000
44,28.0,5.0,9.0,1969.0,2.0,6.0,Altuf'evskoe,6300000
36,36.0,18.0,1.0,2014.0,1.0,1.0,Strogino,7327340
43,18.0,2.0,,,,,Poselenie Voskresenskoe,3491971
31,17.0,5.0,6.0,1961.0,1.0,6.0,Izmajlovo,6000000
33,19.0,4.0,9.0,1971.0,1.0,6.0,Vostochnoe Degunino,5450000
65,35.0,16.0,0.0,0.0,2.0,0.0,Poselenie Voskresenskoe,6432000
49,,16.0,1.0,,1.0,1.0,Poselenie Moskovskij,5803478
62,62.0,17.0,24.0,2015.0,2.0,1.0,Nagornoe,14864928
35,16.0,8.0,9.0,1970.0,1.0,8.0,Begovoe,10500000
37,22.0,8.0,9.0,1965.0,2.0,7.0,Zjuzino,6400000
62,38.0,4.0,9.0,1977.0,3.0,7.0,Orehovo-Borisovo Severnoe,9750000
44,29.0,1.0,9.0,1969.0,2.0,6.0,Chertanovo Central'noe,1000000
40,20.0,9.0,14.0,2005.0,1.0,8.0,Altuf'evskoe,2000000
33,19.0,6.0,9.0,1968.0,1.0,6.0,Severnoe Medvedkovo,5600000
37,19.0,9.0,12.0,1998.0,1.0,8.0,Filevskij Park,7600000
32,32.0,3.0,12.0,1971.0,1.0,8.0,Shhukino,7000000
53,32.0,8.0,17.0,1984.0,2.0,9.0,Orehovo-Borisovo Severnoe,9700000
60,34.0,13.0,17.0,2002.0,2.0,13.0,Severnoe Butovo,10500000
38,20.0,3.0,,,,,Otradnoe,5500000
44,28.0,5.0,5.0,1965.0,1.0,5.0,Severnoe Tushino,7000000
40,40.0,4.0,,,,,Poselenie Moskovskij,3555356
20,12.0,5.0,20.0,1973.0,1.0,3.0,Nagornoe,4300000
66,44.0,10.0,,,,,Vyhino-Zhulebino,9000000
39,17.0,12.0,15.0,2009.0,1.0,8.0,Juzhnoe Butovo,2000000
38,18.0,6.0,17.0,2005.0,1.0,7.0,Kosino-Uhtomskoe,6600000
36,21.0,9.0,9.0,1972.0,1.0,9.0,Veshnjaki,3950440
51,34.0,6.0,9.0,1978.0,3.0,6.0,Jasenevo,8500000
58,43.0,1.0,12.0,1971.0,3.0,6.0,Chertanovo Juzhnoe,1000000
56,42.0,3.0,8.0,1961.0,3.0,6.0,Taganskoe,10600000
76,37.0,20.0,30.0,2011.0,2.0,14.0,Zjuzino,16010549
42,20.0,10.0,14.0,1984.0,1.0,8.0,Dmitrovskoe,1000000
78,49.0,9.0,14.0,1992.0,3.0,8.0,Severnoe Butovo,9800000
57,29.0,10.0,17.0,1.0,2.0,1.0,Timirjazevskoe,1200000
38,19.0,1.0,17.0,2003.0,1.0,7.0,Severnoe Izmajlovo,5900000
38,19.0,4.0,22.0,1995.0,1.0,10.0,Otradnoe,6800000
66,39.0,6.0,9.0,1983.0,3.0,8.0,Poselenie Shherbinka,7100000
31,17.0,4.0,5.0,1968.0,1.0,5.0,Altuf'evskoe,5100000
59,32.0,14.0,17.0,2011.0,2.0,12.0,Poselenie Vnukovskoe,3203200
36,19.0,9.0,17.0,2004.0,1.0,7.0,Birjulevo Vostochnoe,6300000
35,14.0,2.0,17.0,2001.0,1.0,9.0,Horoshevskoe,6300000
30,18.0,4.0,5.0,1963.0,1.0,5.0,Juzhnoportovoe,6800000
47,30.0,4.0,12.0,1973.0,2.0,6.0,Mozhajskoe,6600000
39,19.0,9.0,14.0,1974.0,1.0,9.0,Ochakovo-Matveevskoe,6600000
74,39.0,6.0,16.0,1996.0,3.0,10.0,Mitino,13400000
56,37.0,4.0,9.0,1979.0,3.0,7.0,Poselenie Shherbinka,5650000
31,19.0,3.0,5.0,1963.0,1.0,5.0,Zjuzino,5000000
37,22.0,9.0,5.0,1961.0,2.0,7.0,Lefortovo,6700000
187,112.0,17.0,40.0,2012.0,4.0,4.0,Sokol,6120000
100,64.0,7.0,22.0,1991.0,4.0,10.0,Novokosino,14000000
34,25.0,6.0,,,,,Presnenskoe,7650000
41,21.0,5.0,12.0,1995.0,1.0,8.0,Mar'ino,6425000
77,31.0,13.0,16.0,2015.0,2.0,14.0,Poselenie Sosenskoe,6760600
56,35.0,9.0,24.0,2017.0,2.0,10.0,Nagatinskij Zaton,8995115
34,19.0,4.0,14.0,1960.0,1.0,9.0,Vojkovskoe,3000000
85,85.0,2.0,9.0,2013.0,3.0,1.0,Poselenie Sosenskoe,8333760
42,23.0,7.0,14.0,1970.0,2.0,6.0,Severnoe Medvedkovo,7500000
51,30.0,10.0,17.0,1985.0,2.0,8.0,Krylatskoe,11200000
60,41.0,6.0,9.0,1976.0,3.0,6.0,Cheremushki,9400000
54,32.0,2.0,,,,,Nagornoe,12000000
46,46.0,4.0,17.0,2016.0,1.0,8.0,Poselenie Moskovskij,5835113
46,28.0,3.0,12.0,1980.0,2.0,6.0,Strogino,9200000
37,36.0,11.0,16.0,1981.0,1.0,8.0,Mar'ino,5100000
51,30.0,5.0,17.0,2005.0,2.0,9.0,Chertanovo Juzhnoe,7700000
44,27.0,9.0,9.0,1977.0,2.0,6.0,Jasenevo,2000000
37,,9.0,1.0,1.0,1.0,1.0,Krylatskoe,6264739
63,60.0,14.0,0.0,2015.0,2.0,0.0,Nagornoe,12957979
44,29.0,4.0,5.0,1964.0,2.0,5.0,Presnenskoe,1000000
121,74.0,6.0,7.0,2006.0,4.0,10.0,Kuncevo,44600000
37,19.0,6.0,14.0,2006.0,1.0,7.0,Kosino-Uhtomskoe,5500000
56,32.0,2.0,4.0,1952.0,3.0,7.0,Butyrskoe,10500000
38,19.0,4.0,14.0,1973.0,1.0,9.0,Veshnjaki,5600000
53,29.0,14.0,14.0,2004.0,2.0,8.0,Staroe Krjukovo,1000000
30,16.0,3.0,4.0,1962.0,1.0,6.0,Pechatniki,2000000
63,44.0,3.0,12.0,1974.0,3.0,7.0,Timirjazevskoe,10650000
74,43.0,6.0,17.0,2001.0,3.0,12.0,Koptevo,17600000
63,37.0,7.0,14.0,1987.0,3.0,8.0,Novokosino,7700000
51,30.0,3.0,12.0,1972.0,2.0,7.0,Ivanovskoe,7200000
57,34.0,1.0,5.0,1953.0,2.0,8.0,Izmajlovo,10400000
67,34.0,8.0,17.0,2004.0,2.0,12.0,Severnoe Butovo,11600000
46,14.0,3.0,9.0,1967.0,2.0,6.0,Hovrino,8100000
79,44.0,3.0,14.0,2003.0,3.0,12.0,Zapadnoe Degunino,12900000
38,37.0,5.0,17.0,2009.0,1.0,7.0,Poselenie Moskovskij,2000000
64,43.0,11.0,12.0,1974.0,3.0,6.0,Orehovo-Borisovo Juzhnoe,8400000
51,51.0,6.0,14.0,1991.0,2.0,8.0,Krjukovo,6200000
84,53.0,2.0,14.0,1987.0,4.0,8.0,Kuncevo,9000000
61,26.0,2.0,14.0,2001.0,1.0,19.0,Taganskoe,23000000
58,58.0,14.0,14.0,2015.0,2.0,1.0,Nagornoe,11425550
42,28.0,5.0,5.0,1958.0,2.0,5.0,Begovoe,7700000
48,30.0,3.0,14.0,1974.0,2.0,8.0,Taganskoe,9200000
40,26.0,1.0,9.0,1967.0,2.0,5.0,Jakimanka,7700000
76,40.0,16.0,,,,,Taganskoe,4500000
54,32.0,9.0,12.0,1995.0,2.0,9.0,Mar'ino,9200000
75,44.0,8.0,12.0,1999.0,3.0,10.0,Beskudnikovskoe,15200000
53,34.0,1.0,16.0,1981.0,3.0,7.0,Birjulevo Zapadnoe,4355000
29,,6.0,,,,,Mitino,4650776
46,46.0,10.0,24.0,1.0,1.0,1.0,Poselenie Vnukovskoe,5886119
54,34.0,4.0,5.0,1959.0,3.0,6.0,Bogorodskoe,8250000
37,19.0,9.0,17.0,2012.0,1.0,6.0,Zjuzino,4970000
81,44.0,14.0,17.0,2002.0,3.0,10.0,Juzhnoe Butovo,11650000
82,50.0,1.0,16.0,1978.0,4.0,11.0,Losinoostrovskoe,6000000
39,19.0,14.0,17.0,1995.0,1.0,8.0,Gol'janovo,6800000
91,62.0,3.0,5.0,1953.0,3.0,9.0,Butyrskoe,14500000
41,20.0,14.0,14.0,2001.0,1.0,8.0,Altuf'evskoe,6100000
47,27.0,1.0,4.0,1950.0,2.0,6.0,Jaroslavskoe,6000000
76,45.0,25.0,25.0,2009.0,3.0,8.0,Bogorodskoe,8909400
66,36.0,10.0,17.0,2013.0,2.0,16.0,Poselenie Sosenskoe,3966899
46,44.0,15.0,25.0,2013.0,1.0,1.0,Nekrasovka,4851000
41,20.0,8.0,12.0,2000.0,1.0,8.0,Juzhnoe Butovo,6300000
46,28.0,9.0,9.0,1.0,2.0,6.0,Veshnjaki,6700000
60,33.0,7.0,17.0,2005.0,2.0,12.0,Beskudnikovskoe,8000000
58,,8.0,,,,,Poselenie Sosenskoe,4535300
42,28.0,2.0,9.0,1970.0,2.0,5.0,Koptevo,2000000
91,49.0,3.0,5.0,1965.0,3.0,16.0,Perovo,10860000
74,43.0,14.0,17.0,1991.0,3.0,10.0,Novo-Peredelkino,8350000
83,47.0,15.0,16.0,2001.0,3.0,11.0,Levoberezhnoe,13600000
55,34.0,4.0,5.0,1958.0,2.0,7.0,Marfino,8750000
42,38.0,8.0,20.0,2002.0,1.0,9.0,Horoshevo-Mnevniki,9100000
38,19.0,2.0,17.0,1987.0,1.0,8.0,Chertanovo Severnoe,3000000
41,21.0,5.0,14.0,1991.0,1.0,8.0,Krjukovo,4650000
31,30.0,2.0,2.0,2015.0,1.0,0.0,Poselenie Filimonkovskoe,2365128
126,126.0,8.0,28.0,2013.0,3.0,12.0,Obruchevskoe,22315422
49,47.0,4.0,14.0,1971.0,2.0,9.0,Chertanovo Juzhnoe,7050000
41,41.0,3.0,20.0,2014.0,1.0,10.0,Poselenie Desjonovskoe,4697387
55,35.0,2.0,9.0,1960.0,2.0,8.0,Begovoe,9750000
37,,2.0,0.0,,1.0,0.0,Poselenie Shherbinka,3045906
54,30.0,9.0,14.0,1993.0,2.0,8.0,Birjulevo Zapadnoe,6350000
72,50.0,4.0,5.0,1960.0,3.0,9.0,Kuncevo,11900000
36,19.0,14.0,14.0,1974.0,1.0,8.0,Nagatinskij Zaton,7700000
37,19.0,10.0,,,,,Lefortovo,7700000
38,38.0,4.0,17.0,2014.0,1.0,1.0,Poselenie Vnukovskoe,4785666
45,1.0,7.0,0.0,2014.0,1.0,1.0,Poselenie Sosenskoe,5735028
40,25.0,4.0,5.0,,2.0,5.0,Caricyno,2000000
47,31.0,7.0,9.0,1968.0,2.0,6.0,Caricyno,6650000
63,,2.0,16.0,,2.0,0.0,Poselenie Voskresenskoe,6292800
75,44.0,17.0,17.0,2011.0,3.0,9.0,Poselenie Moskovskij,4234000
40,,5.0,1.0,,1.0,1.0,Poselenie Sosenskoe,3843450
29,15.0,10.0,12.0,1971.0,1.0,6.0,Chertanovo Juzhnoe,5640000
62,44.0,7.0,9.0,1966.0,3.0,7.0,Savelki,7100000
38,18.0,5.0,12.0,2005.0,1.0,7.0,Kosino-Uhtomskoe,6600000
48,48.0,3.0,22.0,2014.0,1.0,1.0,Poselenie Moskovskij,6348703
63,42.0,2.0,15.0,2011.0,2.0,6.0,Poselenie Shherbinka,5090904
64,,15.0,17.0,,2.0,1.0,Poselenie Moskovskij,5323456
74,74.0,5.0,17.0,2013.0,3.0,0.0,Nekrasovka,5500000
43,18.0,8.0,,,,,Poselenie Voskresenskoe,4238000
39,23.0,13.0,17.0,1974.0,2.0,6.0,Chertanovo Juzhnoe,7150000
38,20.0,2.0,12.0,1979.0,1.0,8.0,Otradnoe,6100000
51,51.0,4.0,1.0,2015.0,1.0,1.0,Poselenie Sosenskoe,4637490
38,38.0,10.0,16.0,2014.0,1.0,0.0,Nekrasovka,4268000
32,17.0,3.0,12.0,1981.0,1.0,6.0,Ljublino,5500000
37,19.0,2.0,16.0,1982.0,1.0,8.0,Dmitrovskoe,5100000
57,38.0,9.0,9.0,1977.0,3.0,5.0,Chertanovo Juzhnoe,8050000
70,,15.0,1.0,,2.0,1.0,Tverskoe,5160747
64,63.0,6.0,9.0,2015.0,3.0,1.0,Poselenie Filimonkovskoe,4378116
59,37.0,2.0,5.0,1965.0,3.0,6.0,Nagornoe,8800000
37,18.0,7.0,17.0,1993.0,1.0,8.0,Juzhnoe Butovo,6000000
36,20.0,6.0,9.0,1975.0,1.0,6.0,Orehovo-Borisovo Juzhnoe,6050000
38,19.0,12.0,22.0,1989.0,1.0,10.0,Solncevo,5900000
29,17.0,5.0,,,,,Poselenie Novofedorovskoe,3000000
179,179.0,3.0,3.0,2007.0,3.0,0.0,Poselenie Shherbinka,8500000
91,,9.0,16.0,2014.0,3.0,10.0,Poselenie Sosenskoe,7233340
60,33.0,13.0,15.0,1988.0,2.0,10.0,Kotlovka,11700000
74,40.0,4.0,13.0,2001.0,3.0,0.0,Severnoe Butovo,11300000
75,35.0,9.0,22.0,2014.0,2.0,10.0,Ramenki,12168380
51,33.0,4.0,5.0,1960.0,3.0,6.0,Akademicheskoe,9600000
41,18.0,11.0,22.0,2014.0,1.0,1.0,Tverskoe,4534920
41,21.0,12.0,12.0,1979.0,1.0,8.0,Savelki,4950000
43,43.0,14.0,17.0,2015.0,1.0,10.0,Poselenie Sosenskoe,5301513
60,43.0,7.0,9.0,1978.0,3.0,6.0,Jasenevo,10200000
72,51.0,5.0,5.0,1958.0,3.0,7.0,Ramenki,13800000
31,12.0,6.0,25.0,2013.0,1.0,10.0,Poselenie Sosenskoe,3732000
35,,2.0,,,,,Zapadnoe Degunino,3639042
99,64.0,9.0,22.0,1999.0,4.0,10.0,Krylatskoe,20000000
84,1.0,7.0,15.0,2017.0,3.0,1.0,Poselenie Sosenskoe,6359010
35,19.0,6.0,12.0,1974.0,1.0,9.0,Severnoe Medvedkovo,6200000
32,21.0,6.0,9.0,1962.0,1.0,5.0,Alekseevskoe,7250000
76,,2.0,2.0,2014.0,3.0,1.0,Tverskoe,7109155
37,19.0,12.0,,,,,Krjukovo,4300000
54,36.0,4.0,5.0,1962.0,3.0,5.0,Alekseevskoe,9000000
59,42.0,5.0,5.0,1970.0,3.0,5.0,Bogorodskoe,7200000
27,27.0,2.0,1.0,1.0,1.0,1.0,Poselenie Shherbinka,2574464
75,44.0,14.0,17.0,2004.0,3.0,12.0,Gol'janovo,16000000
49,1.0,12.0,1.0,1.0,1.0,1.0,Poselenie Sosenskoe,4364990
38,19.0,9.0,16.0,1974.0,1.0,9.0,Birjulevo Zapadnoe,4800000
35,19.0,3.0,5.0,1960.0,1.0,8.0,Perovo,5580000
64,44.0,7.0,12.0,1973.0,3.0,7.0,Ivanovskoe,8650000
42,20.0,4.0,12.0,1972.0,1.0,8.0,Jaroslavskoe,5900000
34,20.0,15.0,17.0,2014.0,1.0,9.0,Chertanovo Central'noe,6475650
55,55.0,3.0,17.0,2015.0,2.0,1.0,Poselenie Sosenskoe,5479560
62,45.0,6.0,12.0,1972.0,3.0,6.0,Mar'ino,7950000
13,9.0,4.0,5.0,1962.0,1.0,1.0,Horoshevo-Mnevniki,3650000
72,51.0,6.0,6.0,1959.0,3.0,7.0,Juzhnoportovoe,11600000
81,53.0,5.0,5.0,1960.0,3.0,9.0,Bogorodskoe,12000000
45,30.0,10.0,27.0,2013.0,3.0,6.0,Sokolinaja Gora,4480000
36,22.0,5.0,9.0,1965.0,2.0,7.0,Beskudnikovskoe,6200000
40,20.0,12.0,12.0,1995.0,1.0,8.0,Vyhino-Zhulebino,6400000
79,79.0,14.0,,,,,Severnoe Tushino,13702000
40,,10.0,17.0,,1.0,1.0,Poselenie Vnukovskoe,4352440
38,19.0,5.0,16.0,1991.0,1.0,10.0,Nekrasovka,4700000
37,18.0,6.0,17.0,2012.0,1.0,9.0,Poselenie Vnukovskoe,2528400
52,30.0,3.0,12.0,2000.0,2.0,9.0,Mar'ino,9250000
123,123.0,3.0,10.0,2013.0,3.0,123.0,Poselenie Voskresenskoe,8287230
36,21.0,2.0,9.0,1976.0,1.0,6.0,Bibirevo,6000000
44,44.0,11.0,17.0,2016.0,1.0,10.0,Poselenie Sosenskoe,5382910
38,38.0,12.0,17.0,0.0,1.0,0.0,Zapadnoe Degunino,4970475
44,17.0,16.0,22.0,2004.0,1.0,10.0,Obruchevskoe,9500000
64,41.0,8.0,9.0,1965.0,3.0,7.0,Savelovskoe,15000000
64,43.0,11.0,12.0,1974.0,3.0,7.0,Nagatino-Sadovniki,9600000
51,30.0,6.0,12.0,1973.0,2.0,9.0,Chertanovo Juzhnoe,7500000
39,22.0,12.0,12.0,1966.0,2.0,7.0,Severnoe Izmajlovo,2000000
36,17.0,1.0,,,,,Taganskoe,5900000
50,23.0,16.0,16.0,2004.0,1.0,11.0,Obruchevskoe,11750000
47,30.0,12.0,,,,,Otradnoe,7550000
115,55.0,15.0,30.0,2010.0,3.0,15.0,Zjuzino,21900116
84,50.0,10.0,17.0,2003.0,3.0,10.0,Juzhnoe Butovo,10750000
45,28.0,5.0,9.0,1968.0,2.0,6.0,Gol'janovo,7500000
59,35.0,3.0,5.0,1958.0,2.0,8.0,Sokolinaja Gora,8000000
58,33.0,15.0,22.0,2010.0,2.0,10.0,Kurkino,11000000
63,60.0,4.0,17.0,2015.0,2.0,10.0,Nekrasovka,5903808
61,,2.0,17.0,,2.0,0.0,Solncevo,5485702
78,50.0,7.0,10.0,1958.0,3.0,7.0,Danilovskoe,17500000
30,18.0,2.0,5.0,1961.0,1.0,5.0,Bogorodskoe,5300000
66,44.0,12.0,12.0,1968.0,3.0,9.0,Gol'janovo,8000000
34,20.0,8.0,,,,,Timirjazevskoe,1000000
25,11.0,3.0,3.0,2014.0,1.0,6.0,Perovo,1496307
90,90.0,9.0,9.0,2014.0,2.0,1.0,Izmajlovo,17701164
43,18.0,17.0,24.0,2014.0,1.0,1.0,Poselenie Voskresenskoe,5048040
51,31.0,15.0,17.0,1997.0,2.0,8.0,Sviblovo,9700000
57,35.0,2.0,8.0,1959.0,2.0,12.0,Nagatino-Sadovniki,9000000
76,45.0,16.0,17.0,2011.0,3.0,12.0,Nekrasovka,7486000
39,22.0,10.0,12.0,1966.0,2.0,7.0,Perovo,7200000
72,43.0,14.0,17.0,1990.0,3.0,10.0,Severnoe Butovo,12000000
50,30.0,17.0,17.0,1994.0,2.0,8.0,Juzhnoe Butovo,7400000
81,43.0,7.0,23.0,2005.0,3.0,10.0,Rjazanskij,14900000
45,28.0,9.0,9.0,1970.0,2.0,6.0,Kon'kovo,8300000
49,,11.0,1.0,2014.0,3.0,1.0,Tverskoe,6100900
56,,10.0,10.0,,2.0,1.0,Chertanovo Central'noe,10241077
85,,4.0,,,,,Poselenie Moskovskij,8791222
64,43.0,7.0,9.0,1969.0,3.0,7.0,Chertanovo Severnoe,9000000
33,19.0,8.0,9.0,1970.0,1.0,6.0,Veshnjaki,5200000
42,26.0,4.0,5.0,1963.0,2.0,5.0,Butyrskoe,7500000
54,39.0,4.0,5.0,1964.0,3.0,1.0,Tverskoe,11800000
35,20.0,10.0,12.0,1969.0,1.0,9.0,Novogireevo,6500000
44,44.0,10.0,10.0,2015.0,1.0,10.0,Poselenie Sosenskoe,5709590
78,,10.0,12.0,0.0,3.0,0.0,Poselenie Desjonovskoe,6571833
60,55.0,15.0,,,,,Poselenie Voskresenskoe,4928820
57,38.0,4.0,9.0,1970.0,3.0,5.0,Presnenskoe,11400000
66,44.0,9.0,12.0,1966.0,3.0,9.0,Nagatinskij Zaton,1000000
82,45.0,13.0,25.0,2010.0,3.0,9.0,Novo-Peredelkino,7708000
42,38.0,15.0,22.0,1982.0,1.0,1.0,Jasenevo,7100000
38,19.0,12.0,16.0,1980.0,1.0,8.0,Mar'ino,5850000
66,30.0,13.0,17.0,2010.0,2.0,15.0,Poselenie Sosenskoe,7000000
44,44.0,5.0,9.0,1978.0,2.0,5.0,Rostokino,6400000
35,20.0,3.0,,,,,Kotlovka,6000000
57,43.0,7.0,9.0,1968.0,3.0,5.0,Vyhino-Zhulebino,2000000
52,52.0,14.0,17.0,2015.0,2.0,10.0,Poselenie Vnukovskoe,6365131
66,43.0,3.0,12.0,1979.0,3.0,10.0,Juzhnoe Medvedkovo,9900000
38,23.0,4.0,,,,,Cheremushki,6800000
35,21.0,8.0,9.0,1977.0,1.0,5.0,Lianozovo,5450000
29,,3.0,12.0,2015.0,1.0,1.0,Poselenie Filimonkovskoe,2199436
42,25.0,5.0,5.0,1959.0,2.0,5.0,Ostankinskoe,6800000
50,30.0,7.0,17.0,2009.0,2.0,9.0,Ostankinskoe,13800000
39,20.0,13.0,14.0,1986.0,1.0,8.0,Orehovo-Borisovo Severnoe,2000000
55,37.0,5.0,5.0,1961.0,3.0,5.0,Kuz'minki,6900000
45,0.0,3.0,12.0,2015.0,1.0,0.0,Poselenie Sosenskoe,4771580
30,18.0,1.0,5.0,1966.0,1.0,5.0,Caricyno,4850000
55,30.0,6.0,17.0,2005.0,2.0,10.0,Ochakovo-Matveevskoe,9970000
31,21.0,5.0,9.0,1967.0,2.0,5.0,Basmannoe,8500000
34,19.0,7.0,9.0,1973.0,1.0,8.0,Teplyj Stan,5450000
72,43.0,14.0,,,,,Teplyj Stan,11450000
51,,3.0,,,,,Poselenie Vnukovskoe,4204993
43,38.0,14.0,25.0,2015.0,1.0,10.0,Mitino,7440612
36,17.0,3.0,12.0,1974.0,1.0,6.0,Bibirevo,6400000
51,31.0,9.0,12.0,1973.0,2.0,9.0,Birjulevo Vostochnoe,6250000
77,50.0,4.0,5.0,1960.0,3.0,10.0,Mozhajskoe,10500000
69,69.0,15.0,16.0,1975.0,3.0,7.0,Teplyj Stan,10200000
47,47.0,21.0,21.0,2016.0,1.0,1.0,Filevskij Park,9960155
51,31.0,10.0,12.0,1982.0,2.0,9.0,Brateevo,6000000
34,,7.0,,,,,Poselenie Sosenskoe,3658060
32,20.0,2.0,8.0,1960.0,1.0,5.0,Ajeroport,6700000
63,36.0,2.0,,,,,Timirjazevskoe,8500000
49,17.0,15.0,17.0,2012.0,1.0,16.0,Poselenie Sosenskoe,5450000
33,17.0,3.0,5.0,1959.0,1.0,6.0,Presnenskoe,7300000
44,30.0,3.0,5.0,1963.0,2.0,5.0,Horoshevo-Mnevniki,7100000
81,81.0,7.0,20.0,2012.0,1.0,1.0,Zjuzino,15165196
76,45.0,11.0,16.0,1981.0,3.0,10.0,Solncevo,15800000
38,20.0,15.0,16.0,1982.0,1.0,8.0,Filevskij Park,6450000
54,,3.0,16.0,2015.0,2.0,1.0,Horoshevskoe,8827590
44,28.0,11.0,12.0,1969.0,2.0,5.0,Babushkinskoe,6900000
45,29.0,1.0,5.0,1960.0,2.0,5.0,Severnoe Izmajlovo,3000000
77,77.0,11.0,17.0,2015.0,2.0,0.0,Poselenie Sosenskoe,7289860
101,65.0,13.0,22.0,1990.0,4.0,10.0,Severnoe Butovo,15000000
50,29.0,11.0,14.0,1992.0,2.0,7.0,Vyhino-Zhulebino,8300000
70,48.0,5.0,5.0,1956.0,3.0,7.0,Izmajlovo,12000000
64,44.0,12.0,12.0,1965.0,3.0,9.0,Otradnoe,9200000
45,29.0,4.0,9.0,1971.0,2.0,6.0,Chertanovo Juzhnoe,6900000
34,19.0,6.0,16.0,1973.0,1.0,9.0,Levoberezhnoe,7550000
43,27.0,5.0,9.0,1972.0,2.0,5.0,Akademicheskoe,7500000
82,51.0,2.0,5.0,1957.0,3.0,8.0,Perovo,2000000
38,20.0,13.0,17.0,2016.0,1.0,10.0,Poselenie Desjonovskoe,4209255
59,44.0,5.0,9.0,1970.0,3.0,5.0,Losinoostrovskoe,8500000
31,18.0,1.0,5.0,1960.0,1.0,6.0,Orehovo-Borisovo Severnoe,3600000
57,1.0,15.0,17.0,2015.0,2.0,1.0,Poselenie Sosenskoe,7510360
102,49.0,2.0,6.0,1987.0,4.0,16.0,Tverskoe,23700000
60,36.0,5.0,7.0,1995.0,2.0,10.0,Poselenie Voskresenskoe,3000000
31,21.0,2.0,9.0,1965.0,1.0,5.0,Beskudnikovskoe,5200000
61,41.0,16.0,24.0,2017.0,2.0,10.0,Nagatinskij Zaton,9680262
37,,3.0,1.0,2015.0,1.0,1.0,Poselenie Sosenskoe,3656900
58,30.0,13.0,14.0,1961.0,2.0,11.0,Dmitrovskoe,9400000
47,28.0,3.0,14.0,2004.0,2.0,7.0,Savelki,6550000
44,27.0,8.0,9.0,1976.0,2.0,6.0,Jasenevo,7350000
30,16.0,1.0,5.0,1960.0,1.0,6.0,Ochakovo-Matveevskoe,4450000
43,43.0,3.0,8.0,1959.0,2.0,5.0,Meshhanskoe,1000000
75,44.0,13.0,16.0,1982.0,3.0,10.0,Nagatinskij Zaton,13400000
54,28.0,6.0,6.0,1911.0,2.0,7.0,Jakimanka,14900000
65,37.0,13.0,,,,,Nekrasovka,6500000
61,31.0,6.0,14.0,2006.0,2.0,2.0,Kosino-Uhtomskoe,9300000
43,40.0,24.0,,,,,Mitino,6799850
35,17.0,3.0,5.0,1951.0,1.0,7.0,Izmajlovo,999000
38,21.0,12.0,,,,,Strogino,990000
39,37.0,15.0,17.0,2014.0,1.0,1.0,Nekrasovka,4424000
40,16.0,14.0,22.0,2010.0,1.0,11.0,Levoberezhnoe,2000000
48,31.0,7.0,12.0,1967.0,2.0,8.0,Matushkino,5400000
61,32.0,21.0,22.0,2010.0,2.0,10.0,Levoberezhnoe,1000000
37,18.0,5.0,14.0,1974.0,1.0,8.0,Meshhanskoe,3000000
67,43.0,12.0,12.0,1975.0,3.0,10.0,Cheremushki,14000000
30,18.0,1.0,,,,,Mozhajskoe,4500000
32,17.0,8.0,12.0,1965.0,1.0,9.0,Kuncevo,6500000
46,46.0,2.0,17.0,2016.0,1.0,10.0,Poselenie Moskovskij,5649593
52,30.0,4.0,12.0,1960.0,2.0,8.0,Dorogomilovo,13100000
42,,13.0,18.0,,1.0,1.0,Krjukovo,4599000
49,,10.0,12.0,2013.0,1.0,6.0,Poselenie Kokoshkino,3046392
92,56.0,4.0,5.0,1.0,3.0,8.0,Vojkovskoe,10400000
30,18.0,3.0,5.0,1969.0,1.0,5.0,Mozhajskoe,6500000
62,58.0,11.0,17.0,2013.0,2.0,1.0,Nekrasovka,5782752
64,43.0,5.0,12.0,1966.0,3.0,9.0,Zjuzino,10450000
40,16.0,2.0,10.0,2003.0,1.0,10.0,Ljublino,5950000
76,76.0,4.0,17.0,2014.0,3.0,1.0,Mitino,12760883
48,48.0,11.0,20.0,2014.0,1.0,1.0,Poselenie Moskovskij,5714266
57,43.0,3.0,5.0,1960.0,3.0,5.0,Lefortovo,11200000
45,27.0,5.0,12.0,1972.0,2.0,6.0,Chertanovo Severnoe,7400000
64,38.0,9.0,14.0,1988.0,3.0,8.0,Zapadnoe Degunino,2000000
76,44.0,19.0,22.0,1986.0,3.0,10.0,Jasenevo,2000000
32,18.0,2.0,9.0,1967.0,1.0,6.0,Severnoe Izmajlovo,3000000
75,44.0,13.0,16.0,1982.0,3.0,10.0,Nagatinskij Zaton,13400000
80,77.0,17.0,25.0,2015.0,3.0,1.0,Mitino,9130770
59,56.0,6.0,17.0,2015.0,2.0,1.0,Poselenie Desjonovskoe,5015754
74,43.0,5.0,16.0,1982.0,3.0,10.0,Horoshevskoe,12900000
37,21.0,1.0,12.0,1968.0,2.0,7.0,Kotlovka,6200000
84,54.0,14.0,,,,,Severnoe Butovo,10100000
62,,2.0,24.0,1.0,2.0,1.0,Poselenie Vnukovskoe,7358241
32,21.0,3.0,9.0,1963.0,1.0,5.0,Donskoe,7600000
67,,10.0,16.0,2015.0,2.0,1.0,Poselenie Shherbinka,6100000
73,47.0,9.0,11.0,1955.0,3.0,8.0,Sokolinaja Gora,14600000
76,59.0,2.0,5.0,1954.0,3.0,4.0,Izmajlovo,10600000
29,27.0,5.0,12.0,,1.0,1.0,Poselenie Filimonkovskoe,2132573
43,28.0,7.0,9.0,1969.0,2.0,6.0,Altuf'evskoe,5800000
58,30.0,6.0,8.0,2003.0,2.0,12.0,Ljublino,7500000
82,51.0,4.0,14.0,1997.0,3.0,11.0,Rjazanskij,12850000
42,,3.0,1.0,1.0,1.0,1.0,Krjukovo,4305000
86,67.0,2.0,,,,,Presnenskoe,3200000
45,31.0,5.0,,,,,Cheremushki,7400000
38,16.0,3.0,5.0,1925.0,1.0,5.0,Hamovniki,9200000
149,,8.0,8.0,2014.0,3.0,1.0,Jasenevo,32606400
112,112.0,3.0,3.0,2015.0,3.0,112.0,Poselenie Sosenskoe,8200031
53,30.0,14.0,14.0,1985.0,2.0,8.0,Brateevo,8500000
38,16.0,10.0,21.0,2007.0,1.0,8.0,Obruchevskoe,8950000
32,19.0,7.0,9.0,1979.0,1.0,6.0,Strogino,5950000
54,30.0,5.0,5.0,1958.0,2.0,7.0,Ajeroport,11830000
74,32.0,20.0,24.0,2009.0,2.0,11.0,Troparevo-Nikulino,10432700
70,33.0,21.0,25.0,2010.0,2.0,9.0,Novo-Peredelkino,10200000
37,,16.0,,,,,Mitino,6304522
64,45.0,9.0,12.0,1972.0,3.0,6.0,Birjulevo Vostochnoe,2000000
78,43.0,3.0,17.0,2013.0,3.0,13.0,Severnoe Medvedkovo,15500000
60,,10.0,18.0,1.0,2.0,1.0,Krjukovo,6241050
35,19.0,1.0,,,,,Kapotnja,4350000
72,43.0,7.0,16.0,1983.0,3.0,10.0,Zjuzino,12800000
38,20.0,3.0,12.0,1980.0,1.0,8.0,Chertanovo Juzhnoe,6450000
60,1.0,1.0,1.0,1.0,1.0,1.0,Nekrasovka,6530200
39,19.0,7.0,17.0,1985.0,1.0,8.0,Brateevo,6100000
36,20.0,9.0,12.0,1968.0,1.0,9.0,Basmannoe,8200000
40,,7.0,,,,,Poselenie Vnukovskoe,3369200
75,46.0,14.0,17.0,1990.0,3.0,10.0,Severnoe Butovo,11350000
36,19.0,17.0,,,,,Otradnoe,3841200
59,43.0,12.0,12.0,1970.0,3.0,5.0,Pokrovskoe Streshnevo,8800000
45,28.0,9.0,9.0,1971.0,2.0,6.0,Veshnjaki,6900000
43,29.0,1.0,5.0,1961.0,2.0,5.0,Bogorodskoe,6500000
32,18.0,5.0,5.0,1960.0,1.0,5.0,Koptevo,3800000
77,45.0,3.0,22.0,1983.0,3.0,9.0,Orehovo-Borisovo Severnoe,16100000
74,36.0,8.0,8.0,2008.0,2.0,11.0,Kurkino,14800000
63,37.0,13.0,14.0,1994.0,3.0,8.0,Krjukovo,7950000
42,22.0,19.0,25.0,2007.0,1.0,11.0,Mitino,3000000
51,30.0,5.0,17.0,2012.0,2.0,9.0,Vojkovskoe,7341400
35,14.0,5.0,10.0,2002.0,1.0,14.0,Mar'ino,6270000
47,30.0,11.0,12.0,1974.0,2.0,6.0,Bibirevo,7200000
81,53.0,6.0,9.0,1957.0,3.0,8.0,Alekseevskoe,19150000
40,,5.0,1.0,2014.0,1.0,1.0,Tverskoe,3941493
85,48.0,6.0,1.0,2014.0,3.0,1.0,Poselenie Voskresenskoe,8883798
42,26.0,5.0,5.0,1964.0,2.0,5.0,Bogorodskoe,6300000
46,22.0,22.0,22.0,1999.0,1.0,7.0,Krjukovo,1300000
60,34.0,3.0,17.0,1985.0,2.0,10.0,Mar'ino,1000000
55,35.0,1.0,5.0,1959.0,2.0,7.0,Marfino,5000000
54,1.0,8.0,1.0,1.0,2.0,1.0,Krjukovo,6148000
36,24.0,5.0,5.0,1959.0,1.0,4.0,Bogorodskoe,5900000
38,18.0,4.0,16.0,1981.0,1.0,8.0,Donskoe,6300000
60,37.0,8.0,12.0,1980.0,3.0,8.0,Strogino,14000000
64,64.0,13.0,0.0,0.0,2.0,0.0,Poselenie Sosenskoe,7522350
82,1.0,12.0,12.0,2015.0,3.0,1.0,Poselenie Sosenskoe,7491396
55,31.0,11.0,14.0,1969.0,2.0,8.0,Alekseevskoe,1500000
56,37.0,4.0,5.0,1961.0,3.0,5.0,Cheremushki,10500000
41,27.0,1.0,4.0,1965.0,2.0,6.0,Poselenie Krasnopahorskoe,1000000
57,35.0,6.0,8.0,1958.0,2.0,8.0,Lomonosovskoe,7000000
38,23.0,12.0,12.0,1968.0,2.0,6.0,Vyhino-Zhulebino,5700000
80,48.0,3.0,9.0,1998.0,3.0,8.0,Juzhnoe Butovo,11700000
64,60.0,15.0,17.0,2013.0,1.0,12.0,Poselenie Sosenskoe,7000000
76,38.0,14.0,30.0,2010.0,2.0,14.0,Zjuzino,14433053
54,37.0,3.0,5.0,2014.0,3.0,5.0,Cheremushki,9300000
82,,12.0,0.0,,2.0,0.0,Poselenie Vnukovskoe,8917028
57,35.0,14.0,16.0,1972.0,2.0,8.0,Nagornoe,12100000
31,18.0,2.0,4.0,1961.0,1.0,6.0,Solncevo,4600000
68,65.0,2.0,1.0,2014.0,2.0,1.0,Poselenie Desjonovskoe,5719380
39,20.0,2.0,12.0,1972.0,1.0,8.0,Juzhnoportovoe,9800000
51,30.0,7.0,17.0,2014.0,2.0,9.0,Beskudnikovskoe,2000000
64,1.0,1.0,1.0,1.0,1.0,1.0,Nekrasovka,6592000
36,19.0,12.0,12.0,1966.0,1.0,10.0,Prospekt Vernadskogo,6950000
35,14.0,10.0,12.0,1999.0,1.0,10.0,Juzhnoe Butovo,2700000
67,67.0,2.0,3.0,0.0,3.0,1.0,Poselenie Novofedorovskoe,3551990
38,,4.0,9.0,,1.0,0.0,Poselenie Vnukovskoe,5388768
34,19.0,9.0,9.0,1977.0,1.0,6.0,Orehovo-Borisovo Juzhnoe,5600000
74,44.0,12.0,16.0,1978.0,3.0,10.0,Cheremushki,14900000
46,44.0,5.0,25.0,2013.0,1.0,1.0,Nekrasovka,4740002
33,19.0,2.0,4.0,1961.0,1.0,6.0,Kuncevo,4650000
76,51.0,5.0,5.0,1931.0,3.0,7.0,Dorogomilovo,20079000
50,33.0,1.0,9.0,1969.0,3.0,6.0,Vyhino-Zhulebino,6450000
60,42.0,7.0,9.0,1968.0,3.0,6.0,Ochakovo-Matveevskoe,5854790
75,44.0,14.0,16.0,1976.0,3.0,10.0,Jasenevo,12300000
30,18.0,4.0,5.0,1961.0,1.0,5.0,Presnenskoe,6350000
32,20.0,2.0,5.0,1961.0,1.0,5.0,Kotlovka,5200000
63,58.0,7.0,17.0,2014.0,2.0,12.0,Poselenie Voskresenskoe,5995440
45,30.0,4.0,5.0,1963.0,2.0,5.0,Horoshevo-Mnevniki,7100000
79,,5.0,1.0,,3.0,1.0,Nekrasovka,7682400
63,,4.0,17.0,,2.0,1.0,Nekrasovka,6530200
49,34.0,4.0,,,,,Akademicheskoe,1000000
57,35.0,7.0,17.0,1973.0,2.0,7.0,Nagatinskij Zaton,10800000
25,16.0,2.0,5.0,1929.0,1.0,4.0,Hamovniki,7130000
74,40.0,16.0,17.0,2014.0,3.0,0.0,Poselenie Moskovskij,5453443
77,77.0,9.0,17.0,0.0,3.0,0.0,Solncevo,6567484
44,28.0,4.0,5.0,1966.0,2.0,5.0,Caricyno,7200000
30,15.0,12.0,,,,,Chertanovo Juzhnoe,5400000
52,52.0,9.0,9.0,2015.0,1.0,0.0,Poselenie Moskovskij,5785757
64,31.0,9.0,17.0,2006.0,2.0,13.0,Gol'janovo,8300000
85,85.0,10.0,22.0,,3.0,1.0,Poselenie Vnukovskoe,9632564
38,20.0,4.0,14.0,2003.0,1.0,8.0,Savelki,4550000
79,41.0,10.0,10.0,2013.0,3.0,1.0,Tverskoe,7396800
44,26.0,10.0,12.0,1968.0,2.0,6.0,Severnoe Medvedkovo,8800000
62,58.0,13.0,17.0,2014.0,2.0,1.0,Nekrasovka,6334200
43,27.0,4.0,5.0,1964.0,2.0,5.0,Tekstil'shhiki,8000000
86,86.0,10.0,17.0,2016.0,2.0,1.0,Hovrino,11913737
41,21.0,13.0,14.0,1996.0,1.0,8.0,Mar'ino,7350000
76,45.0,16.0,16.0,1982.0,3.0,10.0,Kuncevo,13750000
69,46.0,10.0,10.0,1959.0,3.0,8.0,Gagarinskoe,16100000
275,232.0,11.0,37.0,2009.0,5.0,26.0,Shhukino,15919294
56,41.0,3.0,10.0,1968.0,3.0,5.0,Kotlovka,9600000
52,30.0,7.0,16.0,2006.0,2.0,9.0,Kosino-Uhtomskoe,7400000
150,146.0,5.0,12.0,2009.0,3.0,24.0,Prospekt Vernadskogo,49012500
56,,4.0,1.0,1.0,2.0,1.0,Mitino,9080136
63,60.0,17.0,17.0,2014.0,2.0,1.0,Nekrasovka,6530200
92,92.0,16.0,22.0,2014.0,4.0,8.0,Chertanovo Central'noe,17797720
51,28.0,6.0,9.0,1969.0,2.0,7.0,Savelki,5320000
66,36.0,5.0,5.0,1952.0,2.0,8.0,Nizhegorodskoe,6480000
60,,4.0,25.0,2015.0,2.0,0.0,Mitino,9090861
52,30.0,9.0,14.0,2006.0,2.0,9.0,Severnoe Izmajlovo,10000000
61,,15.0,17.0,0.0,2.0,1.0,Poselenie Moskovskij,5210124
32,18.0,6.0,9.0,1971.0,1.0,6.0,Vostochnoe Degunino,3000000
59,41.0,7.0,9.0,1968.0,3.0,6.0,Ochakovo-Matveevskoe,10000000
29,,15.0,,,,,Mitino,4766726
44,26.0,4.0,5.0,1963.0,2.0,5.0,Presnenskoe,8700000
146,94.0,9.0,22.0,2009.0,4.0,1.0,Fili Davydkovo,30000000
38,,13.0,17.0,,1.0,1.0,Nekrasovka,4064688
74,41.0,6.0,14.0,2014.0,3.0,12.0,Poselenie Voskresenskoe,7319750
43,27.0,6.0,9.0,1969.0,2.0,5.0,Kon'kovo,8350000
51,19.0,8.0,10.0,2002.0,1.0,11.0,Juzhnoe Butovo,8250000
32,18.0,6.0,9.0,1962.0,1.0,7.0,Danilovskoe,5815000
35,19.0,11.0,12.0,1972.0,1.0,9.0,Losinoostrovskoe,5500000
65,64.0,10.0,10.0,2014.0,2.0,1.0,Poselenie Krasnopahorskoe,4269850
60,41.0,1.0,9.0,1977.0,3.0,6.0,Zjablikovo,10000000
42,20.0,13.0,14.0,1991.0,1.0,8.0,Krjukovo,1000000
64,39.0,1.0,17.0,2011.0,3.0,8.0,Poselenie Moskovskij,4328200
61,61.0,2.0,25.0,2016.0,2.0,10.0,Tverskoe,12505200
74,74.0,7.0,25.0,2014.0,3.0,1.0,Nagornoe,14799275
43,24.0,13.0,16.0,1997.0,2.0,8.0,Koptevo,8000000
52,28.0,3.0,16.0,1977.0,2.0,10.0,Gol'janovo,7900000
36,19.0,5.0,16.0,1983.0,1.0,9.0,Ljublino,6200000
52,52.0,11.0,17.0,0.0,2.0,0.0,Poselenie Vnukovskoe,5899228
39,22.0,11.0,12.0,1965.0,2.0,7.0,Kuz'minki,6800000
62,,18.0,24.0,2015.0,2.0,10.0,Poselenie Vnukovskoe,7520735
60,44.0,5.0,9.0,1972.0,3.0,5.0,Gol'janovo,8250000
42,25.0,5.0,5.0,1915.0,2.0,6.0,Tverskoe,9050000
64,44.0,7.0,16.0,,3.0,7.0,Zjuzino,14000000
41,25.0,5.0,5.0,1961.0,2.0,5.0,Babushkinskoe,6100000
100,67.0,8.0,9.0,1964.0,4.0,8.0,Krasnosel'skoe,17500000
76,45.0,6.0,14.0,1997.0,3.0,10.0,Severnoe Medvedkovo,14000000
73,44.0,2.0,17.0,1983.0,3.0,10.0,Birjulevo Vostochnoe,9850000
43,43.0,7.0,7.0,2015.0,1.0,1.0,Poselenie Vnukovskoe,5864843
37,19.0,12.0,14.0,1973.0,1.0,7.0,Nagatinskij Zaton,7000000
64,64.0,12.0,17.0,0.0,2.0,1.0,Poselenie Moskovskij,6535960
44,28.0,1.0,9.0,1970.0,2.0,5.0,Ochakovo-Matveevskoe,8390000
60,33.0,15.0,17.0,1990.0,2.0,10.0,Novokosino,9550000
38,18.0,6.0,23.0,1985.0,1.0,8.0,Krylatskoe,7800000
172,88.0,8.0,26.0,2002.0,4.0,23.0,Strogino,54000000
63,44.0,10.0,15.0,2010.0,3.0,5.0,Chertanovo Severnoe,7402000
34,18.0,15.0,16.0,1981.0,1.0,9.0,Chertanovo Severnoe,6300000
47,29.0,8.0,9.0,1967.0,2.0,5.0,Dmitrovskoe,6800000
38,20.0,17.0,22.0,1985.0,1.0,10.0,Juzhnoe Tushino,6500000
73,44.0,4.0,10.0,1999.0,3.0,10.0,Mar'ino,12000000
54,35.0,5.0,5.0,1959.0,3.0,5.0,Ljublino,7025000
51,22.0,15.0,17.0,2006.0,1.0,10.0,Kosino-Uhtomskoe,6489000
79,75.0,2.0,17.0,2013.0,3.0,1.0,Nekrasovka,7286756
65,42.0,10.0,12.0,1972.0,3.0,10.0,Vyhino-Zhulebino,9900000
30,17.0,4.0,5.0,1959.0,1.0,4.0,Savelovskoe,6800000
45,28.0,3.0,5.0,1966.0,2.0,5.0,Donskoe,6250000
74,46.0,12.0,16.0,2002.0,3.0,10.0,Nagornoe,16850000
59,43.0,9.0,9.0,1971.0,3.0,6.0,Nizhegorodskoe,7000000
36,20.0,5.0,9.0,1970.0,1.0,6.0,Veshnjaki,5200000
58,36.0,8.0,9.0,1980.0,3.0,6.0,Mar'ino,8000000
38,22.0,1.0,9.0,1963.0,2.0,8.0,Nagornoe,6300000
100,63.0,22.0,22.0,1994.0,4.0,9.0,Mitino,14600000
77,,6.0,17.0,2015.0,3.0,10.0,Poselenie Vnukovskoe,7668198
46,30.0,11.0,12.0,1980.0,2.0,6.0,Strogino,8150000
39,20.0,2.0,12.0,1978.0,1.0,8.0,Chertanovo Juzhnoe,5400000
68,42.0,4.0,10.0,1958.0,3.0,6.0,Dorogomilovo,13500000
70,32.0,2.0,9.0,2002.0,2.0,11.0,Kuz'minki,1000000
53,30.0,6.0,12.0,1983.0,2.0,8.0,Ljublino,7800000
75,,9.0,,,,,Mitino,9988575
93,54.0,5.0,14.0,2004.0,3.0,13.0,Poselenie Shherbinka,2000000
63,33.0,21.0,25.0,,2.0,13.0,Nekrasovka,6581700
71,43.0,6.0,10.0,2004.0,3.0,10.0,Kosino-Uhtomskoe,9750000
32,18.0,2.0,,,,,Teplyj Stan,5800000
41,20.0,8.0,12.0,1984.0,1.0,8.0,Obruchevskoe,8150000
74,45.0,15.0,17.0,1983.0,3.0,10.0,Birjulevo Vostochnoe,9275000
54,32.0,12.0,17.0,1990.0,2.0,9.0,Mar'ino,2000000
35,20.0,9.0,12.0,1970.0,1.0,9.0,Severnoe Izmajlovo,5600000
44,28.0,3.0,4.0,1969.0,2.0,5.0,Poselenie Marushkinskoe,3600000
44,29.0,5.0,,,,,Alekseevskoe,6600000
43,29.0,2.0,9.0,1969.0,2.0,5.0,Mozhajskoe,7900000
43,31.0,2.0,5.0,1962.0,2.0,5.0,Golovinskoe,5850000
67,,3.0,15.0,2013.0,3.0,1.0,Zapadnoe Degunino,4040750
37,19.0,1.0,17.0,2002.0,1.0,7.0,Severnoe Izmajlovo,5500000
42,42.0,12.0,17.0,2014.0,1.0,1.0,Poselenie Sosenskoe,4241480
52,30.0,3.0,17.0,1998.0,2.0,8.0,Obruchevskoe,9950000
34,34.0,3.0,3.0,2014.0,1.0,1.0,Poselenie Novofedorovskoe,1953928
59,42.0,7.0,9.0,1975.0,3.0,5.0,Solncevo,8390000
45,34.0,9.0,9.0,1963.0,2.0,5.0,Nagornoe,7300000
81,44.0,12.0,17.0,1993.0,3.0,10.0,Mitino,11800000
44,27.0,5.0,9.0,1968.0,2.0,5.0,Kuncevo,1100000
38,38.0,10.0,17.0,2016.0,1.0,10.0,Poselenie Desjonovskoe,3840769
48,27.0,10.0,10.0,2008.0,2.0,8.0,Krjukovo,6450000
58,30.0,9.0,15.0,2006.0,2.0,13.0,Chertanovo Juzhnoe,11400000
58,15.0,1.0,17.0,1998.0,2.0,10.0,Mar'ino,7400000
31,17.0,3.0,12.0,1959.0,1.0,5.0,Gagarinskoe,3000000
38,19.0,9.0,10.0,1963.0,1.0,8.0,Ramenki,8500000
44,28.0,1.0,5.0,1963.0,2.0,5.0,Dmitrovskoe,6100000
31,20.0,4.0,5.0,1962.0,1.0,5.0,Kuz'minki,5500000
77,45.0,3.0,17.0,2012.0,3.0,10.0,Poselenie Desjonovskoe,5000000
40,24.0,3.0,,,,,Horoshevo-Mnevniki,6600000
60,42.0,4.0,9.0,1969.0,3.0,6.0,Kon'kovo,10900000
41,41.0,1.0,17.0,2013.0,1.0,1.0,Strogino,6624540
36,21.0,8.0,9.0,1979.0,1.0,6.0,Juzhnoe Medvedkovo,6300000
100,,5.0,,,,,Poselenie Moskovskij,8354175
108,65.0,22.0,22.0,2000.0,4.0,10.0,Ljublino,16700000
35,18.0,7.0,12.0,1980.0,1.0,6.0,Dmitrovskoe,6000000
58,33.0,6.0,22.0,1992.0,2.0,10.0,Mitino,10300000
64,40.0,1.0,16.0,1980.0,3.0,8.0,Otradnoe,8900000
37,,13.0,,,,,Tekstil'shhiki,6085035
48,28.0,11.0,14.0,1974.0,2.0,9.0,Tekstil'shhiki,8030000
64,36.0,4.0,12.0,1994.0,3.0,11.0,Savelki,10800000
65,39.0,4.0,12.0,1977.0,3.0,8.0,Bibirevo,8200000
55,54.0,3.0,19.0,2016.0,2.0,10.0,Nagatinskij Zaton,8926177
28,15.0,1.0,14.0,1965.0,1.0,5.0,Koptevo,4630000
69,,11.0,15.0,2017.0,2.0,17.0,Zapadnoe Degunino,5453910
44,28.0,2.0,9.0,1979.0,2.0,6.0,Strogino,7250000
41,26.0,5.0,5.0,1966.0,2.0,5.0,Tekstil'shhiki,2500000
43,27.0,4.0,9.0,1968.0,2.0,5.0,Vyhino-Zhulebino,3000000
80,1.0,2.0,17.0,2014.0,3.0,1.0,Poselenie Sosenskoe,7243060
73,42.0,8.0,17.0,1988.0,3.0,10.0,Nagornoe,14500000
32,18.0,6.0,9.0,1968.0,1.0,6.0,Golovinskoe,6000000
77,77.0,4.0,,,,,Nekrasovka,6255627
44,29.0,1.0,9.0,1973.0,2.0,5.0,Vostochnoe Izmajlovo,6000000
32,18.0,2.0,9.0,1971.0,1.0,6.0,Veshnjaki,5600000
41,20.0,7.0,12.0,1981.0,1.0,8.0,Strogino,7100000
51,35.0,9.0,17.0,1999.0,2.0,8.0,Mozhajskoe,14000000
37,19.0,10.0,14.0,2003.0,1.0,7.0,Solncevo,5650000
39,21.0,3.0,,,,,Otradnoe,5800000
65,46.0,8.0,9.0,1975.0,4.0,6.0,Losinoostrovskoe,9500000
45,45.0,14.0,,,,,Poselenie Sosenskoe,4698500
38,23.0,11.0,14.0,1971.0,2.0,620.0,Novogireevo,6300000
39,19.0,15.0,17.0,1987.0,1.0,8.0,Chertanovo Severnoe,7250000
35,35.0,9.0,9.0,1965.0,1.0,10.0,Rjazanskij,2000000
76,44.0,12.0,17.0,1986.0,3.0,9.0,Sviblovo,12500000
38,19.0,4.0,17.0,2007.0,1.0,7.0,Severnoe,2000000
33,22.0,4.0,5.0,1964.0,1.0,5.0,Zjuzino,1000000
40,,8.0,1.0,2015.0,1.0,1.0,Losinoostrovskoe,7164276
42,17.0,19.0,22.0,2001.0,1.0,10.0,Mar'ino,6700000
45,27.0,7.0,9.0,1976.0,2.0,6.0,Cheremushki,7950000
77,77.0,5.0,,,,,Krjukovo,7765000
63,29.0,9.0,9.0,2013.0,2.0,8.0,Krjukovo,6646500
64,64.0,16.0,16.0,2014.0,2.0,1.0,Nekrasovka,6784000
35,22.0,5.0,9.0,1968.0,2.0,6.0,Bogorodskoe,5800000
64,34.0,13.0,17.0,2008.0,2.0,12.0,Hovrino,10800000
58,40.0,3.0,5.0,1966.0,3.0,5.0,Dmitrovskoe,7500000
35,19.0,2.0,12.0,1967.0,1.0,9.0,Rjazanskij,5320000
61,61.0,6.0,12.0,0.0,2.0,0.0,Zapadnoe Degunino,7183800
54,32.0,12.0,,,,,Zapadnoe Degunino,4296616
51,33.0,8.0,9.0,1974.0,2.0,6.0,Kon'kovo,8300000
47,27.0,9.0,9.0,1972.0,2.0,5.0,Jaroslavskoe,6200000
52,30.0,11.0,14.0,1991.0,2.0,8.0,Severnoe Butovo,7850000
51,30.0,7.0,12.0,1976.0,2.0,9.0,Zjablikovo,8400000
56,41.0,6.0,9.0,1971.0,3.0,5.0,Fili Davydkovo,12400000
38,38.0,10.0,17.0,2013.0,1.0,1.0,Poselenie Voskresenskoe,4064688
51,30.0,6.0,17.0,1992.0,2.0,8.0,Vostochnoe Degunino,8200000
38,18.0,19.0,24.0,1995.0,1.0,8.0,Kon'kovo,8400000
100,64.0,9.0,12.0,2004.0,4.0,11.0,Kosino-Uhtomskoe,11800000
59,28.0,5.0,5.0,1988.0,2.0,9.0,Danilovskoe,10500000
54,32.0,1.0,17.0,1987.0,2.0,9.0,Solncevo,6700000
42,,5.0,18.0,2014.0,1.0,1.0,Krjukovo,4347000
38,22.0,2.0,12.0,1966.0,2.0,7.0,Severnoe Izmajlovo,6080000
44,28.0,2.0,5.0,1960.0,2.0,5.0,Horoshevo-Mnevniki,7000000
45,30.0,8.0,12.0,1972.0,2.0,6.0,Birjulevo Zapadnoe,2250000
58,30.0,14.0,14.0,2002.0,2.0,11.0,Obruchevskoe,11300000
52,29.0,19.0,22.0,1984.0,2.0,8.0,Chertanovo Severnoe,8300000
47,30.0,6.0,12.0,1979.0,2.0,6.0,Severnoe Medvedkovo,8500000
38,19.0,8.0,17.0,1986.0,1.0,8.0,Kon'kovo,8850000
80,56.0,8.0,12.0,1979.0,4.0,6.0,Strogino,13000000
57,35.0,2.0,5.0,1958.0,2.0,8.0,Perovo,8200000
68,42.0,1.0,17.0,1986.0,3.0,9.0,Krylatskoe,11700000
52,30.0,,,,,,Meshhanskoe,10500000
46,30.0,9.0,9.0,1968.0,2.0,6.0,Caricyno,7200000
54,31.0,3.0,5.0,1954.0,2.0,7.0,Izmajlovo,9500000
73,42.0,8.0,17.0,2008.0,3.0,10.0,Poselenie Moskovskij,10500000
69,36.0,14.0,17.0,2014.0,2.0,0.0,Levoberezhnoe,11213650
52,29.0,8.0,12.0,1987.0,2.0,8.0,Sviblovo,4000000
60,43.0,3.0,9.0,1974.0,3.0,6.0,Kapotnja,6750000
36,22.0,1.0,9.0,1967.0,2.0,7.0,Sokolinaja Gora,5200000
49,,3.0,17.0,,1.0,1.0,Poselenie Pervomajskoe,4677540
38,19.0,13.0,17.0,1983.0,1.0,8.0,Birjulevo Vostochnoe,5000000
45,28.0,3.0,5.0,1965.0,2.0,5.0,Golovinskoe,6350000
29,18.0,2.0,,,,,Akademicheskoe,6800000
38,17.0,19.0,22.0,1982.0,1.0,10.0,Jasenevo,7450000
39,19.0,6.0,12.0,2001.0,1.0,7.0,Mar'ino,1000000
24,16.0,1.0,5.0,1968.0,1.0,3.0,Perovo,1000000
52,30.0,11.0,,,,,Severnoe Butovo,2000000
38,19.0,15.0,16.0,1981.0,1.0,8.0,Nagatinskij Zaton,6200000
56,34.0,6.0,7.0,1957.0,2.0,8.0,Lomonosovskoe,15500000
40,20.0,11.0,14.0,1986.0,1.0,8.0,Brateevo,6300000
77,46.0,16.0,17.0,1992.0,3.0,10.0,Vyhino-Zhulebino,10000000
54,32.0,9.0,14.0,1996.0,2.0,9.0,Mar'ino,1000000
64,,17.0,,,,,Mitino,7768459
62,42.0,4.0,9.0,1969.0,3.0,6.0,Matushkino,6700000
116,116.0,7.0,7.0,2015.0,3.0,1.0,Izmajlovo,20638994
47,,5.0,5.0,2014.0,1.0,1.0,Tverskoe,5331642
1,1.0,1.0,1.0,1.0,1.0,1.0,Tverskoe,6675730
47,29.0,1.0,12.0,1972.0,2.0,6.0,Birjulevo Vostochnoe,5700000
34,19.0,1.0,,,,,Mar'ina Roshha,6000000
46,30.0,8.0,9.0,1976.0,2.0,5.0,Orehovo-Borisovo Juzhnoe,7000000
45,45.0,20.0,,,,,Poselenie Sosenskoe,4835000
63,33.0,9.0,17.0,2005.0,2.0,12.0,Solncevo,9400000
64,41.0,10.0,12.0,1982.0,3.0,6.0,Poselenie Marushkinskoe,5600000
38,19.0,7.0,17.0,2006.0,1.0,7.0,Ochakovo-Matveevskoe,6800000
52,30.0,4.0,14.0,1985.0,2.0,8.0,Birjulevo Zapadnoe,6300000
34,19.0,7.0,12.0,1972.0,1.0,9.0,Caricyno,976000
37,,5.0,,,,,Zapadnoe Degunino,3274574
37,19.0,9.0,10.0,1994.0,1.0,8.0,Vyhino-Zhulebino,5750000
44,27.0,3.0,9.0,1970.0,2.0,6.0,Rostokino,7150000
59,42.0,3.0,9.0,1971.0,3.0,6.0,Jaroslavskoe,8500000
44,19.0,9.0,19.0,2006.0,1.0,11.0,Vojkovskoe,8950000
44,30.0,5.0,5.0,1962.0,2.0,5.0,Lomonosovskoe,8000000
123,123.0,5.0,1.0,2014.0,4.0,1.0,Strogino,21004672
49,31.0,5.0,12.0,2013.0,3.0,8.0,Poselenie Sosenskoe,4940000
46,,5.0,25.0,,3.0,0.0,Poselenie Sosenskoe,4943400
38,22.0,3.0,9.0,1961.0,2.0,7.0,Horoshevo-Mnevniki,7200000
68,39.0,10.0,19.0,2012.0,2.0,11.0,Orehovo-Borisovo Severnoe,4386200
62,1.0,1.0,1.0,,2.0,1.0,Krjukovo,6210000
125,65.0,6.0,34.0,2008.0,3.0,24.0,Ajeroport,4055000
90,,2.0,2.0,2015.0,3.0,1.0,Tverskoe,5598985
52,31.0,9.0,17.0,1994.0,2.0,8.0,Mar'ino,8300000
53,30.0,12.0,12.0,1980.0,2.0,8.0,Ljublino,8100000
87,58.0,6.0,25.0,1990.0,4.0,8.0,Kon'kovo,16200000
58,58.0,1.0,3.0,0.0,1.0,0.0,Poselenie Filimonkovskoe,4207000
62,42.0,1.0,12.0,1971.0,3.0,6.0,Chertanovo Severnoe,8500000
40,23.0,11.0,,,,,Horoshevo-Mnevniki,3000000
40,17.0,3.0,24.0,2006.0,1.0,10.0,Kosino-Uhtomskoe,6450000
35,35.0,4.0,17.0,2009.0,1.0,9.0,Novo-Peredelkino,5650000
101,60.0,1.0,,,,,Vostochnoe Izmajlovo,9000000
53,31.0,7.0,10.0,1995.0,2.0,9.0,Mar'ino,9400000
57,31.0,6.0,16.0,1982.0,2.0,10.0,Dmitrovskoe,3000000
84,,18.0,22.0,0.0,3.0,1.0,Poselenie Vnukovskoe,10151369
78,78.0,5.0,9.0,0.0,2.0,0.0,Zapadnoe Degunino,5384665
53,31.0,5.0,17.0,1988.0,2.0,9.0,Solncevo,6750000
58,27.0,8.0,,,,,Juzhnoe Butovo,1200000
52,30.0,9.0,12.0,1977.0,2.0,8.0,Vostochnoe Degunino,7200000
120,63.0,15.0,20.0,2002.0,3.0,17.0,Hamovniki,65000000
80,45.0,9.0,15.0,2001.0,3.0,12.0,Mar'ino,12900000
90,55.0,5.0,14.0,1994.0,4.0,8.0,Vyhino-Zhulebino,12000000
62,50.0,16.0,17.0,2015.0,2.0,10.0,Poselenie Vnukovskoe,6931778
35,19.0,8.0,12.0,1971.0,1.0,9.0,Caricyno,5500000
58,34.0,15.0,17.0,1986.0,2.0,10.0,Kon'kovo,12500000
84,61.0,4.0,6.0,1935.0,4.0,6.0,Sokol'niki,12500000
64,44.0,9.0,12.0,1966.0,3.0,9.0,Novogireevo,10150000
41,20.0,11.0,12.0,1985.0,1.0,8.0,Juzhnoe Tushino,6600000
100,,9.0,1.0,2013.0,2.0,1.0,Poselenie Sosenskoe,12100300
44,18.0,13.0,18.0,2008.0,1.0,11.0,Gol'janovo,8000000
53,35.0,5.0,8.0,1960.0,3.0,5.0,Hamovniki,16000000
48,31.0,9.0,9.0,1970.0,2.0,5.0,Ochakovo-Matveevskoe,3000000
70,49.0,9.0,16.0,1967.0,4.0,6.0,Obruchevskoe,12500000
57,38.0,8.0,12.0,1972.0,3.0,8.0,Juzhnoportovoe,15500000
53,28.0,13.0,16.0,1978.0,2.0,11.0,Nagornoe,11900000
55,55.0,10.0,14.0,2014.0,2.0,1.0,Poselenie Desjonovskoe,4829736
51,31.0,8.0,12.0,1982.0,2.0,9.0,Zapadnoe Degunino,7150000
39,20.0,10.0,22.0,2000.0,1.0,10.0,Hovrino,7100000
38,20.0,4.0,12.0,1977.0,1.0,86.0,Ivanovskoe,2000000
67,43.0,5.0,6.0,1928.0,3.0,8.0,Hamovniki,15750000
62,32.0,8.0,17.0,,2.0,12.0,Nekrasovka,5782752
71,48.0,7.0,8.0,1960.0,3.0,8.0,Lomonosovskoe,15713000
62,59.0,5.0,25.0,1.0,2.0,1.0,Nekrasovka,6489600
57,43.0,7.0,9.0,1965.0,3.0,5.0,Gol'janovo,8200000
58,31.0,3.0,,,,,Savelovskoe,10000000
45,28.0,2.0,9.0,1968.0,2.0,6.0,Vyhino-Zhulebino,5900000
74,44.0,19.0,27.0,2000.0,3.0,0.0,Prospekt Vernadskogo,15400000
54,32.0,17.0,17.0,1987.0,2.0,9.0,Novokosino,7850000
40,18.0,8.0,17.0,2000.0,1.0,9.0,Basmannoe,12500000
35,19.0,11.0,12.0,1974.0,1.0,10.0,Pechatniki,5100000
30,18.0,7.0,9.0,1972.0,1.0,5.0,Bogorodskoe,1000000
59,44.0,9.0,9.0,1966.0,3.0,5.0,Hovrino,7900000
53,30.0,10.0,16.0,1980.0,2.0,8.0,Lianozovo,9000000
32,18.0,1.0,9.0,1977.0,1.0,6.0,Zjablikovo,5000000
64,64.0,22.0,,,,,Nekrasovka,6064634
36,22.0,7.0,9.0,1964.0,2.0,7.0,Sokolinaja Gora,7400000
40,24.0,3.0,5.0,1959.0,2.0,5.0,Koptevo,7300000
28,15.0,6.0,6.0,1929.0,2.0,3.0,Tverskoe,7000000
51,30.0,7.0,12.0,2006.0,2.0,9.0,Kosino-Uhtomskoe,7800000
35,19.0,9.0,9.0,1975.0,1.0,9.0,Mozhajskoe,1000000
75,45.0,6.0,17.0,1997.0,3.0,9.0,Akademicheskoe,18000000
40,20.0,3.0,12.0,1984.0,1.0,8.0,Nagatino-Sadovniki,7300000
60,38.0,2.0,9.0,1972.0,3.0,8.0,Veshnjaki,8400000
51,30.0,5.0,,,,,Izmajlovo,6300000
97,50.0,4.0,9.0,2003.0,3.0,12.0,Kuz'minki,17000000
59,37.0,5.0,9.0,1956.0,2.0,8.0,Lomonosovskoe,13700000
118,69.0,16.0,24.0,2009.0,4.0,14.0,Ramenki,14021000
63,1.0,5.0,17.0,,2.0,1.0,Nekrasovka,6088302
94,66.0,5.0,6.0,1927.0,3.0,8.0,Preobrazhenskoe,1000000
52,30.0,5.0,12.0,1978.0,2.0,8.0,Otradnoe,8000000
49,30.0,1.0,4.0,1952.0,2.0,7.0,Jaroslavskoe,2000000
64,1.0,15.0,15.0,2015.0,2.0,1.0,Solncevo,7596459
39,23.0,12.0,12.0,1971.0,2.0,6.0,Kuz'minki,7500000
1,1.0,1.0,17.0,1.0,1.0,1.0,Poselenie Desjonovskoe,4838066
60,34.0,8.0,16.0,1980.0,2.0,10.0,Mar'ino,8800000
85,37.0,10.0,22.0,2006.0,2.0,17.0,Kuncevo,999000
92,54.0,3.0,17.0,2005.0,3.0,12.0,Juzhnoportovoe,10400000
31,18.0,8.0,9.0,1965.0,1.0,6.0,Preobrazhenskoe,6450000
67,67.0,3.0,10.0,2015.0,3.0,10.0,Poselenie Novofedorovskoe,3561990
76,38.0,4.0,16.0,2012.0,3.0,13.0,Staroe Krjukovo,2000000
29,27.0,8.0,9.0,1999.0,1.0,5.0,Mitino,3600000
43,27.0,3.0,5.0,1968.0,2.0,5.0,Altuf'evskoe,6300000
38,19.0,6.0,17.0,1987.0,1.0,8.0,Sviblovo,1000000
37,19.0,15.0,17.0,1989.0,1.0,7.0,Veshnjaki,5600000
79,,10.0,,,,,Poselenie Sosenskoe,6136900
57,38.0,2.0,9.0,1968.0,3.0,6.0,Ochakovo-Matveevskoe,8700000
32,16.0,3.0,12.0,1973.0,1.0,7.0,Chertanovo Severnoe,5950000
84,,11.0,17.0,,3.0,1.0,Poselenie Vnukovskoe,8818621
38,38.0,3.0,0.0,0.0,1.0,1.0,Poselenie Vnukovskoe,4722223
32,21.0,7.0,9.0,1966.0,1.0,5.0,Bogorodskoe,5650000
77,43.0,3.0,17.0,2011.0,3.0,12.0,Ochakovo-Matveevskoe,7500000
52,30.0,9.0,14.0,1983.0,2.0,8.0,Vyhino-Zhulebino,7960000
43,43.0,5.0,17.0,2015.0,1.0,0.0,Poselenie Sosenskoe,4185010
52,30.0,4.0,,,,,Lianozovo,2500000
34,34.0,9.0,12.0,0.0,1.0,0.0,Poselenie Desjonovskoe,3209306
77,77.0,2.0,3.0,2014.0,3.0,10.0,Juzhnoe Butovo,6200000
67,36.0,4.0,11.0,1962.0,3.0,13.0,Zamoskvorech'e,15157589
96,91.0,6.0,17.0,2015.0,3.0,1.0,Danilovskoe,24043644
66,37.0,5.0,5.0,1953.0,3.0,5.0,Vostochnoe Izmajlovo,9750000
64,44.0,3.0,9.0,1971.0,3.0,6.0,Veshnjaki,7450000
41,25.0,2.0,5.0,1959.0,2.0,5.0,Shhukino,8200000
84,,4.0,17.0,0.0,3.0,1.0,Poselenie Vnukovskoe,8908949
53,32.0,12.0,16.0,1977.0,2.0,9.0,Ivanovskoe,8050000
38,23.0,8.0,12.0,1966.0,2.0,6.0,Sviblovo,7500000
30,17.0,8.0,9.0,1968.0,1.0,5.0,Preobrazhenskoe,1150000
40,,13.0,17.0,2015.0,1.0,10.0,Solncevo,3991240
48,31.0,1.0,9.0,1970.0,2.0,6.0,Veshnjaki,5900000
65,39.0,5.0,12.0,1984.0,3.0,7.0,Gol'janovo,9500000
48,42.0,11.0,25.0,2014.0,1.0,1.0,Nekrasovka,5313000
51,21.0,14.0,15.0,2011.0,1.0,13.0,Danilovskoe,4400000
59,38.0,7.0,9.0,1975.0,3.0,8.0,Orehovo-Borisovo Severnoe,11270000
96,,20.0,1.0,1.0,4.0,1.0,Mitino,12381038
68,,16.0,,,,,Poselenie Sosenskoe,5770800
32,19.0,3.0,9.0,1976.0,1.0,6.0,Jasenevo,5500000
44,27.0,4.0,9.0,1969.0,2.0,6.0,Chertanovo Severnoe,7350000
69,,5.0,17.0,,2.0,1.0,Tverskoe,5620230
32,18.0,7.0,9.0,1976.0,1.0,6.0,Vojkovskoe,6750000
39,19.0,14.0,19.0,1998.0,1.0,8.0,Mar'ino,5900000
51,30.0,17.0,17.0,2000.0,2.0,8.0,Taganskoe,11600000
72,41.0,9.0,12.0,1981.0,3.0,9.0,Silino,4000000
80,45.0,4.0,15.0,2001.0,3.0,12.0,Mar'ino,12900000
39,20.0,4.0,,,,,Strogino,6830000
63,46.0,6.0,9.0,1976.0,4.0,6.0,Jasenevo,9200000
69,39.0,6.0,8.0,1917.0,3.0,7.0,Tverskoe,18800000
75,44.0,13.0,17.0,2000.0,3.0,12.0,Orehovo-Borisovo Severnoe,15400000
63,37.0,6.0,8.0,1958.0,2.0,9.0,Gagarinskoe,12700000
34,34.0,10.0,17.0,2016.0,1.0,10.0,Poselenie Desjonovskoe,3613360
72,46.0,9.0,9.0,1976.0,3.0,8.0,Ramenki,12950000
30,18.0,1.0,9.0,1966.0,1.0,5.0,Solncevo,4250000
42,42.0,8.0,9.0,2014.0,1.0,1.0,Poselenie Sosenskoe,5992920
43,27.0,1.0,9.0,1970.0,2.0,5.0,Chertanovo Severnoe,6800000
74,74.0,1.0,1.0,2014.0,3.0,1.0,Nekrasovka,7595100
62,62.0,8.0,22.0,2015.0,2.0,12.0,Poselenie Vnukovskoe,7187628
37,19.0,17.0,17.0,1991.0,1.0,8.0,Novo-Peredelkino,5100000
58,37.0,5.0,9.0,1971.0,3.0,6.0,Beskudnikovskoe,8300000
45,30.0,3.0,,,,,Bibirevo,7200000
44,20.0,10.0,12.0,1986.0,1.0,8.0,Perovo,7300000
119,0.0,9.0,0.0,0.0,5.0,0.0,Mitino,15254044
63,39.0,7.0,9.0,1971.0,3.0,7.0,Veshnjaki,10000000
38,19.0,13.0,16.0,1974.0,1.0,8.0,Teplyj Stan,6600000
26,12.0,9.0,10.0,2002.0,1.0,3.0,Bogorodskoe,4800000
63,63.0,3.0,17.0,1.0,2.0,1.0,Solncevo,5790415
32,18.0,3.0,9.0,1975.0,1.0,6.0,Otradnoe,5200000
63,39.0,2.0,9.0,1977.0,3.0,8.0,Lianozovo,1000000
94,62.0,4.0,10.0,1995.0,4.0,10.0,Mar'ino,13900000
43,29.0,1.0,5.0,1964.0,2.0,5.0,Ochakovo-Matveevskoe,6500000
76,38.0,6.0,1.0,2016.0,3.0,1.0,Nekrasovka,6451910
45,27.0,12.0,12.0,1971.0,2.0,6.0,Shhukino,8300000
63,43.0,3.0,4.0,1949.0,3.0,4.0,Sokol,16700000
45,29.0,9.0,,,,,Horoshevo-Mnevniki,7450000
49,33.0,7.0,9.0,1974.0,3.0,6.0,Orehovo-Borisovo Juzhnoe,7400000
44,28.0,2.0,9.0,1968.0,2.0,5.0,Severnoe Tushino,6350000
39,20.0,21.0,22.0,2004.0,1.0,10.0,Obruchevskoe,7790000
38,19.0,7.0,16.0,1977.0,1.0,9.0,Chertanovo Central'noe,5400000
52,,11.0,,,,,Nekrasovka,5057880
82,1.0,4.0,17.0,2014.0,3.0,1.0,Poselenie Sosenskoe,9127300
95,54.0,14.0,17.0,2003.0,3.0,11.0,Kon'kovo,4700000
44,40.0,6.0,32.0,2006.0,1.0,10.0,Beskudnikovskoe,1628742
39,19.0,13.0,16.0,1987.0,1.0,8.0,Strogino,7000000
28,16.0,5.0,5.0,1959.0,1.0,5.0,Akademicheskoe,6000000
60,42.0,8.0,9.0,1972.0,3.0,5.0,Ivanovskoe,8200000
44,29.0,2.0,9.0,1970.0,2.0,6.0,Chertanovo Severnoe,6700000
36,19.0,2.0,9.0,1976.0,1.0,6.0,Bibirevo,5750000
74,43.0,6.0,10.0,1994.0,3.0,10.0,Juzhnoe Butovo,10700000
65,44.0,12.0,12.0,1970.0,3.0,9.0,Vostochnoe Izmajlovo,9800000
32,18.0,8.0,9.0,1970.0,1.0,6.0,Chertanovo Central'noe,5200000
60,60.0,11.0,17.0,2016.0,2.0,10.0,Poselenie Shherbinka,4955565
77,45.0,14.0,14.0,1992.0,3.0,8.0,Severnoe Butovo,12000000
61,37.0,7.0,9.0,1980.0,3.0,8.0,Orehovo-Borisovo Juzhnoe,7700000
27,,6.0,16.0,2014.0,1.0,1.0,Poselenie Shherbinka,2522836
39,24.0,12.0,12.0,1969.0,2.0,6.0,Tekstil'shhiki,6550000
126,98.0,31.0,48.0,2003.0,1.0,17.0,Shhukino,41500000
55,19.0,3.0,13.0,1995.0,1.0,10.0,Tverskoe,16600000
35,19.0,1.0,10.0,1969.0,1.0,9.0,Tekstil'shhiki,5000000
59,44.0,8.0,9.0,1969.0,3.0,5.0,Pechatniki,8500000
88,56.0,7.0,7.0,1958.0,3.0,12.0,Presnenskoe,3000000
52,33.0,3.0,9.0,1983.0,3.0,6.0,Chertanovo Severnoe,8850000
48,,15.0,,,,,Poselenie Sosenskoe,4437750
54,32.0,6.0,17.0,1989.0,2.0,9.0,Dorogomilovo,4000000
56,35.0,5.0,5.0,1959.0,2.0,8.0,Shhukino,10300000
36,21.0,9.0,9.0,1970.0,1.0,6.0,Gol'janovo,2000000
44,18.0,7.0,16.0,2005.0,1.0,11.0,Pechatniki,7850000
52,41.0,2.0,5.0,1960.0,3.0,5.0,Rjazanskij,7850000
53,37.0,4.0,9.0,1971.0,3.0,5.0,Novogireevo,8500000
41,27.0,2.0,5.0,1964.0,2.0,6.0,Sokolinaja Gora,6700000
72,72.0,2.0,25.0,2015.0,2.0,1.0,Presnenskoe,20299656
60,34.0,2.0,17.0,1985.0,2.0,10.0,Brateevo,8350000
30,17.0,7.0,9.0,1968.0,1.0,5.0,Gol'janovo,4750000
37,22.0,8.0,9.0,1965.0,2.0,7.0,Bogorodskoe,4700000
72,43.0,6.0,17.0,1983.0,3.0,10.0,Birjulevo Vostochnoe,2500000
41,26.0,5.0,5.0,1965.0,2.0,5.0,Mozhajskoe,6500000
44,20.0,20.0,27.0,2014.0,1.0,9.0,Poselenie Vnukovskoe,3800000
52,29.0,3.0,16.0,1987.0,2.0,10.0,Horoshevo-Mnevniki,12550000
39,0.0,16.0,17.0,2014.0,1.0,0.0,Krjukovo,4799800
81,57.0,7.0,23.0,2008.0,1.0,14.0,Basmannoe,12153189
41,20.0,4.0,9.0,2004.0,1.0,8.0,Kosino-Uhtomskoe,1000000
52,52.0,11.0,17.0,1.0,2.0,1.0,Solncevo,5169855
38,37.0,3.0,18.0,2016.0,1.0,1.0,Nagatinskij Zaton,6272027
32,20.0,4.0,5.0,1964.0,1.0,5.0,Horoshevo-Mnevniki,5750000
38,19.0,10.0,22.0,1994.0,1.0,10.0,Butyrskoe,8000000
76,46.0,8.0,27.0,2006.0,3.0,9.0,Horoshevo-Mnevniki,17350000
40,,7.0,22.0,,1.0,1.0,Poselenie Vnukovskoe,5130187
35,20.0,8.0,9.0,1980.0,1.0,6.0,Losinoostrovskoe,6500000
39,15.0,3.0,16.0,2004.0,1.0,8.0,Kuncevo,1000000
78,44.0,16.0,16.0,1980.0,3.0,10.0,Jasenevo,11000000
44,28.0,4.0,5.0,1959.0,2.0,5.0,Filevskij Park,6900000
82,50.0,8.0,14.0,1992.0,3.0,8.0,Severnoe Butovo,11600000
61,40.0,15.0,24.0,2017.0,2.0,10.0,Nagatinskij Zaton,9680262
34,19.0,2.0,12.0,1970.0,1.0,9.0,Rjazanskij,5650000
42,,3.0,9.0,2015.0,1.0,1.0,Poselenie Vnukovskoe,6080060
40,,16.0,17.0,2015.0,1.0,1.0,Solncevo,5350268
31,16.0,5.0,12.0,1972.0,1.0,7.0,Shhukino,5500000
74,45.0,9.0,,,,,Mitino,10600000
45,28.0,1.0,9.0,1969.0,2.0,6.0,Vyhino-Zhulebino,6800000
58,38.0,6.0,9.0,1971.0,3.0,5.0,Shhukino,10100000
48,20.0,5.0,10.0,1958.0,2.0,6.0,Perovo,2000000
56,,16.0,,,,,Tekstil'shhiki,8857120
49,34.0,6.0,9.0,1977.0,3.0,6.0,Jasenevo,4200000
29,27.0,4.0,17.0,2015.0,1.0,10.0,Poselenie Filimonkovskoe,2638642
34,,4.0,1.0,,1.0,1.0,Poselenie Desjonovskoe,3613360
26,14.0,6.0,9.0,1973.0,1.0,5.0,Rjazanskij,5100000
94,84.0,7.0,20.0,2015.0,3.0,10.0,Presnenskoe,27928732
50,29.0,7.0,12.0,1978.0,2.0,8.0,Chertanovo Juzhnoe,8100000
32,19.0,1.0,9.0,1970.0,1.0,6.0,Ivanovskoe,5350000
53,30.0,11.0,12.0,1979.0,2.0,8.0,Otradnoe,9600000
27,15.0,1.0,9.0,1970.0,1.0,5.0,Nagatinskij Zaton,5550000
78,51.0,2.0,,,,,Golovinskoe,11000000
96,61.0,3.0,22.0,1997.0,4.0,9.0,Krylatskoe,21000000
63,26.0,2.0,,,,,Meshhanskoe,12900000
43,18.0,10.0,16.0,1988.0,1.0,11.0,Kuncevo,8500000
51,51.0,1.0,3.0,0.0,2.0,1.0,Poselenie Novofedorovskoe,2977151
32,19.0,2.0,9.0,1973.0,1.0,5.0,Bogorodskoe,6100000
114,54.0,16.0,17.0,2012.0,3.0,19.0,Kuncevo,19967500
63,44.0,4.0,12.0,1971.0,3.0,6.0,Ochakovo-Matveevskoe,11400000
38,23.0,2.0,12.0,1966.0,2.0,6.0,Golovinskoe,6600000
53,30.0,6.0,12.0,1984.0,2.0,8.0,Otradnoe,8700000
48,18.0,11.0,14.0,2011.0,1.0,12.0,Poselenie Rjazanovskoe,2830000
54,28.0,7.0,12.0,2002.0,2.0,10.0,Obruchevskoe,11650000
41,17.0,5.0,22.0,1985.0,1.0,10.0,Jasenevo,8650000
73,51.0,3.0,5.0,1924.0,3.0,10.0,Sokol'niki,12500000
32,19.0,3.0,5.0,1960.0,1.0,5.0,Nagornoe,5850000
27,15.0,2.0,5.0,1965.0,1.0,5.0,Perovo,2000000
61,61.0,3.0,17.0,2014.0,2.0,1.0,Nekrasovka,6375700
55,1.0,2.0,17.0,2014.0,2.0,1.0,Poselenie Sosenskoe,4829190
58,45.0,4.0,5.0,1960.0,3.0,5.0,Akademicheskoe,12000000
63,60.0,9.0,9.0,1973.0,3.0,8.0,Nagatinskij Zaton,10700000
34,19.0,5.0,,,,,Orehovo-Borisovo Juzhnoe,2000000
44,28.0,14.0,14.0,1970.0,2.0,5.0,Prospekt Vernadskogo,9500000
40,,11.0,,,,,Poselenie Voskresenskoe,4060800
51,1.0,5.0,1.0,1.0,1.0,1.0,Poselenie Sosenskoe,4833950
63,37.0,4.0,12.0,1991.0,3.0,8.0,Poselenie Mosrentgen,2000000
62,30.0,5.0,18.0,2013.0,2.0,11.0,Poselenie Sosenskoe,7768150
64,62.0,2.0,9.0,2016.0,2.0,12.0,Poselenie Vnukovskoe,8676500
35,19.0,11.0,12.0,1970.0,1.0,9.0,Presnenskoe,7900000
86,84.0,8.0,12.0,2014.0,3.0,1.0,Tverskoe,6755240
62,62.0,19.0,24.0,2015.0,2.0,1.0,Tverskoe,7472293
56,36.0,1.0,7.0,1996.0,2.0,8.0,Juzhnoe Butovo,7500000
73,0.0,3.0,16.0,,2.0,1.0,Tverskoe,6640370
44,17.0,5.0,14.0,2016.0,1.0,8.0,Poselenie Sosenskoe,5270391
53,29.0,13.0,14.0,2007.0,2.0,9.0,Staroe Krjukovo,8400000
87,57.0,3.0,3.0,1950.0,3.0,9.0,Juzhnoportovoe,10900000
54,32.0,8.0,,,,,Krylatskoe,11000000
44,29.0,5.0,5.0,1960.0,2.0,5.0,Jaroslavskoe,5600000
69,39.0,15.0,15.0,1988.0,3.0,9.0,Butyrskoe,12600000
77,77.0,10.0,1.0,2013.0,2.0,1.0,Izmajlovo,14068129
58,30.0,1.0,17.0,2014.0,2.0,11.0,Poselenie Moskovskij,4100000
53,32.0,8.0,16.0,1981.0,2.0,8.0,Nagatino-Sadovniki,1000000
38,19.0,2.0,17.0,1987.0,1.0,8.0,Orehovo-Borisovo Juzhnoe,5900000
63,63.0,9.0,17.0,0.0,2.0,0.0,Solncevo,5557834
58,43.0,7.0,9.0,1979.0,3.0,6.0,Jaroslavskoe,7800000
43,27.0,3.0,5.0,1962.0,2.0,5.0,Izmajlovo,1100000
41,,24.0,25.0,,1.0,10.0,Nekrasovka,3036886
38,19.0,11.0,13.0,2008.0,1.0,7.0,Savelki,1000000
95,,10.0,16.0,2014.0,3.0,1.0,Poselenie Sosenskoe,10786100
38,17.0,16.0,18.0,2013.0,1.0,10.0,Poselenie Sosenskoe,4340000
40,26.0,5.0,9.0,1968.0,2.0,5.0,Caricyno,7500000
98,52.0,1.0,14.0,2003.0,3.0,12.0,Savelki,1000000
75,44.0,19.0,25.0,1991.0,3.0,10.0,Shhukino,990000
44,,7.0,0.0,0.0,1.0,0.0,Danilovskoe,6500000
58,36.0,6.0,9.0,1960.0,2.0,9.0,Gagarinskoe,14500000
36,19.0,2.0,14.0,1973.0,1.0,9.0,Horoshevo-Mnevniki,7600000
38,18.0,9.0,13.0,2011.0,1.0,9.0,Beskudnikovskoe,3000000
50,30.0,4.0,17.0,1992.0,2.0,8.0,Mitino,1000000
53,32.0,11.0,16.0,1976.0,2.0,9.0,Zjablikovo,9600000
74,43.0,2.0,17.0,2003.0,3.0,12.0,Nagatino-Sadovniki,19000000
40,,10.0,17.0,2013.0,1.0,1.0,Tverskoe,3689800
40,,9.0,,,,,Severnoe Tushino,6302400
38,22.0,5.0,9.0,1963.0,2.0,7.0,Bogorodskoe,6550000
38,19.0,13.0,16.0,1977.0,1.0,10.0,Teplyj Stan,7200000
60,33.0,3.0,12.0,2005.0,2.0,12.0,Kosino-Uhtomskoe,6000000
56,40.0,1.0,5.0,1963.0,3.0,5.0,Vojkovskoe,8100000
52,30.0,1.0,12.0,1980.0,2.0,8.0,Severnoe Tushino,7500000
59,59.0,12.0,17.0,2017.0,2.0,10.0,Nagatinskij Zaton,9589415
39,20.0,12.0,,,,,Mar'ino,5650000
114,60.0,2.0,15.0,2006.0,3.0,17.0,Kuncevo,10623600
45,27.0,3.0,9.0,1968.0,2.0,8.0,Horoshevskoe,1000000
43,18.0,2.0,10.0,2013.0,1.0,8.0,Poselenie Moskovskij,3265882
97,59.0,18.0,20.0,2001.0,3.0,12.0,Otradnoe,18700000
64,46.0,16.0,16.0,1980.0,3.0,7.0,Bibirevo,12000000
80,76.0,12.0,12.0,2014.0,3.0,1.0,Tverskoe,6234154
50,33.0,2.0,12.0,1974.0,2.0,6.0,Birjulevo Vostochnoe,2000000
85,85.0,18.0,25.0,2016.0,3.0,1.0,Mitino,11780852
38,22.0,3.0,12.0,1967.0,2.0,6.0,Timirjazevskoe,8500000
45,28.0,6.0,14.0,1974.0,2.0,6.0,Mozhajskoe,6000000
41,24.0,8.0,9.0,1978.0,2.0,6.0,Jasenevo,6500000
64,45.0,2.0,12.0,1977.0,3.0,6.0,Lianozovo,2000000
48,48.0,7.0,12.0,2017.0,1.0,9.0,Poselenie Sosenskoe,5277960
35,16.0,2.0,10.0,1979.0,1.0,9.0,Mozhajskoe,5700000
38,19.0,3.0,16.0,1997.0,1.0,9.0,Juzhnoe Butovo,5000000
64,46.0,1.0,9.0,1975.0,4.0,6.0,Losinoostrovskoe,7800000
73,40.0,11.0,14.0,1992.0,3.0,8.0,Novogireevo,12000000
37,18.0,1.0,14.0,1971.0,1.0,9.0,Veshnjaki,5250000
38,20.0,2.0,17.0,1988.0,1.0,8.0,Novo-Peredelkino,5000000
34,19.0,5.0,9.0,1978.0,1.0,6.0,Otradnoe,6050000
32,18.0,9.0,9.0,1975.0,1.0,5.0,Chertanovo Central'noe,5000000
31,21.0,3.0,9.0,1964.0,1.0,5.0,Alekseevskoe,2000000
126,126.0,18.0,28.0,2013.0,3.0,1.0,Donskoe,23045878
58,30.0,11.0,14.0,2003.0,2.0,11.0,Mar'ino,9800000
51,30.0,7.0,17.0,1988.0,2.0,8.0,Lefortovo,10700000
43,21.0,13.0,14.0,1990.0,1.0,8.0,Gol'janovo,990000
80,80.0,4.0,10.0,2015.0,3.0,1.0,Mitino,11516680
44,31.0,5.0,9.0,1963.0,2.0,5.0,Chertanovo Severnoe,6900000
74,74.0,24.0,24.0,2015.0,3.0,10.0,Nagornoe,15073921
31,17.0,3.0,5.0,1966.0,1.0,5.0,Shhukino,7000000
32,18.0,9.0,9.0,1975.0,1.0,6.0,Bibirevo,5000000
36,22.0,7.0,,,,,Danilovskoe,7500000
32,21.0,7.0,8.0,1965.0,1.0,5.0,Lomonosovskoe,6000000
109,53.0,17.0,18.0,2005.0,3.0,11.0,Kurkino,19000000
59,44.0,6.0,9.0,1971.0,3.0,5.0,Chertanovo Juzhnoe,1000000
32,19.0,2.0,9.0,1980.0,1.0,6.0,Mar'ino,5500000
52,,3.0,,,,,Poselenie Filimonkovskoe,3188127
51,33.0,1.0,,,,,Caricyno,1000000
38,17.0,2.0,17.0,2012.0,1.0,8.0,Nekrasovka,1100000
40,20.0,11.0,14.0,1988.0,1.0,8.0,Novo-Peredelkino,5550000
39,18.0,6.0,24.0,2008.0,1.0,10.0,Juzhnoe Butovo,5400000
61,60.0,10.0,,,,,Strogino,10246294
75,53.0,1.0,7.0,1995.0,3.0,8.0,Dmitrovskoe,9100000
59,42.0,9.0,9.0,1975.0,3.0,6.0,Otradnoe,8200000
74,45.0,2.0,17.0,1991.0,3.0,10.0,Severnoe Butovo,10500000
68,34.0,4.0,22.0,2002.0,2.0,10.0,Hovrino,13500000
33,20.0,1.0,9.0,1972.0,1.0,6.0,Chertanovo Juzhnoe,4900000
32,20.0,1.0,5.0,1966.0,1.0,5.0,Preobrazhenskoe,4700000
37,19.0,10.0,16.0,1983.0,1.0,8.0,Ljublino,5350000
61,37.0,9.0,9.0,1977.0,3.0,8.0,Orehovo-Borisovo Juzhnoe,8700000
75,44.0,3.0,17.0,1980.0,3.0,12.0,Nekrasovka,7506800
32,18.0,6.0,12.0,1969.0,1.0,6.0,Beskudnikovskoe,6300000
74,74.0,4.0,4.0,0.0,2.0,1.0,Poselenie Pervomajskoe,5016900
64,,7.0,17.0,,2.0,1.0,Nekrasovka,5959680
32,18.0,7.0,9.0,1980.0,1.0,5.0,Otradnoe,6150000
32,18.0,6.0,9.0,1974.0,1.0,6.0,Bogorodskoe,1000000
64,42.0,5.0,5.0,1928.0,3.0,9.0,Hamovniki,15430000
44,29.0,4.0,5.0,1962.0,2.0,5.0,Juzhnoe Tushino,7500000
38,19.0,2.0,22.0,1987.0,1.0,9.0,Zjablikovo,6300000
39,,3.0,17.0,0.0,1.0,1.0,Poselenie Vnukovskoe,4569819
15,11.0,4.0,5.0,1952.0,1.0,1.0,Vostochnoe Izmajlovo,2000000
59,44.0,9.0,9.0,1968.0,3.0,5.0,Severnoe Tushino,9200000
39,,2.0,16.0,2015.0,1.0,1.0,Poselenie Vnukovskoe,4491894
43,29.0,5.0,5.0,1961.0,2.0,5.0,Golovinskoe,2000000
39,39.0,13.0,13.0,2014.0,1.0,10.0,Chertanovo Central'noe,7726200
55,29.0,13.0,16.0,1980.0,2.0,10.0,Orehovo-Borisovo Juzhnoe,9500000
65,44.0,6.0,12.0,1967.0,3.0,9.0,Rjazanskij,9100000
63,44.0,7.0,12.0,1973.0,3.0,7.0,Chertanovo Severnoe,7402000
40,38.0,1.0,17.0,2014.0,1.0,9.0,Poselenie Filimonkovskoe,2413096
106,,10.0,10.0,2014.0,3.0,1.0,Presnenskoe,32022476
45,28.0,3.0,5.0,1964.0,2.0,5.0,Gol'janovo,6250000
73,43.0,15.0,17.0,1985.0,3.0,10.0,Mar'ino,11000000
49,21.0,,,,,,Severnoe Butovo,7200000
69,46.0,7.0,12.0,1989.0,3.0,7.0,Taganskoe,14500000
37,19.0,11.0,17.0,2004.0,1.0,7.0,Sviblovo,7400000
73,50.0,2.0,,,,,Novokosino,10500000
77,46.0,4.0,17.0,1981.0,3.0,10.0,Obruchevskoe,17100000
66,42.0,8.0,10.0,1958.0,3.0,8.0,Ostankinskoe,16150000
44,,21.0,,,,,Poselenie Vnukovskoe,4172359
35,21.0,1.0,12.0,1972.0,1.0,7.0,Matushkino,4250000
69,,7.0,1.0,,2.0,1.0,Poselenie Moskovskij,8188490
46,22.0,8.0,17.0,2013.0,1.0,11.0,Poselenie Sosenskoe,3200000
29,15.0,4.0,5.0,1969.0,1.0,5.0,Ochakovo-Matveevskoe,2000000
63,33.0,11.0,17.0,2008.0,2.0,12.0,Poselenie Moskovskij,3634939
30,18.0,3.0,5.0,1966.0,1.0,6.0,Koptevo,5080000
49,29.0,1.0,1.0,1.0,1.0,1.0,Brateevo,8200000
59,22.0,3.0,6.0,2014.0,1.0,1.0,Troickij okrug,5433282
112,63.0,13.0,24.0,2009.0,3.0,11.0,Troparevo-Nikulino,16030300
66,39.0,12.0,15.0,2008.0,3.0,9.0,Savelki,9300000
33,33.0,4.0,,,,,Poselenie Sosenskoe,3220400
44,27.0,7.0,9.0,1979.0,2.0,6.0,Strogino,8150000
54,32.0,13.0,17.0,1991.0,2.0,9.0,Donskoe,9100000
34,16.0,1.0,9.0,1966.0,1.0,8.0,Bogorodskoe,5350000
58,34.0,1.0,5.0,1958.0,2.0,7.0,Shhukino,8950000
99,55.0,6.0,17.0,2017.0,3.0,15.0,Ramenki,16120620
58,36.0,7.0,8.0,1957.0,2.0,8.0,Lomonosovskoe,13850000
51,31.0,6.0,,,,,Chertanovo Severnoe,6000000
42,20.0,13.0,16.0,2004.0,1.0,8.0,Birjulevo Vostochnoe,5200000
59,44.0,1.0,9.0,1971.0,3.0,5.0,Sokolinaja Gora,1000000
53,,1.0,15.0,2013.0,2.0,1.0,Tverskoe,3069381
36,18.0,1.0,,,,,Pechatniki,5080000
56,30.0,2.0,7.0,1996.0,2.0,11.0,Vyhino-Zhulebino,9421102
63,,8.0,17.0,0.0,2.0,1.0,Poselenie Vnukovskoe,7797969
45,28.0,6.0,9.0,1970.0,2.0,6.0,Kon'kovo,7800000
52,34.0,5.0,9.0,1969.0,3.0,5.0,Vyhino-Zhulebino,7500000
39,37.0,14.0,17.0,2015.0,1.0,9.0,Nekrasovka,4214650
67,,1.0,4.0,,3.0,0.0,Poselenie Filimonkovskoe,4371028
67,47.0,12.0,16.0,1975.0,3.0,7.0,Birjulevo Zapadnoe,8250000
53,,6.0,,,,,Poselenie Shherbinka,3926470
84,,13.0,17.0,,3.0,0.0,Poselenie Vnukovskoe,8766025
45,28.0,2.0,5.0,1966.0,2.0,5.0,Mar'ina Roshha,8000000
38,18.0,6.0,14.0,2006.0,1.0,7.0,Severnoe,5600000
49,49.0,2.0,14.0,1992.0,2.0,7.0,Severnoe Butovo,7150000
53,32.0,6.0,17.0,2013.0,2.0,8.0,Nekrasovka,5900000
58,57.0,7.0,24.0,2009.0,2.0,10.0,Lomonosovskoe,990000
78,43.0,7.0,17.0,2003.0,3.0,12.0,Hovrino,13500000
29,18.0,1.0,5.0,2008.0,1.0,5.0,Zjuzino,5300000
54,36.0,3.0,5.0,1962.0,3.0,5.0,Prospekt Vernadskogo,9750000
57,57.0,4.0,5.0,2014.0,2.0,12.0,Tverskoe,4388326
37,19.0,3.0,17.0,1990.0,1.0,7.0,Gol'janovo,5200000
59,13.0,8.0,40.0,2009.0,2.0,20.0,Sokol,1000000
58,1.0,7.0,1.0,1.0,1.0,1.0,Krjukovo,6264000
39,19.0,12.0,14.0,1996.0,1.0,8.0,Savelki,4550000
45,1.0,8.0,15.0,2015.0,1.0,1.0,Poselenie Sosenskoe,4267900
42,26.0,2.0,5.0,1964.0,2.0,5.0,Novogireevo,5900000
53,36.0,1.0,5.0,1960.0,3.0,5.0,Vnukovo,5650000
45,45.0,4.0,1.0,1.0,1.0,1.0,Tverskoe,7899600
62,44.0,10.0,12.0,1981.0,3.0,6.0,Zapadnoe Degunino,7650000
44,27.0,3.0,9.0,1968.0,2.0,6.0,Troparevo-Nikulino,7400000
52,30.0,8.0,14.0,1992.0,2.0,8.0,Mitino,1000000
30,18.0,3.0,5.0,1964.0,1.0,5.0,Mozhajskoe,1000000
72,40.0,1.0,17.0,2013.0,3.0,11.0,Poselenie Moskovskij,7800000
49,29.0,8.0,9.0,1976.0,2.0,6.0,Rostokino,8400000
52,,15.0,17.0,,2.0,1.0,Poselenie Vnukovskoe,6306477
58,32.0,9.0,22.0,2007.0,2.0,10.0,Juzhnoe Butovo,2025000
39,30.0,10.0,17.0,0.0,1.0,10.0,Poselenie Moskovskij,3958291
38,23.0,3.0,12.0,1968.0,2.0,5.0,Koptevo,5900000
112,112.0,3.0,3.0,2015.0,3.0,112.0,Zapadnoe Degunino,10500000
51,30.0,10.0,17.0,1997.0,2.0,8.0,Brateevo,8350000
39,19.0,17.0,17.0,1991.0,1.0,8.0,Mar'ino,6850000
78,44.0,3.0,17.0,2007.0,3.0,12.0,Beskudnikovskoe,12450000
36,17.0,7.0,16.0,1985.0,1.0,9.0,Solncevo,2000000
26,26.0,11.0,22.0,2016.0,1.0,1.0,Poselenie Shherbinka,2859584
77,50.0,6.0,25.0,2016.0,3.0,10.0,Nagatinskij Zaton,15084625
48,15.0,7.0,14.0,2006.0,1.0,12.0,Troickij okrug,5750000
45,28.0,5.0,5.0,1965.0,2.0,5.0,Gol'janovo,2400000
52,,12.0,17.0,,2.0,1.0,Poselenie Vnukovskoe,6454817
76,45.0,11.0,16.0,1981.0,3.0,10.0,Chertanovo Central'noe,12000000
44,20.0,7.0,12.0,2002.0,1.0,10.0,Sokolinaja Gora,7000000
37,20.0,6.0,24.0,2017.0,1.0,8.0,Nagatinskij Zaton,6145381
79,,8.0,,,,,Nekrasovka,6760512
66,14.0,2.0,20.0,2006.0,1.0,30.0,Prospekt Vernadskogo,24000000
89,40.0,3.0,6.0,2014.0,2.0,18.0,Troickij okrug,9239162
32,19.0,4.0,5.0,1962.0,1.0,5.0,Dmitrovskoe,990000
32,19.0,3.0,5.0,1965.0,1.0,5.0,Gol'janovo,4900000
52,30.0,5.0,14.0,1991.0,2.0,8.0,Severnoe Butovo,7500000
80,35.0,31.0,40.0,2012.0,2.0,14.0,Akademicheskoe,18616200
32,20.0,4.0,,,,,Severnoe Tushino,4500000
52,30.0,11.0,14.0,2002.0,2.0,10.0,Beskudnikovskoe,9750000
39,20.0,2.0,12.0,1983.0,1.0,8.0,Birjulevo Vostochnoe,4000000
32,18.0,7.0,9.0,1968.0,1.0,5.0,Koptevo,5200000
64,,8.0,1.0,1.0,2.0,1.0,Poselenie Vnukovskoe,9178880
39,19.0,7.0,14.0,1993.0,1.0,8.0,Krjukovo,1500000
63,60.0,12.0,17.0,2013.0,2.0,1.0,Nekrasovka,5903808
85,,6.0,22.0,,3.0,1.0,Poselenie Vnukovskoe,9464048
80,45.0,15.0,17.0,2006.0,3.0,12.0,Juzhnoe Medvedkovo,15350000
46,27.0,6.0,9.0,1973.0,2.0,6.0,Chertanovo Central'noe,6600000
36,20.0,8.0,12.0,1968.0,1.0,9.0,Kotlovka,7000000
35,21.0,4.0,,,,,Perovo,5200000
67,39.0,6.0,16.0,1981.0,3.0,9.0,Vyhino-Zhulebino,10200000
46,30.0,5.0,9.0,1975.0,2.0,6.0,Orehovo-Borisovo Severnoe,7700000
77,77.0,13.0,13.0,0.0,2.0,0.0,Poselenie Sosenskoe,7027920
52,,9.0,17.0,,2.0,1.0,Tverskoe,4412844
56,,15.0,15.0,2014.0,2.0,1.0,Poselenie Filimonkovskoe,6069600
52,30.0,17.0,17.0,2001.0,2.0,10.0,Solncevo,2000000
82,44.0,1.0,22.0,1984.0,3.0,10.0,Bibirevo,2000000
47,1.0,23.0,1.0,2016.0,1.0,1.0,Filevskij Park,10176494
42,28.0,1.0,5.0,1960.0,2.0,5.0,Perovo,1000000
66,28.0,7.0,16.0,2009.0,2.0,19.0,Poselenie Kokoshkino,7000000
69,44.0,4.0,12.0,1969.0,3.0,9.0,Golovinskoe,8950000
80,41.0,9.0,30.0,2009.0,2.0,13.0,Zjuzino,15774750
52,31.0,12.0,16.0,1977.0,2.0,9.0,Lianozovo,2000000
79,76.0,13.0,17.0,2015.0,3.0,1.0,Nekrasovka,7402800
76,76.0,5.0,1.0,2014.0,2.0,1.0,Izmajlovo,15853410
83,,11.0,17.0,,3.0,1.0,Poselenie Vnukovskoe,9561448
61,36.0,12.0,17.0,2014.0,2.0,0.0,Poselenie Voskresenskoe,6638125
44,17.0,17.0,22.0,2004.0,1.0,10.0,Solncevo,6650000
29,18.0,2.0,8.0,1960.0,1.0,4.0,Lomonosovskoe,7650000
84,53.0,2.0,14.0,1988.0,4.0,8.0,Jaroslavskoe,10390000
41,26.0,9.0,9.0,1966.0,2.0,5.0,Kotlovka,8900000
44,25.0,14.0,15.0,2011.0,1.0,1.0,Poselenie Shherbinka,4850000
66,45.0,8.0,12.0,1969.0,3.0,9.0,Sokolinaja Gora,11850000
38,38.0,5.0,12.0,2014.0,1.0,10.0,Poselenie Desjonovskoe,3781635
130,79.0,4.0,22.0,2014.0,4.0,13.0,Ramenki,22447000
65,43.0,11.0,12.0,1971.0,3.0,7.0,Chertanovo Juzhnoe,10200000
32,17.0,6.0,12.0,1972.0,1.0,6.0,Chertanovo Juzhnoe,5380000
41,26.0,2.0,5.0,1961.0,2.0,5.0,Ajeroport,8000000
38,19.0,10.0,,,,,Ljublino,6000000
62,58.0,5.0,17.0,2014.0,2.0,1.0,Nekrasovka,6334200
68,46.0,5.0,5.0,1930.0,3.0,7.0,Sokol'niki,13500000
65,47.0,4.0,9.0,1971.0,4.0,5.0,Veshnjaki,7700000
45,28.0,5.0,5.0,1966.0,2.0,5.0,Levoberezhnoe,6100000
112,70.0,2.0,23.0,2005.0,4.0,11.0,Kurkino,15800000
45,30.0,4.0,5.0,1963.0,2.0,5.0,Horoshevo-Mnevniki,6500000
39,20.0,2.0,9.0,1996.0,1.0,8.0,Mitino,7300000
53,33.0,5.0,5.0,1958.0,2.0,7.0,Pokrovskoe Streshnevo,7800000
49,30.0,7.0,,,,,Koptevo,7600000
54,28.0,9.0,16.0,1981.0,2.0,11.0,Ramenki,13000000
64,47.0,7.0,9.0,1968.0,4.0,6.0,Troparevo-Nikulino,13000000
42,27.0,1.0,9.0,1974.0,2.0,6.0,Bibirevo,6900000
51,33.0,1.0,12.0,1970.0,2.0,10.0,Birjulevo Vostochnoe,7500000
56,29.0,25.0,25.0,1999.0,2.0,8.0,Prospekt Vernadskogo,14000000
40,38.0,14.0,17.0,2014.0,1.0,1.0,Poselenie Desjonovskoe,3846600
43,23.0,3.0,,,,,Bogorodskoe,6260000
39,17.0,3.0,17.0,2008.0,1.0,8.0,Timirjazevskoe,5800000
45,28.0,5.0,12.0,1965.0,2.0,5.0,Koptevo,8000000
72,43.0,1.0,17.0,2002.0,3.0,10.0,Akademicheskoe,16450000
69,,3.0,0.0,,2.0,0.0,Poselenie Sosenskoe,5592510
74,45.0,17.0,17.0,1999.0,3.0,10.0,Rjazanskij,12750000
74,47.0,1.0,5.0,1955.0,3.0,7.0,Izmajlovo,11300000
39,,3.0,5.0,,1.0,1.0,Poselenie Filimonkovskoe,2932870
58,33.0,6.0,14.0,1997.0,2.0,10.0,Severnoe Medvedkovo,2000000
78,51.0,2.0,5.0,1958.0,3.0,9.0,Akademicheskoe,13000000
43,21.0,4.0,14.0,1991.0,1.0,8.0,Gol'janovo,6000000
64,64.0,13.0,,,,,Poselenie Vnukovskoe,5096768
60,43.0,7.0,9.0,1979.0,3.0,6.0,Strogino,10700000
52,,9.0,17.0,,2.0,0.0,Nekrasovka,5174562
82,46.0,9.0,25.0,2008.0,3.0,9.0,Prospekt Vernadskogo,4865000
78,52.0,3.0,5.0,1958.0,3.0,9.0,Mar'ina Roshha,13900000
53,27.0,10.0,16.0,1968.0,2.0,11.0,Staroe Krjukovo,1050000
69,,4.0,16.0,2015.0,2.0,1.0,Poselenie Sosenskoe,5481630
43,24.0,6.0,9.0,1988.0,2.0,8.0,Vyhino-Zhulebino,7000000
100,95.0,22.0,25.0,2016.0,4.0,10.0,Mitino,15365994
29,18.0,3.0,5.0,1964.0,1.0,5.0,Filevskij Park,6570000
41,27.0,2.0,5.0,1965.0,2.0,5.0,Bogorodskoe,5000000
83,54.0,4.0,,,,,Filevskij Park,16000000
32,19.0,2.0,9.0,1977.0,1.0,6.0,Jasenevo,3300000
79,45.0,3.0,22.0,2008.0,3.0,10.0,Mozhajskoe,11900000
86,,8.0,0.0,,3.0,0.0,Poselenie Sosenskoe,9177000
35,19.0,3.0,5.0,1960.0,1.0,8.0,Vostochnoe Izmajlovo,5680000
41,27.0,3.0,5.0,1965.0,2.0,5.0,Juzhnoe Tushino,5900000
45,28.0,2.0,9.0,1969.0,2.0,6.0,Pechatniki,6700000
32,18.0,7.0,9.0,1980.0,1.0,6.0,Mar'ino,4700000
32,17.0,12.0,12.0,1976.0,1.0,6.0,Bibirevo,5500000
31,,13.0,14.0,,1.0,0.0,Horoshevskoe,5638230
57,29.0,14.0,22.0,2011.0,2.0,10.0,Birjulevo Vostochnoe,6450000
54,30.0,9.0,12.0,1977.0,2.0,8.0,Ljublino,7480000
52,30.0,14.0,14.0,2005.0,2.0,9.0,Dmitrovskoe,9200000
59,43.0,9.0,9.0,1967.0,3.0,6.0,Koptevo,2050000
38,20.0,6.0,14.0,1985.0,1.0,8.0,Brateevo,6400000
31,15.0,4.0,12.0,1969.0,1.0,6.0,Severnoe Tushino,6100000
136,67.0,6.0,,,,,Meshhanskoe,39400000
61,39.0,2.0,6.0,1927.0,2.0,5.0,Basmannoe,15000000
37,22.0,2.0,9.0,1963.0,2.0,7.0,Izmajlovo,6000000
39,20.0,19.0,22.0,2004.0,1.0,10.0,Obruchevskoe,8800000
55,39.0,5.0,5.0,1960.0,3.0,5.0,Akademicheskoe,10800000
42,25.0,4.0,12.0,1969.0,2.0,5.0,Severnoe Tushino,7080000
65,65.0,16.0,24.0,2014.0,2.0,1.0,Poselenie Vnukovskoe,7633946
43,,16.0,22.0,2015.0,1.0,1.0,Tverskoe,5873494
75,46.0,1.0,17.0,1988.0,3.0,10.0,Dmitrovskoe,8700000
39,17.0,16.0,26.0,2006.0,1.0,9.0,Juzhnoe Medvedkovo,8200000
113,1.0,26.0,26.0,2015.0,4.0,1.0,Tverskoe,25039300
54,32.0,14.0,17.0,1996.0,2.0,9.0,Mitino,8600000
79,,5.0,17.0,2015.0,3.0,10.0,Poselenie Vnukovskoe,8341978
38,23.0,10.0,14.0,1973.0,2.0,6.0,Veshnjaki,1100000
37,,11.0,17.0,2015.0,1.0,10.0,Poselenie Vnukovskoe,4612221
46,27.0,5.0,9.0,1971.0,2.0,5.0,Nagatino-Sadovniki,8000000
40,,18.0,20.0,2016.0,1.0,10.0,Poselenie Vnukovskoe,5707254
62,44.0,7.0,12.0,1974.0,3.0,6.0,Bibirevo,8950000
33,20.0,2.0,,,,,Nagatinskij Zaton,5900000
47,42.0,15.0,18.0,2015.0,1.0,1.0,Poselenie Voskresenskoe,5090650
41,17.0,2.0,12.0,1983.0,1.0,10.0,Izmajlovo,3000000
38,38.0,7.0,17.0,2014.0,1.0,1.0,Poselenie Desjonovskoe,3813607
33,19.0,8.0,9.0,1971.0,1.0,6.0,Veshnjaki,4600000
39,20.0,6.0,22.0,2003.0,1.0,10.0,Juzhnoe Butovo,5850000
55,37.0,3.0,5.0,1962.0,3.0,4.0,Hamovniki,12500000
44,28.0,1.0,9.0,1967.0,2.0,6.0,Sokol'niki,7700000
71,,5.0,18.0,0.0,2.0,1.0,Ochakovo-Matveevskoe,8631485
45,30.0,2.0,5.0,1963.0,2.0,5.0,Poselenie Sosenskoe,4990000
60,,3.0,1.0,1.0,2.0,1.0,Mitino,9316812
40,10.0,8.0,24.0,2012.0,1.0,8.0,Horoshevo-Mnevniki,8300000
76,45.0,13.0,17.0,1995.0,3.0,10.0,Cheremushki,4000000
34,34.0,5.0,,,,,Fili Davydkovo,5700000
36,20.0,8.0,12.0,1965.0,1.0,9.0,Mar'ina Roshha,7850000
50,30.0,5.0,14.0,1977.0,2.0,9.0,Koptevo,7200000
37,17.0,14.0,25.0,2003.0,1.0,10.0,Butyrskoe,9400000
45,29.0,4.0,9.0,1969.0,2.0,6.0,Ivanovskoe,6300000
44,1.0,21.0,21.0,2013.0,1.0,1.0,Strogino,8963340
38,20.0,2.0,12.0,1981.0,1.0,8.0,Horoshevo-Mnevniki,6700000
37,24.0,12.0,12.0,1982.0,2.0,7.0,Pechatniki,5750000
36,20.0,11.0,12.0,1969.0,1.0,9.0,Vostochnoe Izmajlovo,5650000
56,30.0,8.0,14.0,1985.0,2.0,12.0,Donskoe,2345000
38,38.0,17.0,17.0,2014.0,1.0,1.0,Nekrasovka,4462000
43,18.0,6.0,17.0,2008.0,1.0,10.0,Izmajlovo,5950000
29,15.0,7.0,12.0,1970.0,1.0,6.0,Severnoe Tushino,2350000
41,29.0,4.0,8.0,2005.0,2.0,4.0,Ostankinskoe,7200000
37,19.0,6.0,16.0,1982.0,1.0,8.0,Birjulevo Vostochnoe,4800000
35,19.0,6.0,14.0,1977.0,1.0,9.0,Pechatniki,5250000
29,18.0,2.0,5.0,1965.0,1.0,5.0,Savelovskoe,7300000
86,50.0,3.0,40.0,2013.0,2.0,16.0,Akademicheskoe,17695188
51,34.0,7.0,9.0,1978.0,3.0,6.0,Jasenevo,2000000
44,28.0,2.0,9.0,1974.0,2.0,6.0,Gol'janovo,6000000
59,44.0,3.0,9.0,1967.0,3.0,5.0,Kuz'minki,8600000
37,24.0,7.0,9.0,1972.0,2.0,6.0,Izmajlovo,3000000
44,39.0,3.0,9.0,2017.0,1.0,7.0,Sviblovo,7531000
74,44.0,11.0,17.0,1994.0,3.0,10.0,Mitino,12600000
61,35.0,1.0,,,,,Kuncevo,8900000
47,31.0,11.0,12.0,1969.0,2.0,9.0,Caricyno,6600000
36,20.0,8.0,9.0,1971.0,1.0,5.0,Veshnjaki,6600000
69,33.0,2.0,7.0,1939.0,2.0,15.0,Lefortovo,14000000
55,30.0,9.0,12.0,1986.0,2.0,8.0,Sokolinaja Gora,8400000
83,50.0,4.0,10.0,2010.0,3.0,12.0,Poselenie Moskovskij,5507000
42,42.0,12.0,12.0,2017.0,1.0,1.0,Poselenie Sosenskoe,4200001
34,19.0,7.0,9.0,1972.0,1.0,6.0,Chertanovo Juzhnoe,6150000
90,1.0,12.0,1.0,2015.0,4.0,1.0,Mitino,12774149
45,28.0,2.0,14.0,1972.0,2.0,6.0,Jaroslavskoe,6650000
60,37.0,1.0,9.0,1976.0,3.0,8.0,Ivanovskoe,8980000
50,19.0,11.0,17.0,2011.0,1.0,13.0,Poselenie Sosenskoe,5300000
64,45.0,6.0,12.0,1980.0,3.0,6.0,Strogino,10350000
40,25.0,1.0,5.0,1960.0,2.0,5.0,Sokolinaja Gora,5700000
31,21.0,1.0,9.0,1962.0,1.0,5.0,Ostankinskoe,5600000
63,33.0,2.0,17.0,2009.0,2.0,12.0,Kuz'minki,11300000
33,19.0,5.0,,,,,Solncevo,5000000
74,46.0,5.0,17.0,1989.0,3.0,10.0,Horoshevskoe,16000000
37,18.0,3.0,17.0,2007.0,1.0,7.0,Nekrasovka,1000000
117,117.0,4.0,20.0,2014.0,3.0,1.0,Izmajlovo,21858660
101,58.0,9.0,,,,,Kurkino,17500000
47,,2.0,1.0,,1.0,1.0,Poselenie Rjazanovskoe,3423615
38,20.0,7.0,22.0,1995.0,1.0,10.0,Juzhnoe Butovo,6850000
45,30.0,5.0,5.0,1960.0,2.0,5.0,Marfino,3000000
39,,1.0,4.0,,1.0,1.0,Poselenie Filimonkovskoe,2857977
62,35.0,4.0,5.0,1957.0,2.0,6.0,Izmajlovo,9600000
52,50.0,3.0,9.0,2015.0,2.0,1.0,Poselenie Filimonkovskoe,3858580
37,19.0,14.0,17.0,2008.0,1.0,7.0,Dmitrovskoe,3600000
83,83.0,4.0,17.0,2015.0,3.0,1.0,Poselenie Sosenskoe,6671650
34,19.0,1.0,16.0,1981.0,1.0,10.0,Chertanovo Central'noe,5150000
45,27.0,4.0,5.0,1959.0,2.0,6.0,Sokolinaja Gora,7700000
65,64.0,6.0,18.0,2017.0,3.0,1.0,Poselenie Filimonkovskoe,4446269
44,27.0,5.0,5.0,1967.0,2.0,5.0,Kuncevo,5750000
63,39.0,5.0,12.0,1977.0,3.0,8.0,Silino,8370000
74,45.0,4.0,17.0,1996.0,3.0,10.0,Hovrino,11000000
42,17.0,19.0,25.0,2013.0,1.0,13.0,Poselenie Vnukovskoe,3618000
41,28.0,3.0,5.0,1965.0,2.0,6.0,Birjulevo Vostochnoe,5200000
45,30.0,3.0,5.0,1961.0,2.0,6.0,Izmajlovo,6300000
64,46.0,6.0,9.0,1977.0,4.0,6.0,Jasenevo,9000000
74,45.0,3.0,17.0,1989.0,3.0,10.0,Solncevo,10000000
31,21.0,7.0,9.0,1963.0,1.0,5.0,Sokolinaja Gora,5300000
51,30.0,1.0,14.0,1994.0,2.0,8.0,Mar'ino,7650000
59,0.0,5.0,0.0,0.0,2.0,0.0,Poselenie Sosenskoe,6626044
31,18.0,1.0,5.0,1962.0,1.0,5.0,Vostochnoe Izmajlovo,1000000
39,21.0,8.0,,,,,Krjukovo,4400000
60,31.0,24.0,24.0,2009.0,2.0,10.0,Obruchevskoe,2000000
40,40.0,19.0,25.0,0.0,1.0,0.0,Strogino,8163190
54,28.0,13.0,16.0,1981.0,2.0,11.0,Dmitrovskoe,8000000
32,18.0,8.0,9.0,1968.0,1.0,6.0,Ochakovo-Matveevskoe,6000000
44,33.0,4.0,5.0,1961.0,3.0,4.0,Zjuzino,7200000
150,86.0,5.0,19.0,2003.0,4.0,20.0,Akademicheskoe,45000000
43,27.0,3.0,5.0,1963.0,2.0,5.0,Bogorodskoe,6700000
57,54.0,15.0,20.0,2015.0,2.0,8.0,Mitino,8322173
46,27.0,9.0,12.0,1974.0,2.0,6.0,Teplyj Stan,2000000
30,17.0,5.0,5.0,1961.0,1.0,6.0,Preobrazhenskoe,4950000
54,32.0,7.0,17.0,1993.0,2.0,9.0,Mitino,8700000
36,20.0,10.0,12.0,1968.0,1.0,9.0,Novogireevo,6800000
62,62.0,18.0,22.0,2015.0,2.0,10.0,Poselenie Vnukovskoe,7142951
46,27.0,7.0,12.0,2008.0,2.0,7.0,Krjukovo,7000000
56,36.0,8.0,2.0,1961.0,2.0,8.0,Nagornoe,10200000
58,32.0,17.0,21.0,1991.0,2.0,8.0,Pechatniki,7700000
30,16.0,6.0,9.0,1971.0,1.0,5.0,Vyhino-Zhulebino,5500000
67,46.0,6.0,16.0,1981.0,3.0,7.0,Dmitrovskoe,9600000
126,57.0,21.0,22.0,2006.0,3.0,14.0,Ramenki,32000000
56,30.0,9.0,17.0,2014.0,2.0,1.0,Poselenie Moskovskij,4351147
37,18.0,15.0,17.0,2012.0,1.0,9.0,Sviblovo,1500000
40,18.0,11.0,17.0,2016.0,1.0,8.0,Poselenie Desjonovskoe,4209255
40,,3.0,17.0,,1.0,1.0,Kapotnja,4557720
34,15.0,2.0,16.0,2003.0,1.0,7.0,Juzhnoe Butovo,2000000
61,39.0,4.0,12.0,1984.0,3.0,7.0,Otradnoe,10950000
166,92.0,13.0,16.0,2005.0,5.0,18.0,Cheremushki,47700000
34,19.0,9.0,16.0,1973.0,1.0,9.0,Hovrino,6500000
87,,8.0,,,,,Poselenie Sosenskoe,6627200
43,28.0,5.0,5.0,1961.0,2.0,6.0,Zamoskvorech'e,8300000
80,45.0,11.0,17.0,2001.0,3.0,12.0,Mar'ino,13750000
50,34.0,4.0,9.0,1967.0,3.0,6.0,Nagatinskij Zaton,9850000
57,29.0,11.0,14.0,2008.0,2.0,11.0,Juzhnoe Medvedkovo,9500000
32,17.0,9.0,9.0,1967.0,1.0,7.0,Rjazanskij,5400000
65,65.0,6.0,15.0,2015.0,3.0,1.0,Tverskoe,3831615
60,44.0,2.0,9.0,1969.0,3.0,6.0,Losinoostrovskoe,7800000
41,22.0,7.0,8.0,1960.0,1.0,8.0,Filevskij Park,9015000
45,30.0,5.0,5.0,1961.0,2.0,5.0,Prospekt Vernadskogo,8025000
66,45.0,8.0,8.0,1973.0,3.0,6.0,Pechatniki,8000000
63,33.0,17.0,17.0,2006.0,2.0,12.0,Kosino-Uhtomskoe,9750000
38,19.0,8.0,10.0,1994.0,1.0,7.0,Juzhnoe Butovo,5900000
58,44.0,7.0,9.0,1972.0,3.0,5.0,Rjazanskij,8350000
45,28.0,3.0,12.0,1967.0,2.0,5.0,Dmitrovskoe,6200000
63,44.0,5.0,12.0,1974.0,3.0,6.0,Otradnoe,10450000
38,38.0,12.0,17.0,2017.0,1.0,6.0,Poselenie Vnukovskoe,5886193
63,,10.0,17.0,,2.0,0.0,Nekrasovka,6088302
31,20.0,3.0,9.0,1963.0,1.0,5.0,Perovo,6200000
55,29.0,15.0,16.0,2011.0,2.0,10.0,Mozhajskoe,2000000
56,37.0,2.0,5.0,1965.0,3.0,5.0,Izmajlovo,8500000
36,17.0,3.0,9.0,1965.0,1.0,7.0,Mozhajskoe,6700000
38,19.0,6.0,17.0,2011.0,1.0,7.0,Nekrasovka,2000000
44,18.0,16.0,16.0,2014.0,1.0,1.0,Poselenie Voskresenskoe,4880720
40,20.0,4.0,14.0,2003.0,1.0,8.0,Ochakovo-Matveevskoe,7650000
65,45.0,12.0,12.0,1974.0,3.0,6.0,Bibirevo,8250000
44,27.0,8.0,9.0,1967.0,2.0,5.0,Severnoe Tushino,5900000
55,38.0,4.0,9.0,1965.0,3.0,5.0,Kuz'minki,8800000
138,81.0,4.0,12.0,2008.0,4.0,10.0,Poselenie Rjazanovskoe,12000000
61,0.0,16.0,17.0,2013.0,2.0,10.0,Nekrasovka,5944257
59,35.0,8.0,16.0,2004.0,2.0,7.0,Presnenskoe,15100000
32,18.0,8.0,9.0,1974.0,1.0,6.0,Pechatniki,1000000
56,27.0,9.0,9.0,1999.0,2.0,12.0,Matushkino,7850000
35,16.0,9.0,9.0,1978.0,1.0,7.0,Gol'janovo,5730000
44,27.0,9.0,9.0,1987.0,2.0,6.0,Sokol'niki,9100000
77,44.0,15.0,22.0,2002.0,3.0,10.0,Sviblovo,11000000
41,21.0,14.0,14.0,1989.0,1.0,8.0,Krjukovo,1000000
38,22.0,6.0,9.0,1966.0,2.0,7.0,Danilovskoe,1000000
70,,8.0,25.0,2014.0,2.0,1.0,Nekrasovka,6650000
61,,11.0,17.0,,2.0,1.0,Tverskoe,7407910
56,35.0,1.0,5.0,1959.0,2.0,8.0,Koptevo,7500000
38,20.0,8.0,22.0,1989.0,1.0,9.0,Solncevo,6300000
44,19.0,8.0,1.0,2014.0,1.0,12.0,Poselenie Vnukovskoe,5881511
46,44.0,5.0,25.0,2015.0,1.0,1.0,Nekrasovka,4740002
49,31.0,3.0,12.0,1968.0,2.0,9.0,Novogireevo,7800000
35,19.0,8.0,12.0,1967.0,1.0,9.0,Koptevo,6300000
39,17.0,8.0,14.0,2006.0,1.0,8.0,Nekrasovka,5100000
35,19.0,10.0,16.0,1979.0,1.0,9.0,Orehovo-Borisovo Juzhnoe,5900000
44,44.0,12.0,19.0,2014.0,1.0,1.0,Poselenie Sosenskoe,5037032
69,37.0,9.0,24.0,2015.0,2.0,1.0,Losinoostrovskoe,12316908
79,48.0,12.0,14.0,1992.0,3.0,8.0,Babushkinskoe,14600000
36,22.0,7.0,9.0,1962.0,2.0,7.0,Timirjazevskoe,7500000
78,56.0,17.0,17.0,2016.0,3.0,12.0,Nagatinskij Zaton,12726590
37,37.0,15.0,17.0,0.0,1.0,10.0,Poselenie Shherbinka,3042235
44,14.0,13.0,17.0,2003.0,1.0,12.0,Pechatniki,7500000
35,35.0,5.0,15.0,2014.0,1.0,1.0,Poselenie Voskresenskoe,4631820
52,52.0,15.0,,,,,Tverskoe,4203264
32,18.0,2.0,9.0,1976.0,1.0,6.0,Birjulevo Vostochnoe,4400000
38,1.0,10.0,0.0,2014.0,2.0,1.0,Poselenie Sosenskoe,4800000
41,23.0,8.0,14.0,1975.0,2.0,6.0,Presnenskoe,9500000
102,100.0,15.0,,,,,Kurkino,17800000
37,19.0,16.0,17.0,2002.0,1.0,7.0,Nizhegorodskoe,5500000
58,30.0,16.0,22.0,2009.0,2.0,7.0,Timirjazevskoe,7650000
80,52.0,2.0,12.0,1975.0,4.0,8.0,Bibirevo,11300000
48,43.0,4.0,4.0,2011.0,1.0,0.0,Poselenie Sosenskoe,1000000
83,44.0,11.0,16.0,1979.0,3.0,10.0,Troparevo-Nikulino,15000000
61,1.0,20.0,1.0,2015.0,2.0,1.0,Mitino,9766681
43,31.0,4.0,5.0,1962.0,2.0,6.0,Sviblovo,7300000
36,18.0,4.0,17.0,2009.0,1.0,7.0,Juzhnoe Butovo,5000000
50,1.0,7.0,7.0,2015.0,1.0,0.0,Poselenie Moskovskij,6370777
54,36.0,5.0,5.0,1964.0,3.0,5.0,Zjuzino,2000000
40,40.0,19.0,20.0,2014.0,1.0,6.0,Poselenie Vnukovskoe,5005513
36,18.0,16.0,,,,,Sokol'niki,7600000
77,46.0,13.0,16.0,1980.0,3.0,10.0,Jasenevo,3990000
76,45.0,2.0,17.0,1992.0,3.0,10.0,Krjukovo,1000000
61,,16.0,,,,,Ochakovo-Matveevskoe,12336800
49,30.0,1.0,9.0,1970.0,2.0,7.0,Troparevo-Nikulino,7700000
51,30.0,14.0,17.0,1984.0,17.0,8.0,Obruchevskoe,13150000
57,30.0,7.0,8.0,1999.0,2.0,10.0,Juzhnoe Butovo,8550000
64,64.0,14.0,17.0,0.0,2.0,0.0,Poselenie Vnukovskoe,6090240
54,32.0,5.0,16.0,1977.0,2.0,9.0,Lianozovo,4000000
63,39.0,1.0,9.0,1968.0,3.0,6.0,Matushkino,2000000
44,,18.0,18.0,2014.0,1.0,1.0,Tverskoe,7293000
61,,10.0,,,,,Nekrasovka,5571000
47,30.0,9.0,12.0,1974.0,2.0,6.0,Birjulevo Zapadnoe,5400000
59,42.0,5.0,5.0,1967.0,3.0,5.0,Kon'kovo,8400000
71,34.0,2.0,7.0,1929.0,2.0,15.0,Arbat,18700000
42,28.0,3.0,9.0,1961.0,2.0,5.0,Danilovskoe,7550000
44,28.0,3.0,9.0,1970.0,2.0,6.0,Veshnjaki,6450000
45,28.0,4.0,5.0,1963.0,2.0,5.0,Babushkinskoe,6300000
78,44.0,22.0,22.0,1985.0,3.0,10.0,Taganskoe,14500000
100,35.0,26.0,40.0,2012.0,2.0,17.0,Akademicheskoe,22054600
74,45.0,6.0,17.0,1997.0,3.0,9.0,Zjablikovo,12950000
47,30.0,5.0,9.0,1970.0,2.0,6.0,Chertanovo Severnoe,4000000
63,33.0,11.0,17.0,2007.0,2.0,12.0,Kosino-Uhtomskoe,10500000
42,,13.0,0.0,,1.0,0.0,Poselenie Sosenskoe,3591000
32,21.0,3.0,9.0,1963.0,1.0,5.0,Sviblovo,1000000
52,30.0,9.0,12.0,1977.0,2.0,8.0,Golovinskoe,8000000
38,22.0,7.0,9.0,1964.0,2.0,7.0,Prospekt Vernadskogo,8850000
48,31.0,7.0,12.0,1973.0,2.0,7.0,Teplyj Stan,8200000
40,40.0,15.0,1.0,2015.0,1.0,1.0,Mitino,7002109
62,30.0,13.0,25.0,2012.0,2.0,9.0,Strogino,12300000
77,46.0,10.0,17.0,1990.0,3.0,10.0,Mar'ino,10700000
61,34.0,5.0,22.0,1992.0,2.0,10.0,Ramenki,14350000
38,38.0,12.0,17.0,2015.0,1.0,1.0,Poselenie Vnukovskoe,5332762
59,38.0,3.0,9.0,1971.0,3.0,6.0,Veshnjaki,7900000
13,9.0,4.0,5.0,1962.0,1.0,1.0,Horoshevo-Mnevniki,3450000
32,18.0,8.0,9.0,1968.0,1.0,6.0,Hovrino,6000000
36,21.0,8.0,9.0,1974.0,1.0,6.0,Otradnoe,6100000
52,,13.0,17.0,0.0,2.0,1.0,Poselenie Vnukovskoe,6658024
37,19.0,5.0,16.0,1977.0,1.0,8.0,Bibirevo,4100000
79,,16.0,,,,,Nekrasovka,6568452
45,27.0,11.0,12.0,1972.0,2.0,6.0,Ostankinskoe,1000000
32,20.0,3.0,5.0,1965.0,1.0,5.0,Caricyno,5150000
46,,1.0,1.0,,1.0,1.0,Poselenie Moskovskij,4855800
71,41.0,2.0,9.0,1948.0,2.0,12.0,Dorogomilovo,18000000
36,17.0,10.0,17.0,2003.0,1.0,10.0,Birjulevo Vostochnoe,5200000
53,27.0,11.0,12.0,1991.0,2.0,8.0,Otradnoe,8950000
116,78.0,5.0,8.0,2008.0,4.0,14.0,Hamovniki,30000000
60,1.0,8.0,1.0,1.0,2.0,1.0,Krjukovo,6271200
70,45.0,2.0,8.0,1940.0,3.0,7.0,Tverskoe,2000000
96,56.0,4.0,5.0,1950.0,3.0,10.0,Golovinskoe,12400000
58,31.0,8.0,17.0,1998.0,2.0,10.0,Caricyno,12350000
45,45.0,3.0,9.0,,1.0,12.0,Poselenie Pervomajskoe,3181075
37,18.0,2.0,17.0,1997.0,1.0,8.0,Donskoe,7500000
37,19.0,9.0,14.0,1970.0,1.0,9.0,Novogireevo,6700000
26,,2.0,17.0,2016.0,1.0,1.0,Poselenie Filimonkovskoe,2422315
34,19.0,16.0,16.0,1987.0,1.0,9.0,Vyhino-Zhulebino,5500000
36,19.0,2.0,16.0,1979.0,1.0,8.0,Lianozovo,6500000
38,19.0,17.0,17.0,1990.0,1.0,8.0,Mar'ino,6000000
56,32.0,5.0,19.0,2012.0,2.0,8.0,Nekrasovka,2000000
42,27.0,1.0,5.0,1958.0,2.0,5.0,Bogorodskoe,6300000
63,32.0,6.0,22.0,2002.0,2.0,11.0,Golovinskoe,13500000
62,37.0,1.0,9.0,1975.0,3.0,8.0,Otradnoe,5800000
37,18.0,4.0,14.0,1996.0,1.0,8.0,Ljublino,6325000
45,,20.0,1.0,2013.0,3.0,1.0,Tverskoe,4777500
46,31.0,3.0,9.0,1967.0,2.0,1.0,Hovrino,7650000
56,,3.0,19.0,1.0,2.0,1.0,Nagatinskij Zaton,8222642
63,33.0,6.0,12.0,2005.0,2.0,12.0,Kosino-Uhtomskoe,8950000
82,47.0,3.0,6.0,2001.0,3.0,8.0,Staroe Krjukovo,9300000
40,25.0,5.0,5.0,1965.0,2.0,5.0,Juzhnoe Tushino,1000000
32,16.0,4.0,5.0,1962.0,1.0,8.0,Horoshevskoe,6000000
61,37.0,8.0,9.0,1967.0,3.0,6.0,Juzhnoportovoe,9000000
73,44.0,11.0,17.0,1994.0,3.0,10.0,Severnoe Butovo,11750000
57,42.0,7.0,9.0,1971.0,3.0,5.0,Ivanovskoe,8500000
44,28.0,8.0,9.0,1976.0,2.0,6.0,Chertanovo Central'noe,7100000
42,30.0,4.0,5.0,1967.0,2.0,5.0,Ljublino,6500000
38,19.0,4.0,17.0,1985.0,1.0,8.0,Orehovo-Borisovo Juzhnoe,6200000
53,32.0,8.0,14.0,1995.0,2.0,9.0,Mar'ino,8500000
57,33.0,1.0,,,,,Golovinskoe,8242000
75,46.0,15.0,17.0,1987.0,3.0,1.0,Novokosino,2000000
42,27.0,4.0,5.0,1965.0,2.0,5.0,Izmajlovo,6900000
61,61.0,17.0,17.0,2014.0,2.0,0.0,Poselenie Vnukovskoe,6692971
51,,4.0,17.0,,2.0,1.0,Nekrasovka,5115198
44,44.0,12.0,15.0,2015.0,1.0,10.0,Poselenie Sosenskoe,6023304
84,52.0,8.0,25.0,2005.0,3.0,11.0,Vyhino-Zhulebino,13400000
90,57.0,4.0,9.0,2007.0,4.0,9.0,Matushkino,10000000
80,80.0,16.0,17.0,2014.0,3.0,10.0,Poselenie Desjonovskoe,6482506
41,,16.0,25.0,0.0,1.0,1.0,Poselenie Moskovskij,4790437
53,33.0,3.0,5.0,1958.0,2.0,7.0,Horoshevo-Mnevniki,9750000
75,44.0,21.0,22.0,1988.0,3.0,9.0,Mozhajskoe,12600000
36,14.0,9.0,17.0,1998.0,1.0,10.0,Mar'ino,7000000
62,44.0,4.0,12.0,1972.0,3.0,6.0,Chertanovo Juzhnoe,8970000
32,18.0,4.0,9.0,1970.0,1.0,6.0,Caricyno,5000000
42,,1.0,18.0,1.0,1.0,1.0,Krjukovo,4515000
54,28.0,4.0,17.0,2008.0,2.0,9.0,Krjukovo,7250000
31,18.0,3.0,5.0,1962.0,1.0,5.0,Juzhnoportovoe,6000000
46,18.0,17.0,17.0,2013.0,1.0,11.0,Poselenie Sosenskoe,5335000
59,,12.0,17.0,2016.0,2.0,10.0,Poselenie Sosenskoe,6347240
45,29.0,5.0,9.0,1969.0,2.0,6.0,Kon'kovo,2000000
50,34.0,6.0,9.0,1969.0,3.0,6.0,Pechatniki,7850000
81,,4.0,1.0,,2.0,1.0,Poselenie Moskovskij,8428394
35,19.0,10.0,12.0,1965.0,1.0,10.0,Rjazanskij,6450000
76,76.0,10.0,19.0,2016.0,3.0,10.0,Poselenie Shherbinka,5879029
42,25.0,6.0,9.0,1965.0,2.0,5.0,Alekseevskoe,7650000
46,30.0,5.0,12.0,1975.0,2.0,6.0,Orehovo-Borisovo Severnoe,6950000
44,41.0,10.0,17.0,2015.0,1.0,6.0,Poselenie Voskresenskoe,4983720
47,28.0,3.0,12.0,1975.0,2.0,6.0,Otradnoe,7600000
55,31.0,5.0,6.0,2014.0,1.0,8.0,Novo-Peredelkino,4772376
55,29.0,6.0,14.0,2004.0,2.0,8.0,Juzhnoe Butovo,8400000
58,,3.0,5.0,2015.0,2.0,10.0,Tverskoe,5126181
46,46.0,2.0,16.0,2015.0,1.0,0.0,Poselenie Moskovskij,5719163
44,40.0,4.0,32.0,2006.0,1.0,40.0,Vostochnoe Degunino,7500000
58,40.0,15.0,24.0,2017.0,2.0,10.0,Nagatinskij Zaton,9168861
61,40.0,16.0,24.0,2017.0,2.0,9.0,Nagatinskij Zaton,9810132
31,16.0,5.0,9.0,1966.0,1.0,9.0,Nagatinskij Zaton,2000000
78,40.0,5.0,5.0,2016.0,2.0,1.0,Levoberezhnoe,13300300
39,20.0,17.0,18.0,1998.0,1.0,10.0,Mar'ino,6600000
34,16.0,7.0,16.0,1990.0,1.0,10.0,Danilovskoe,7900000
53,33.0,1.0,,,,,Marfino,6200000
35,19.0,8.0,12.0,1966.0,1.0,10.0,Ramenki,7600000
21,13.0,5.0,9.0,1971.0,1.0,3.0,Bogorodskoe,4300000
52,34.0,3.0,9.0,1975.0,3.0,6.0,Otradnoe,8040000
46,29.0,2.0,5.0,1964.0,2.0,5.0,Caricyno,7150000
41,21.0,5.0,12.0,1978.0,1.0,8.0,Vostochnoe Degunino,6500000
49,28.0,9.0,9.0,1974.0,2.0,5.0,Teplyj Stan,6800000
45,26.0,6.0,12.0,1977.0,2.0,6.0,Troickij okrug,5650000
61,29.0,8.0,,,,,Poselenie Voskresenskoe,5235870
34,18.0,6.0,8.0,1964.0,1.0,7.0,Alekseevskoe,7050000
52,30.0,5.0,12.0,2005.0,2.0,9.0,Kosino-Uhtomskoe,7700000
78,46.0,5.0,9.0,1999.0,3.0,8.0,Mar'ino,2000000
60,60.0,8.0,8.0,2014.0,2.0,1.0,Poselenie Voskresenskoe,6498270
33,17.0,9.0,12.0,1970.0,1.0,9.0,Alekseevskoe,8650000
75,43.0,16.0,17.0,1990.0,3.0,10.0,Gol'janovo,11150000
46,27.0,3.0,9.0,1977.0,2.0,6.0,Orehovo-Borisovo Juzhnoe,1000000
37,23.0,1.0,9.0,1963.0,2.0,7.0,Metrogorodok,6000000
58,34.0,5.0,5.0,1958.0,2.0,5.0,Golovinskoe,7500000
79,47.0,16.0,17.0,2005.0,3.0,10.0,Levoberezhnoe,13400000
37,19.0,4.0,14.0,2004.0,1.0,7.0,Juzhnoe Medvedkovo,6500000
38,16.0,7.0,17.0,1974.0,1.0,8.0,Hovrino,6850000
31,17.0,3.0,14.0,1970.0,1.0,7.0,Severnoe Medvedkovo,6300000
45,27.0,1.0,9.0,1974.0,2.0,6.0,Ljublino,6500000
80,48.0,10.0,13.0,2001.0,3.0,10.0,Juzhnoe Butovo,13600000
49,31.0,9.0,12.0,1971.0,2.0,8.0,Solncevo,2500000
189,104.0,7.0,3.0,2006.0,3.0,19.0,Krylatskoe,12000000
51,25.0,3.0,10.0,1955.0,2.0,7.0,Vojkovskoe,10500000
38,19.0,15.0,17.0,2000.0,1.0,7.0,Orehovo-Borisovo Severnoe,6250000
57,29.0,11.0,24.0,2012.0,2.0,9.0,Birjulevo Vostochnoe,8757427
52,30.0,5.0,12.0,1978.0,2.0,8.0,Chertanovo Severnoe,8500000
32,32.0,9.0,9.0,1971.0,1.0,6.0,Veshnjaki,5200000
57,38.0,2.0,9.0,1969.0,3.0,5.0,Severnoe Tushino,8800000
60,37.0,2.0,8.0,1958.0,2.0,7.0,Akademicheskoe,3000000
64,45.0,9.0,12.0,1974.0,3.0,6.0,Orehovo-Borisovo Severnoe,8700000
63,0.0,14.0,17.0,0.0,2.0,0.0,Poselenie Vnukovskoe,7047839
34,34.0,1.0,3.0,2016.0,1.0,1.0,Poselenie Novofedorovskoe,1715200
68,,8.0,,,,,Poselenie Sosenskoe,5770800
79,79.0,14.0,21.0,2017.0,3.0,1.0,Poselenie Vnukovskoe,8516729
97,52.0,9.0,14.0,2008.0,3.0,12.0,Juzhnoe Butovo,9650000
38,17.0,3.0,24.0,2005.0,1.0,11.0,Severnoe Butovo,7400000
38,19.0,14.0,14.0,2002.0,1.0,7.0,Juzhnoe Butovo,6000000
38,38.0,16.0,16.0,2016.0,1.0,1.0,Poselenie Desjonovskoe,4209255
30,19.0,3.0,5.0,1961.0,1.0,5.0,Horoshevo-Mnevniki,5600000
54,33.0,3.0,7.0,1957.0,2.0,8.0,Nizhegorodskoe,7800000
114,67.0,6.0,17.0,2012.0,3.0,16.0,Kuncevo,14700000
85,60.0,10.0,22.0,2015.0,3.0,10.0,Poselenie Vnukovskoe,10371441
32,20.0,5.0,5.0,1967.0,1.0,5.0,Poselenie Rjazanovskoe,3250000
58,32.0,12.0,17.0,2011.0,2.0,12.0,Nekrasovka,6024100
41,21.0,3.0,12.0,1979.0,1.0,8.0,Mozhajskoe,6100000
43,43.0,4.0,4.0,0.0,1.0,0.0,Poselenie Pervomajskoe,3043800
44,27.0,2.0,5.0,1967.0,2.0,5.0,Nagornoe,7300000
74,40.0,4.0,16.0,2001.0,3.0,10.0,Severnoe Butovo,12000000
38,20.0,5.0,9.0,1987.0,1.0,8.0,Veshnjaki,5800000
38,18.0,8.0,17.0,1995.0,1.0,8.0,Brateevo,5200000
45,32.0,3.0,9.0,1965.0,2.0,5.0,Rjazanskij,6550000
45,27.0,7.0,9.0,1973.0,2.0,6.0,Ivanovskoe,7400000
63,,8.0,17.0,2013.0,2.0,10.0,Krjukovo,6433700
39,20.0,1.0,12.0,1979.0,1.0,8.0,Nagatinskij Zaton,6250000
47,30.0,12.0,12.0,1978.0,2.0,6.0,Vostochnoe Degunino,1000000
123,56.0,19.0,30.0,2010.0,3.0,15.0,Zjuzino,24759964
45,28.0,1.0,5.0,1970.0,2.0,5.0,Novogireevo,6200000
70,60.0,13.0,17.0,2015.0,3.0,1.0,Nekrasovka,7162480
18,11.0,10.0,12.0,1984.0,1.0,0.0,Orehovo-Borisovo Juzhnoe,2000000
30,18.0,5.0,5.0,1961.0,1.0,5.0,Mozhajskoe,3000000
37,19.0,14.0,17.0,1992.0,1.0,7.0,Mitino,6815000
34,15.0,16.0,16.0,2005.0,1.0,7.0,Kuncevo,3000000
96,52.0,13.0,14.0,2003.0,3.0,11.0,Savelki,13500000
32,21.0,5.0,9.0,1963.0,1.0,5.0,Levoberezhnoe,3000000
37,19.0,13.0,16.0,1983.0,1.0,9.0,Preobrazhenskoe,7500000
49,,5.0,1.0,,1.0,1.0,Poselenie Sosenskoe,4602880
63,,15.0,15.0,2015.0,2.0,1.0,Tverskoe,5333303
34,20.0,3.0,12.0,1970.0,1.0,9.0,Presnenskoe,7300000
65,43.0,4.0,12.0,1974.0,3.0,7.0,Timirjazevskoe,10800000
44,27.0,9.0,9.0,1976.0,2.0,5.0,Jasenevo,7500000
39,20.0,2.0,12.0,1976.0,1.0,8.0,Teplyj Stan,2000000
35,19.0,1.0,12.0,1974.0,1.0,9.0,Pechatniki,5700000
64,41.0,1.0,8.0,1932.0,3.0,7.0,Krasnosel'skoe,3000000
40,,12.0,17.0,,1.0,1.0,Nekrasovka,4462000
79,79.0,14.0,18.0,2015.0,3.0,10.0,Poselenie Filimonkovskoe,6278470
44,18.0,26.0,30.0,2012.0,1.0,12.0,Bogorodskoe,3960000
64,30.0,24.0,24.0,2007.0,1.0,11.0,Kosino-Uhtomskoe,1000000
82,48.0,4.0,12.0,1982.0,3.0,8.0,Butyrskoe,14000000
38,19.0,11.0,17.0,1980.0,1.0,8.0,Bibirevo,6300000
78,78.0,5.0,1.0,2014.0,2.0,1.0,Poselenie Moskovskij,7761414
92,32.0,14.0,17.0,2006.0,2.0,11.0,Kosino-Uhtomskoe,8500000
85,44.0,16.0,17.0,2007.0,3.0,13.0,Troickij okrug,9100000
35,21.0,7.0,9.0,1970.0,1.0,6.0,Levoberezhnoe,6300000
62,39.0,8.0,9.0,1976.0,3.0,7.0,Orehovo-Borisovo Juzhnoe,8200000
38,24.0,1.0,5.0,1966.0,2.0,5.0,Solncevo,1990000
39,19.0,12.0,17.0,1986.0,1.0,8.0,Orehovo-Borisovo Severnoe,6100000
62,44.0,6.0,12.0,1974.0,3.0,6.0,Birjulevo Zapadnoe,6700000
45,45.0,13.0,17.0,2016.0,1.0,1.0,Poselenie Moskovskij,5360745
79,,8.0,17.0,0.0,3.0,1.0,Poselenie Vnukovskoe,9224411
65,63.0,3.0,12.0,2014.0,2.0,1.0,Pokrovskoe Streshnevo,5129088
39,22.0,3.0,14.0,1973.0,2.0,5.0,Vostochnoe Izmajlovo,6000000
54,32.0,15.0,17.0,1991.0,2.0,9.0,Donskoe,9000000
47,30.0,5.0,5.0,1965.0,2.0,5.0,Danilovskoe,7350000
42,28.0,2.0,5.0,1963.0,2.0,5.0,Caricyno,5900000
58,39.0,8.0,9.0,1968.0,2.0,6.0,Caricyno,4700000
74,45.0,17.0,17.0,1988.0,3.0,10.0,Moskvorech'e-Saburovo,9600000
36,21.0,9.0,9.0,1970.0,1.0,6.0,Severnoe Tushino,6600000
60,30.0,12.0,,,,,Poselenie Voskresenskoe,5524675
39,22.0,11.0,12.0,1967.0,2.0,7.0,Izmajlovo,6500000
102,63.0,3.0,22.0,2003.0,4.0,10.0,Strogino,23600000
59,58.0,23.0,24.0,2015.0,2.0,10.0,Nagornoe,13294885
38,19.0,16.0,17.0,2000.0,1.0,7.0,Ochakovo-Matveevskoe,7400000
42,23.0,15.0,16.0,1971.0,2.0,6.0,Ochakovo-Matveevskoe,7700000
303,,32.0,32.0,,6.0,0.0,Obruchevskoe,54212936
46,,1.0,12.0,2013.0,1.0,1.0,Zapadnoe Degunino,4150585
35,17.0,3.0,9.0,1965.0,1.0,9.0,Gagarinskoe,8900000
52,30.0,17.0,17.0,2002.0,2.0,9.0,Akademicheskoe,12850000
37,23.0,12.0,12.0,1968.0,2.0,6.0,Donskoe,7350000
57,30.0,11.0,22.0,2011.0,2.0,9.0,Obruchevskoe,3000000
56,31.0,17.0,24.0,1995.0,2.0,8.0,Kon'kovo,12200000
81,42.0,17.0,17.0,2002.0,3.0,10.0,Juzhnoe Butovo,13500000
36,36.0,1.0,10.0,2013.0,1.0,1.0,Chertanovo Central'noe,5900057
27,26.0,7.0,17.0,2015.0,1.0,10.0,Poselenie Filimonkovskoe,2511697
37,16.0,9.0,,,,,Dorogomilovo,8600000
75,46.0,2.0,17.0,1996.0,3.0,10.0,Vnukovo,7450000
29,18.0,1.0,5.0,1960.0,1.0,5.0,Tekstil'shhiki,2000000
59,33.0,16.0,16.0,1981.0,2.0,10.0,Strogino,11500000
61,58.0,8.0,10.0,2013.0,2.0,10.0,Poselenie Desjonovskoe,5045728
51,30.0,2.0,9.0,1987.0,2.0,7.0,Poselenie Kokoshkino,1200000
35,19.0,5.0,9.0,1973.0,1.0,9.0,Pechatniki,5050000
81,43.0,13.0,17.0,2007.0,3.0,10.0,Kuncevo,15850000
69,48.0,1.0,5.0,1926.0,3.0,8.0,Presnenskoe,999990
40,40.0,7.0,17.0,1.0,1.0,1.0,Kapotnja,4737760
59,29.0,16.0,16.0,2014.0,2.0,9.0,Mozhajskoe,2500000
29,,1.0,1.0,2014.0,1.0,1.0,Tverskoe,1999385
79,,18.0,25.0,2013.0,3.0,1.0,Nagornoe,14249084
36,22.0,6.0,9.0,1964.0,1.0,7.0,Nagornoe,3000000
68,47.0,2.0,,,,,Akademicheskoe,10239000
32,32.0,1.0,1.0,1.0,1.0,1.0,Poselenie Voskresenskoe,4844490
41,,6.0,1.0,2013.0,1.0,1.0,Chertanovo Severnoe,7025750
76,45.0,9.0,25.0,2012.0,3.0,12.0,Zjuzino,6800000
61,33.0,5.0,17.0,2006.0,2.0,11.0,Zjuzino,12800000
38,38.0,10.0,17.0,2014.0,1.0,1.0,Tverskoe,3598268
48,16.0,6.0,17.0,2016.0,1.0,13.0,Poselenie Moskovskij,5642408
46,28.0,2.0,12.0,1968.0,2.0,5.0,Ochakovo-Matveevskoe,6350000
40,20.0,3.0,9.0,2004.0,1.0,8.0,Kosino-Uhtomskoe,2000000
52,30.0,8.0,12.0,1985.0,2.0,8.0,Lefortovo,10400000
56,34.0,4.0,8.0,1957.0,2.0,9.0,Gagarinskoe,13000000
38,,1.0,,,,,Poselenie Moskovskij,3013140
102,86.0,25.0,39.0,2009.0,2.0,6.0,Tverskoe,6685941
37,37.0,7.0,17.0,0.0,1.0,1.0,Nekrasovka,5361604
77,,3.0,0.0,,2.0,0.0,Poselenie Sosenskoe,6402480
75,44.0,14.0,16.0,1978.0,3.0,10.0,Jasenevo,13500000
76,51.0,1.0,8.0,1958.0,3.0,1.0,Lomonosovskoe,14700000
50,34.0,6.0,9.0,1977.0,3.0,5.0,Zjablikovo,7550000
30,18.0,4.0,5.0,1961.0,1.0,5.0,Koptevo,1100000
54,32.0,15.0,17.0,1996.0,2.0,9.0,Novokosino,8300000
82,1.0,2.0,15.0,2017.0,3.0,1.0,Poselenie Sosenskoe,5747000
31,16.0,6.0,,,,,Meshhanskoe,2864000
73,43.0,17.0,17.0,1990.0,3.0,10.0,Juzhnoportovoe,12150000
80,35.0,5.0,40.0,2012.0,2.0,14.0,Akademicheskoe,16737531
37,19.0,14.0,,,,,Kapotnja,5000000
174,139.0,7.0,17.0,2000.0,1.0,14.0,Fili Davydkovo,44000000
57,31.0,8.0,8.0,2006.0,2.0,9.0,Tverskoe,17000000
41,41.0,9.0,1.0,2014.0,2.0,1.0,Poselenie Sosenskoe,4511136
62,62.0,19.0,24.0,2015.0,2.0,1.0,Nagornoe,14864928
45,28.0,4.0,12.0,1970.0,2.0,6.0,Vostochnoe Degunino,6500000
73,45.0,1.0,17.0,2007.0,3.0,10.0,Severnoe,9000000
97,55.0,15.0,16.0,1989.0,3.0,12.0,Kuncevo,20000000
89,48.0,9.0,25.0,2008.0,2.0,14.0,Poselenie Moskovskij,4793000
77,47.0,5.0,15.0,1935.0,3.0,5.0,Basmannoe,13200000
62,38.0,9.0,9.0,1977.0,3.0,8.0,Juzhnoe Medvedkovo,10000000
54,31.0,10.0,17.0,2004.0,2.0,9.0,Severnoe Tushino,9700000
38,23.0,2.0,12.0,1967.0,2.0,6.0,Zapadnoe Degunino,1000000
63,33.0,8.0,12.0,2004.0,2.0,12.0,Kosino-Uhtomskoe,9100000
75,43.0,11.0,16.0,1986.0,3.0,72.0,Mozhajskoe,13000000
56,34.0,12.0,24.0,2012.0,2.0,8.0,Horoshevo-Mnevniki,2000000
46,30.0,1.0,14.0,1973.0,2.0,8.0,Alekseevskoe,7500000
37,,2.0,1.0,,1.0,1.0,Zapadnoe Degunino,3292067
32,16.0,7.0,9.0,1970.0,1.0,7.0,Kon'kovo,7300000
55,37.0,5.0,5.0,1961.0,3.0,5.0,Kuz'minki,7000000
57,42.0,5.0,9.0,1969.0,3.0,5.0,Tekstil'shhiki,8000000
51,30.0,7.0,17.0,1999.0,2.0,8.0,Mar'ino,8800000
40,21.0,6.0,12.0,1977.0,1.0,8.0,Orehovo-Borisovo Severnoe,3000000
45,30.0,2.0,5.0,1962.0,2.0,5.0,Kuz'minki,6500000
36,15.0,2.0,13.0,2005.0,1.0,9.0,Meshhanskoe,9500000
41,25.0,2.0,9.0,1970.0,2.0,4.0,Dmitrovskoe,5200000
59,43.0,7.0,9.0,1970.0,3.0,6.0,Chertanovo Severnoe,8400000
77,46.0,2.0,16.0,1980.0,3.0,10.0,Teplyj Stan,12650000
40,19.0,17.0,17.0,2011.0,19.0,7.0,Poselenie Vnukovskoe,2630000
64,36.0,4.0,24.0,2014.0,2.0,1.0,Poselenie Voskresenskoe,6550950
78,43.0,13.0,17.0,2012.0,3.0,12.0,Nekrasovka,7245122
36,15.0,12.0,16.0,2002.0,1.0,9.0,Juzhnoe Butovo,4900000
49,28.0,3.0,5.0,1952.0,2.0,7.0,Tekstil'shhiki,8050000
44,27.0,4.0,5.0,1965.0,2.0,5.0,Gol'janovo,6300000
35,15.0,13.0,17.0,2006.0,1.0,9.0,Troickij okrug,3000000
36,18.0,1.0,14.0,1973.0,1.0,1.0,Ljublino,2000000
39,18.0,16.0,17.0,2012.0,1.0,9.0,Poselenie Sosenskoe,4227500
68,1.0,3.0,1.0,1.0,1.0,1.0,Krjukovo,6761700
87,56.0,2.0,15.0,1997.0,3.0,10.0,Mitino,12500000
40,20.0,11.0,14.0,1985.0,1.0,8.0,Brateevo,4400000
82,46.0,6.0,0.0,2015.0,3.0,0.0,Poselenie Sosenskoe,10013000
63,44.0,5.0,12.0,1979.0,3.0,6.0,Altuf'evskoe,3000000
53,32.0,7.0,17.0,1994.0,2.0,53.0,Donskoe,9000000
122,76.0,9.0,12.0,1994.0,3.0,19.0,Savelki,6000000
38,19.0,11.0,16.0,1982.0,1.0,9.0,Chertanovo Juzhnoe,6700000
48,26.0,3.0,9.0,1986.0,2.0,8.0,Poselenie Shherbinka,5700000
30,18.0,8.0,9.0,1967.0,1.0,5.0,Bogorodskoe,5900000
64,64.0,4.0,17.0,2015.0,2.0,10.0,Poselenie Sosenskoe,5382400
27,,4.0,22.0,,1.0,1.0,Poselenie Shherbinka,2535876
58,44.0,9.0,,,,,Severnoe Tushino,5333333
51,11.0,13.0,17.0,2013.0,2.0,9.0,Nekrasovka,7100000
39,19.0,5.0,10.0,1996.0,1.0,8.0,Juzhnoe Butovo,5700000
74,,2.0,1.0,,2.0,1.0,Poselenie Moskovskij,8878656
74,43.0,7.0,17.0,1991.0,3.0,10.0,Novo-Peredelkino,10000000
38,19.0,12.0,,,,,Krylatskoe,7800000
32,18.0,5.0,9.0,1976.0,1.0,5.0,Orehovo-Borisovo Juzhnoe,5200000
31,21.0,1.0,9.0,1964.0,1.0,5.0,Taganskoe,5800000
58,58.0,11.0,17.0,2015.0,2.0,1.0,Nekrasovka,6272100
57,30.0,2.0,10.0,1996.0,2.0,12.0,Vyhino-Zhulebino,8800000
63,30.0,5.0,19.0,2004.0,2.0,12.0,Kuncevo,2000000
36,20.0,6.0,12.0,1967.0,1.0,9.0,Vyhino-Zhulebino,6200000
46,27.0,2.0,9.0,1972.0,2.0,6.0,Jaroslavskoe,6750000
44,28.0,5.0,9.0,1980.0,2.0,5.0,Mar'ino,6400000
56,56.0,6.0,12.0,2014.0,2.0,1.0,Mitino,9041580
34,19.0,6.0,12.0,1978.0,1.0,9.0,Kuncevo,6300000
35,14.0,3.0,17.0,2007.0,1.0,9.0,Severnoe Tushino,6500000
43,17.0,10.0,14.0,1991.0,1.0,8.0,Silino,4800000
16,11.0,4.0,5.0,1952.0,1.0,1.0,Vostochnoe Izmajlovo,2000000
45,28.0,7.0,12.0,1967.0,2.0,5.0,Perovo,8000000
34,19.0,9.0,16.0,1981.0,1.0,9.0,Sokol,1000000
38,19.0,12.0,14.0,1971.0,1.0,9.0,Kotlovka,7400000
64,30.0,16.0,24.0,2007.0,2.0,11.0,Kosino-Uhtomskoe,8100000
41,18.0,4.0,12.0,1967.0,1.0,10.0,Preobrazhenskoe,2000000
63,63.0,4.0,17.0,0.0,2.0,1.0,Poselenie Vnukovskoe,7073249
40,24.0,8.0,9.0,1978.0,2.0,6.0,Jasenevo,7500000
45,28.0,1.0,,,,,Donskoe,7000000
43,27.0,5.0,5.0,1965.0,2.0,5.0,Nagornoe,6750000
66,47.0,2.0,16.0,1980.0,3.0,7.0,Ramenki,10600000
42,20.0,10.0,14.0,1994.0,1.0,8.0,Krjukovo,5000000
84,52.0,10.0,12.0,1997.0,3.0,12.0,Mar'ino,12100000
87,58.0,6.0,9.0,1959.0,3.0,12.0,Hamovniki,37000000
79,1.0,7.0,1.0,2016.0,3.0,1.0,Tekstil'shhiki,13697415
80,52.0,4.0,5.0,1957.0,3.0,8.0,Shhukino,15500000
32,32.0,9.0,9.0,1967.0,1.0,6.0,Losinoostrovskoe,4600000
75,36.0,9.0,23.0,2009.0,2.0,12.0,Ramenki,7000000
34,,3.0,15.0,,1.0,1.0,Poselenie Novofedorovskoe,2118372
38,20.0,6.0,14.0,1989.0,1.0,8.0,Mar'ina Roshha,8346000
62,46.0,8.0,9.0,1973.0,4.0,6.0,Birjulevo Zapadnoe,3500000
37,19.0,3.0,16.0,1982.0,1.0,7.0,Kuncevo,7400000
47,28.0,1.0,12.0,1979.0,2.0,6.0,Severnoe Medvedkovo,8500000
62,30.0,24.0,24.0,2009.0,2.0,10.0,Hovrino,11300000
50,31.0,4.0,12.0,1976.0,2.0,9.0,Birjulevo Vostochnoe,6400000
45,31.0,7.0,9.0,1963.0,2.0,5.0,Prospekt Vernadskogo,2000000
64,39.0,2.0,14.0,1994.0,3.0,8.0,Pechatniki,10370000
72,37.0,8.0,9.0,2014.0,2.0,12.0,Poselenie Sosenskoe,5900000
65,43.0,9.0,9.0,1970.0,4.0,5.0,Dmitrovskoe,9200000
81,45.0,15.0,22.0,2000.0,3.0,10.0,Hovrino,13500000
54,32.0,5.0,17.0,1986.0,2.0,9.0,Krylatskoe,11000000
45,25.0,3.0,,,,,Kuz'minki,6100000
36,15.0,2.0,18.0,2008.0,1.0,9.0,Gol'janovo,6650000
45,30.0,6.0,,,,,Birjulevo Zapadnoe,5050000
32,18.0,7.0,,,,,Chertanovo Central'noe,1000000
61,40.0,2.0,8.0,1958.0,2.0,7.0,Dorogomilovo,14000000
38,38.0,8.0,,,,,Nekrasovka,4074000
61,56.0,3.0,15.0,2013.0,2.0,10.0,Poselenie Voskresenskoe,6212448
32,21.0,4.0,9.0,1963.0,1.0,5.0,Cheremushki,5850000
38,19.0,11.0,17.0,1990.0,1.0,8.0,Novokosino,6400000
63,39.0,10.0,12.0,1977.0,3.0,7.0,Bibirevo,8300000
51,34.0,5.0,9.0,1970.0,3.0,6.0,Severnoe Tushino,8900000
31,21.0,1.0,9.0,1966.0,1.0,5.0,Juzhnoe Tushino,5700000
47,31.0,4.0,,,,,Juzhnoe Butovo,1000000
35,20.0,2.0,12.0,1969.0,1.0,9.0,Caricyno,5500000
45,29.0,1.0,14.0,1970.0,2.0,5.0,Mozhajskoe,5800000
36,19.0,2.0,16.0,1980.0,1.0,9.0,Pechatniki,5800000
77,44.0,15.0,22.0,2001.0,3.0,10.0,Kon'kovo,16300000
44,44.0,12.0,1.0,1.0,1.0,1.0,Poselenie Sosenskoe,6228670
80,47.0,2.0,6.0,1998.0,3.0,8.0,Juzhnoe Butovo,11000000
98,98.0,8.0,,,,,Poselenie Sosenskoe,9826000
55,37.0,5.0,5.0,1960.0,3.0,5.0,Kotlovka,8600000
107,107.0,3.0,3.0,2014.0,4.0,1.0,Poselenie Filimonkovskoe,7257000
58,38.0,9.0,9.0,1976.0,3.0,6.0,Gol'janovo,7900000
40,22.0,2.0,17.0,2008.0,1.0,10.0,Poselenie Shherbinka,2000000
35,18.0,5.0,8.0,1950.0,1.0,6.0,Basmannoe,10800000
44,28.0,8.0,9.0,1970.0,2.0,6.0,Veshnjaki,6400000
39,39.0,4.0,10.0,2015.0,1.0,1.0,Solncevo,4536615
85,50.0,5.0,17.0,2012.0,4.0,11.0,Staroe Krjukovo,8000000
34,19.0,9.0,16.0,1982.0,0.0,9.0,Chertanovo Juzhnoe,5400000
59,32.0,7.0,8.0,1941.0,2.0,9.0,Timirjazevskoe,12100000
37,22.0,3.0,9.0,1966.0,2.0,7.0,Meshhanskoe,8700000
44,27.0,5.0,9.0,1970.0,2.0,6.0,Jaroslavskoe,6200000
52,,13.0,1.0,2013.0,2.0,1.0,Tverskoe,5326755
70,44.0,7.0,14.0,1971.0,3.0,9.0,Preobrazhenskoe,1000000
84,45.0,13.0,17.0,2006.0,3.0,10.0,Rjazanskij,16100000
79,44.0,11.0,14.0,2008.0,3.0,12.0,Severnoe Medvedkovo,15800000
37,18.0,4.0,25.0,2009.0,1.0,8.0,Strogino,9000000
63,33.0,7.0,17.0,,2.0,12.0,Nekrasovka,5903808
53,33.0,5.0,5.0,1959.0,2.0,7.0,Rjazanskij,7600000
31,20.0,7.0,9.0,1965.0,1.0,5.0,Kuz'minki,5400000
33,20.0,3.0,5.0,1966.0,1.0,5.0,Rostokino,5900000
51,30.0,10.0,14.0,1993.0,2.0,8.0,Silino,1000000
37,19.0,4.0,16.0,1981.0,1.0,8.0,Chertanovo Severnoe,7080000
59,59.0,6.0,25.0,0.0,2.0,0.0,Poselenie Moskovskij,5664459
93,29.0,2.0,20.0,2006.0,2.0,31.0,Jakimanka,35250000
45,29.0,1.0,9.0,1969.0,2.0,6.0,Kon'kovo,7500000
36,36.0,11.0,1.0,2014.0,1.0,1.0,Strogino,9056718
55,32.0,3.0,10.0,1995.0,2.0,9.0,Mar'ino,8700000
64,43.0,5.0,9.0,1969.0,3.0,7.0,Tekstil'shhiki,8900000
47,31.0,1.0,5.0,1960.0,2.0,5.0,Akademicheskoe,7100000
44,27.0,5.0,9.0,1973.0,2.0,6.0,Birjulevo Zapadnoe,5650000
48,43.0,1.0,1.0,1.0,1.0,1.0,Krjukovo,5130400
54,32.0,17.0,17.0,1992.0,2.0,9.0,Mitino,8200000
61,37.0,10.0,24.0,2013.0,2.0,9.0,Sokolinaja Gora,8836488
79,,15.0,17.0,0.0,3.0,1.0,Poselenie Vnukovskoe,9605744
42,27.0,4.0,5.0,1968.0,2.0,5.0,Ochakovo-Matveevskoe,6800000
62,32.0,2.0,17.0,2013.0,2.0,12.0,Poselenie Vnukovskoe,4773834
44,31.0,5.0,8.0,1960.0,2.0,5.0,Lomonosovskoe,9100000
50,33.0,1.0,12.0,1976.0,2.0,6.0,Birjulevo Vostochnoe,6100000
36,19.0,15.0,17.0,1988.0,1.0,7.0,Moskvorech'e-Saburovo,6750000
52,51.0,9.0,12.0,1981.0,2.0,8.0,Strogino,10750000
58,,6.0,0.0,,1.0,0.0,Poselenie Vnukovskoe,6808991
79,44.0,17.0,17.0,2005.0,3.0,12.0,Obruchevskoe,16000000
65,65.0,2.0,3.0,0.0,2.0,1.0,Zapadnoe Degunino,5129088
41,41.0,22.0,24.0,2014.0,1.0,1.0,Chertanovo Juzhnoe,8132542
30,18.0,2.0,,,,,Kuz'minki,4400000
84,45.0,20.0,22.0,2003.0,3.0,10.0,Vostochnoe Degunino,12600000
64,64.0,17.0,17.0,2015.0,2.0,1.0,Nekrasovka,6720000
42,26.0,2.0,5.0,1965.0,2.0,6.0,Perovo,5650000
40,36.0,5.0,1.0,2015.0,1.0,1.0,Poselenie Voskresenskoe,4512000
53,31.0,15.0,16.0,1983.0,2.0,8.0,Sokolinaja Gora,1000000
50,1.0,22.0,1.0,2015.0,1.0,1.0,Krylatskoe,7350000
55,32.0,9.0,17.0,1.0,2.0,8.0,Juzhnoe Butovo,8250000
38,22.0,3.0,12.0,1968.0,2.0,6.0,Preobrazhenskoe,7500000
36,14.0,8.0,14.0,1998.0,1.0,10.0,Mar'ino,6650000
65,64.0,11.0,17.0,2015.0,3.0,1.0,Poselenie Filimonkovskoe,4789757
75,1.0,2.0,1.0,2015.0,3.0,1.0,Nekrasovka,7682400
61,56.0,1.0,,,,,Poselenie Voskresenskoe,4941720
41,25.0,3.0,9.0,1966.0,2.0,5.0,Dorogomilovo,6000000
53,38.0,4.0,13.0,1968.0,3.0,6.0,Taganskoe,5000000
35,14.0,1.0,12.0,2002.0,1.0,9.0,Juzhnoe Butovo,5750000
49,34.0,9.0,9.0,1972.0,2.0,5.0,Ivanovskoe,2300000
29,27.0,10.0,1.0,1.0,1.0,1.0,Poselenie Filimonkovskoe,2199436
34,34.0,2.0,17.0,2015.0,1.0,1.0,Poselenie Desjonovskoe,3281884
44,27.0,2.0,5.0,1968.0,2.0,6.0,Caricyno,6550000
41,,12.0,12.0,2016.0,1.0,10.0,Poselenie Sosenskoe,4199800
48,28.0,8.0,9.0,1973.0,2.0,6.0,Ivanovskoe,6500000
38,21.0,3.0,15.0,1972.0,1.0,6.0,Jakimanka,10000000
61,1.0,3.0,17.0,1.0,2.0,1.0,Nekrasovka,6293400
45,27.0,7.0,9.0,1975.0,2.0,6.0,Staroe Krjukovo,6200000
37,19.0,5.0,5.0,1930.0,1.0,9.0,Lefortovo,6900000
64,38.0,7.0,12.0,1981.0,3.0,8.0,Strogino,2000000
81,55.0,8.0,8.0,1960.0,3.0,9.0,Nagornoe,5250000
43,17.0,9.0,22.0,2004.0,1.0,10.0,Obruchevskoe,8650000
52,52.0,2.0,0.0,0.0,1.0,0.0,Poselenie Moskovskij,5265591
44,26.0,5.0,5.0,1965.0,2.0,5.0,Severnoe Butovo,6400000
30,20.0,3.0,8.0,1960.0,1.0,4.0,Nagornoe,6800000
54,53.0,12.0,17.0,1991.0,2.0,9.0,Krjukovo,7000000
76,1.0,1.0,1.0,1.0,1.0,1.0,Nekrasovka,7810600
53,32.0,11.0,16.0,2003.0,2.0,9.0,Juzhnoe Butovo,1000000
63,63.0,15.0,17.0,0.0,2.0,1.0,Poselenie Vnukovskoe,6554859
38,,2.0,1.0,2013.0,1.0,1.0,Nekrasovka,4686797
119,65.0,8.0,25.0,2005.0,3.0,18.0,Juzhnoe Tushino,22500000
149,149.0,7.0,32.0,,3.0,0.0,Obruchevskoe,27982054
44,20.0,11.0,12.0,1974.0,2.0,5.0,Juzhnoe Tushino,6900000
73,73.0,11.0,17.0,2015.0,3.0,1.0,Poselenie Vnukovskoe,7372908
42,28.0,1.0,9.0,1966.0,2.0,5.0,Ostankinskoe,7950000
47,17.0,10.0,25.0,2013.0,1.0,11.0,Poselenie Vnukovskoe,3330000
52,52.0,9.0,17.0,0.0,2.0,1.0,Poselenie Vnukovskoe,6632745
76,,10.0,,,,,Poselenie Sosenskoe,5829200
74,45.0,6.0,16.0,1975.0,3.0,10.0,Orehovo-Borisovo Juzhnoe,11400000
37,36.0,8.0,17.0,2013.0,1.0,10.0,Nekrasovka,3947900
38,20.0,9.0,22.0,1990.0,1.0,10.0,Severnoe Butovo,6500000
50,30.0,7.0,17.0,1992.0,2.0,8.0,Severnoe Butovo,8500000
45,18.0,,,,,,Poselenie Voskresenskoe,3965223
78,44.0,12.0,22.0,2002.0,3.0,10.0,Ljublino,13200000
107,58.0,19.0,22.0,2004.0,3.0,16.0,Pokrovskoe Streshnevo,28420000
84,84.0,14.0,18.0,2015.0,3.0,10.0,Tverskoe,6482506
37,33.0,9.0,14.0,1969.0,1.0,7.0,Fili Davydkovo,3000000
41,20.0,8.0,,,,,Severnoe Tushino,6250000
32,18.0,8.0,9.0,1972.0,1.0,6.0,Chertanovo Juzhnoe,2000000
60,44.0,6.0,9.0,1967.0,3.0,5.0,Hovrino,9350000
37,,16.0,16.0,2014.0,1.0,1.0,Tverskoe,3164406
39,,3.0,17.0,,1.0,1.0,Poselenie Moskovskij,3670370
56,42.0,5.0,5.0,1959.0,3.0,5.0,Ajeroport,9300000
33,18.0,3.0,9.0,1970.0,1.0,5.0,Vojkovskoe,2000000
59,59.0,2.0,2.0,2014.0,2.0,1.0,Tverskoe,5220756
32,20.0,3.0,5.0,1963.0,1.0,5.0,Caricyno,4500000
93,51.0,7.0,12.0,2007.0,3.0,11.0,Kurkino,17200000
47,19.0,17.0,24.0,2007.0,1.0,10.0,Kosino-Uhtomskoe,6100000
44,26.0,3.0,5.0,1960.0,2.0,6.0,Zapadnoe Degunino,5250000
41,20.0,6.0,14.0,2002.0,2.0,8.0,Nizhegorodskoe,5850000
73,43.0,12.0,17.0,1991.0,3.0,10.0,Mitino,11200000
37,19.0,5.0,,,,,Gol'janovo,4900000
62,,5.0,22.0,,2.0,0.0,Poselenie Shherbinka,5142043
38,22.0,2.0,12.0,1966.0,2.0,7.0,Timirjazevskoe,7400000
54,31.0,12.0,37.0,2010.0,2.0,9.0,Horoshevskoe,4156000
102,102.0,19.0,1.0,2015.0,3.0,1.0,Levoberezhnoe,14884250
66,34.0,15.0,15.0,2004.0,2.0,11.0,Severnoe Butovo,12800000
27,1.0,2.0,6.0,2015.0,1.0,1.0,Poselenie Filimonkovskoe,2422315
39,19.0,16.0,17.0,1999.0,1.0,8.0,Ljublino,6100000
51,30.0,10.0,17.0,1992.0,2.0,8.0,Mitino,9150000
77,72.0,4.0,9.0,0.0,2.0,0.0,Zapadnoe Degunino,5485960
83,41.0,13.0,14.0,2011.0,2.0,15.0,Poselenie Rjazanovskoe,4787120
46,29.0,5.0,5.0,1968.0,2.0,5.0,Kon'kovo,6900000
93,83.0,7.0,12.0,2016.0,1.0,10.0,Hovrino,11612982
54,32.0,17.0,,,,,Kon'kovo,10600000
44,28.0,9.0,9.0,1967.0,2.0,6.0,Dmitrovskoe,6100000
60,43.0,8.0,9.0,1973.0,3.0,6.0,Solncevo,7500000
34,34.0,1.0,12.0,2013.0,1.0,10.0,Poselenie Novofedorovskoe,1732252
32,19.0,4.0,24.0,2007.0,1.0,5.0,Lianozovo,6600000
52,28.0,1.0,14.0,1971.0,2.0,8.0,Savelki,5800000
42,25.0,2.0,5.0,1917.0,1.0,7.0,Mar'ina Roshha,11200000
39,21.0,2.0,12.0,1977.0,1.0,8.0,Lianozovo,5700000
44,31.0,8.0,9.0,1963.0,2.0,5.0,Prospekt Vernadskogo,7800000
35,19.0,10.0,12.0,1981.0,1.0,9.0,Vojkovskoe,3700000
56,39.0,1.0,8.0,1961.0,3.0,5.0,Shhukino,1400000
82,,9.0,1.0,2013.0,2.0,1.0,Tverskoe,8118380
67,45.0,12.0,16.0,1979.0,3.0,8.0,Losinoostrovskoe,9600000
35,19.0,11.0,16.0,1986.0,1.0,9.0,Poselenie Desjonovskoe,1000000
55,24.0,5.0,22.0,2013.0,2.0,11.0,Juzhnoe Tushino,11198350
47,20.0,13.0,18.0,2008.0,1.0,12.0,Ochakovo-Matveevskoe,8500000
57,32.0,1.0,5.0,1962.0,2.0,9.0,Lefortovo,8300000
62,59.0,6.0,25.0,2015.0,2.0,1.0,Nekrasovka,6552000
45,30.0,4.0,5.0,1964.0,2.0,5.0,Caricyno,1000000
29,,2.0,17.0,2014.0,1.0,1.0,Tverskoe,2199436
31,18.0,1.0,8.0,1963.0,1.0,6.0,Timirjazevskoe,5250000
45,28.0,9.0,14.0,1971.0,2.0,5.0,Sviblovo,7800000
216,121.0,27.0,30.0,2003.0,4.0,20.0,Jakimanka,64000000
45,28.0,3.0,,,,,Sokolinaja Gora,6300000
37,,21.0,22.0,2015.0,1.0,1.0,Tverskoe,3339587
41,20.0,8.0,14.0,1990.0,1.0,8.0,Krjukovo,4950000
41,26.0,2.0,5.0,1967.0,2.0,5.0,Moskvorech'e-Saburovo,5800000
36,19.0,7.0,,,,,Krjukovo,1000000
35,35.0,24.0,1.0,2014.0,1.0,1.0,Poselenie Sosenskoe,4395300
27,,4.0,17.0,2014.0,1.0,1.0,Tverskoe,2117332
38,19.0,11.0,14.0,2003.0,1.0,7.0,Solncevo,6150000
61,35.0,5.0,5.0,1958.0,2.0,10.0,Lefortovo,7290000
61,,11.0,17.0,,2.0,12.0,Nekrasovka,5764128
32,20.0,3.0,5.0,1961.0,1.0,5.0,Begovoe,6000000
38,19.0,14.0,17.0,2000.0,1.0,8.0,Zapadnoe Degunino,6100000
35,14.0,4.0,9.0,2001.0,1.0,9.0,Juzhnoe Butovo,5500000
50,28.0,3.0,4.0,1952.0,2.0,7.0,Tverskoe,9000000
79,1.0,11.0,1.0,2015.0,2.0,1.0,Ochakovo-Matveevskoe,9219003
93,57.0,2.0,10.0,1958.0,3.0,17.0,Taganskoe,15500000
29,17.0,7.0,12.0,1964.0,1.0,4.0,Begovoe,6600000
46,17.0,8.0,24.0,2004.0,1.0,8.0,Ljublino,6900000
135,59.0,9.0,57.0,2007.0,3.0,22.0,Horoshevskoe,56500000
38,19.0,11.0,17.0,1987.0,1.0,8.0,Krylatskoe,8700000
45,28.0,14.0,14.0,1975.0,2.0,5.0,Losinoostrovskoe,7250000
28,11.0,8.0,9.0,1976.0,1.0,7.0,Ramenki,6400000
76,45.0,14.0,17.0,1998.0,3.0,10.0,Obruchevskoe,16700000
38,19.0,11.0,17.0,2004.0,1.0,7.0,Juzhnoe Butovo,5700000
41,20.0,11.0,12.0,1978.0,1.0,8.0,Chertanovo Juzhnoe,6150000
37,19.0,14.0,,,,,Lefortovo,2285500
45,28.0,5.0,5.0,1970.0,2.0,5.0,Akademicheskoe,7000000
85,48.0,3.0,16.0,2014.0,3.0,1.0,Poselenie Voskresenskoe,8883798
40,21.0,14.0,14.0,1985.0,1.0,8.0,Brateevo,6700000
38,18.0,1.0,9.0,1976.0,1.0,7.0,Jasenevo,5730000
51,30.0,12.0,14.0,1993.0,2.0,8.0,Krjukovo,5800000
38,20.0,8.0,22.0,1985.0,1.0,10.0,Brateevo,5300000
31,17.0,3.0,14.0,1970.0,1.0,7.0,Severnoe Medvedkovo,6300000
181,81.0,3.0,3.0,2012.0,4.0,31.0,Timirjazevskoe,12000000
69,35.0,3.0,5.0,1947.0,2.0,10.0,Shhukino,13300000
29,27.0,7.0,17.0,2014.0,1.0,1.0,Poselenie Filimonkovskoe,2199436
16,11.0,3.0,5.0,1952.0,1.0,1.0,Vostochnoe Izmajlovo,2000000
32,18.0,7.0,9.0,1971.0,1.0,6.0,Birjulevo Vostochnoe,4310000
44,25.0,3.0,,,,,Horoshevo-Mnevniki,6200000
82,,15.0,,,,,Mitino,10298750
54,32.0,10.0,12.0,2004.0,2.0,9.0,Mar'ina Roshha,10300000
67,46.0,14.0,16.0,1984.0,3.0,8.0,Izmajlovo,11200000
44,27.0,4.0,5.0,1960.0,2.0,5.0,Vostochnoe Izmajlovo,2000000
70,70.0,28.0,30.0,2014.0,2.0,12.0,Hovrino,11688430
43,43.0,13.0,22.0,0.0,1.0,0.0,Poselenie Shherbinka,4058115
41,20.0,8.0,17.0,1985.0,1.0,8.0,Obruchevskoe,8450000
55,27.0,4.0,8.0,2009.0,2.0,12.0,Matushkino,8800000
45,30.0,3.0,5.0,1963.0,2.0,5.0,Zjuzino,6000000
134,69.0,11.0,25.0,2009.0,4.0,14.0,Juzhnoe Medvedkovo,26200000
44,29.0,3.0,5.0,1964.0,2.0,6.0,Nagatino-Sadovniki,6450000
36,15.0,6.0,9.0,2014.0,1.0,10.0,Poselenie Sosenskoe,5350000
35,19.0,1.0,14.0,1.0,1.0,9.0,Hovrino,5950000
62,38.0,6.0,9.0,1971.0,3.0,8.0,Kon'kovo,10100000
38,20.0,16.0,16.0,1979.0,1.0,8.0,Otradnoe,6500000
39,20.0,11.0,14.0,2004.0,1.0,10.0,Beskudnikovskoe,5000000
70,39.0,6.0,40.0,2012.0,2.0,4.0,Sokol,8070000
77,46.0,4.0,12.0,1994.0,3.0,10.0,Mitino,12000000
42,27.0,3.0,9.0,1970.0,2.0,5.0,Chertanovo Central'noe,7500000
76,45.0,5.0,16.0,1981.0,3.0,10.0,Chertanovo Central'noe,11900000
52,30.0,10.0,17.0,2010.0,2.0,9.0,Beskudnikovskoe,8500000
81,52.0,3.0,5.0,1958.0,3.0,10.0,Savelovskoe,15250000
97,68.0,2.0,10.0,1938.0,4.0,9.0,Preobrazhenskoe,15800000
78,,8.0,17.0,2014.0,3.0,1.0,Nagornoe,14683421
63,39.0,9.0,9.0,1974.0,3.0,8.0,Staroe Krjukovo,2070000
38,19.0,2.0,17.0,1994.0,1.0,8.0,Solncevo,6600000
38,20.0,11.0,22.0,1992.0,1.0,10.0,Krjukovo,4860000
53,28.0,5.0,,,,,Dmitrovskoe,2000000
38,19.0,6.0,22.0,1985.0,1.0,10.0,Jasenevo,8000000
44,1.0,15.0,17.0,2014.0,1.0,1.0,Ramenki,7190400
57,12.0,3.0,,,,,Kurkino,2000000
79,50.0,3.0,7.0,1952.0,3.0,8.0,Sokol,18300000
78,78.0,10.0,22.0,2016.0,2.0,1.0,Poselenie Moskovskij,8693705
62,58.0,16.0,17.0,2015.0,2.0,10.0,Nekrasovka,5782752
54,35.0,1.0,,,,,Tekstil'shhiki,7300000
45,28.0,6.0,9.0,1967.0,2.0,6.0,Koptevo,6750000
67,67.0,2.0,0.0,0.0,1.0,0.0,Poselenie Novofedorovskoe,3556990
40,40.0,19.0,20.0,2014.0,1.0,6.0,Poselenie Vnukovskoe,4979866
69,44.0,2.0,3.0,1957.0,3.0,6.0,Vnukovo,2800000
41,25.0,3.0,5.0,1962.0,2.0,5.0,Mozhajskoe,7300000
43,26.0,4.0,5.0,1965.0,2.0,6.0,Presnenskoe,1000000
137,89.0,1.0,3.0,2013.0,5.0,42.0,Poselenie Pervomajskoe,2950000
42,28.0,5.0,5.0,1960.0,2.0,5.0,Rjazanskij,5750000
45,45.0,11.0,1.0,2014.0,3.0,1.0,Tverskoe,5893000
43,,3.0,12.0,,1.0,1.0,Poselenie Sosenskoe,4413440
117,65.0,8.0,19.0,2008.0,3.0,14.0,Ramenki,48000000
41,20.0,11.0,12.0,1999.0,1.0,8.0,Vyhino-Zhulebino,7050000
74,45.0,3.0,17.0,1983.0,3.0,10.0,Izmajlovo,12000000
56,36.0,3.0,5.0,1967.0,3.0,6.0,Severnoe Tushino,7000000
37,19.0,8.0,14.0,2000.0,1.0,7.0,Juzhnoe Butovo,5300000
32,20.0,4.0,9.0,1963.0,1.0,5.0,Zjuzino,6100000
46,30.0,9.0,12.0,1981.0,2.0,6.0,Babushkinskoe,8300000
47,30.0,2.0,9.0,1973.0,2.0,6.0,Teplyj Stan,7800000
52,,16.0,,,,,Nekrasovka,5073100
86,,9.0,9.0,2014.0,3.0,1.0,Poselenie Sosenskoe,8276170
43,27.0,4.0,9.0,1973.0,2.0,6.0,Fili Davydkovo,6400000
39,19.0,12.0,17.0,1996.0,1.0,8.0,Brateevo,6000000
58,32.0,16.0,17.0,1989.0,2.0,10.0,Staroe Krjukovo,9600000
57,37.0,2.0,5.0,1958.0,2.0,8.0,Perovo,4000000
60,34.0,5.0,15.0,1997.0,2.0,10.0,Mitino,9990000
33,19.0,9.0,9.0,1977.0,1.0,6.0,Orehovo-Borisovo Juzhnoe,6050000
38,,5.0,17.0,0.0,1.0,1.0,Poselenie Vnukovskoe,4848139
52,30.0,13.0,17.0,2015.0,2.0,9.0,Nekrasovka,5580410
54,28.0,7.0,16.0,1979.0,2.0,11.0,Gol'janovo,2000000
40,17.0,2.0,17.0,2006.0,1.0,8.0,Matushkino,2000000
52,30.0,12.0,12.0,1975.0,2.0,10.0,Vyhino-Zhulebino,7700000
36,22.0,1.0,9.0,1963.0,2.0,7.0,Sokol,6750000
98,50.0,17.0,17.0,1997.0,3.0,12.0,Caricyno,7500000
40,38.0,11.0,12.0,2014.0,1.0,1.0,Poselenie Filimonkovskoe,3801618
50,8.0,7.0,17.0,1984.0,2.0,8.0,Dmitrovskoe,2000000
54,32.0,14.0,17.0,1997.0,2.0,9.0,Novokosino,8050000
39,21.0,5.0,9.0,1997.0,1.0,8.0,Juzhnoe Butovo,5600000
45,28.0,5.0,12.0,1969.0,2.0,5.0,Staroe Krjukovo,3000000
72,43.0,2.0,8.0,1940.0,3.0,12.0,Donskoe,17950000
59,33.0,22.0,22.0,1999.0,2.0,10.0,Obruchevskoe,2700000
72,45.0,5.0,17.0,1996.0,3.0,9.0,Brateevo,11200000
44,44.0,11.0,1.0,2016.0,1.0,1.0,Poselenie Sosenskoe,5230764
55,33.0,5.0,,,,,Sokolinaja Gora,9100000
55,33.0,3.0,9.0,1960.0,2.0,8.0,Basmannoe,11000000
42,26.0,4.0,5.0,1691.0,2.0,5.0,Severnoe Izmajlovo,6250000
39,20.0,9.0,12.0,1978.0,1.0,8.0,Chertanovo Juzhnoe,5900000
41,20.0,3.0,14.0,1987.0,1.0,8.0,Lefortovo,7400000
40,26.0,4.0,5.0,1965.0,2.0,5.0,Kuncevo,2000000
52,,16.0,17.0,1.0,2.0,1.0,Poselenie Vnukovskoe,5961729
63,44.0,8.0,12.0,1972.0,3.0,6.0,Chertanovo Severnoe,10000000
34,32.0,2.0,3.0,2014.0,1.0,1.0,Poselenie Filimonkovskoe,2880867
39,21.0,4.0,12.0,,1.0,8.0,Birjulevo Vostochnoe,5165000
20,12.0,8.0,9.0,1970.0,1.0,3.0,Shhukino,4850000
47,30.0,7.0,12.0,1978.0,2.0,6.0,Nagornoe,8400000
42,28.0,5.0,5.0,1962.0,2.0,5.0,Jakimanka,3000000
27,26.0,2.0,6.0,2014.0,1.0,0.0,Poselenie Filimonkovskoe,2305805
31,21.0,3.0,,,,,Lefortovo,5000000
54,36.0,1.0,5.0,1959.0,3.0,5.0,Metrogorodok,6800000
55,37.0,2.0,5.0,1966.0,3.0,5.0,Zapadnoe Degunino,7950000
42,17.0,2.0,16.0,2007.0,1.0,12.0,Ljublino,7700000
51,30.0,3.0,16.0,1977.0,2.0,8.0,Chertanovo Central'noe,8900000
49,18.0,4.0,,,,,Poselenie Voskresenskoe,4458350
56,29.0,8.0,12.0,1965.0,2.0,11.0,Novogireevo,8850000
69,48.0,5.0,,,,,Juzhnoportovoe,12000000
43,28.0,3.0,5.0,1963.0,2.0,5.0,Solncevo,1000000
42,27.0,2.0,5.0,1966.0,2.0,5.0,Caricyno,6150000
60,33.0,4.0,17.0,2011.0,2.0,60.0,Poselenie Sosenskoe,3840000
44,17.0,11.0,18.0,2011.0,1.0,10.0,Chertanovo Central'noe,5480000
34,19.0,2.0,9.0,1974.0,1.0,8.0,Tekstil'shhiki,5500000
45,32.0,5.0,9.0,1962.0,2.0,5.0,Cheremushki,8100000
71,46.0,17.0,17.0,1975.0,3.0,10.0,Hovrino,15300000
30,18.0,5.0,,,,,Danilovskoe,5300000
39,20.0,9.0,12.0,1980.0,1.0,8.0,Mar'ino,6350000
38,38.0,5.0,17.0,1.0,1.0,1.0,Nekrasovka,4686797
65,43.0,2.0,12.0,1973.0,3.0,7.0,Kon'kovo,13150000
37,19.0,11.0,16.0,1974.0,1.0,9.0,Taganskoe,2000000
80,44.0,10.0,22.0,1992.0,3.0,10.0,Ramenki,18400000
51,30.0,12.0,,,,,Otradnoe,5073100
76,45.0,7.0,,,,,Chertanovo Juzhnoe,12350000
47,30.0,1.0,,,,,Gol'janovo,5800000
44,28.0,9.0,,,,,Solncevo,6250000
41,41.0,25.0,25.0,0.0,1.0,1.0,Poselenie Moskovskij,4531963
50,50.0,5.0,5.0,1951.0,2.0,7.0,Shhukino,9800000
42,25.0,5.0,5.0,1959.0,2.0,5.0,Severnoe Izmajlovo,5500000
65,41.0,2.0,4.0,1917.0,3.0,7.0,Krasnosel'skoe,19000000
39,21.0,11.0,12.0,1980.0,1.0,8.0,Strogino,7500000
31,18.0,5.0,9.0,1969.0,1.0,5.0,Mozhajskoe,6750000
37,17.0,6.0,9.0,1966.0,1.0,8.0,Savelki,4850000
48,31.0,9.0,12.0,1967.0,2.0,8.0,Horoshevo-Mnevniki,1000000
60,44.0,5.0,9.0,1967.0,3.0,6.0,Donskoe,10400000
44,29.0,4.0,5.0,1963.0,2.0,5.0,Golovinskoe,5600000
70,,11.0,12.0,,2.0,1.0,Poselenie Sosenskoe,6066060
76,36.0,11.0,14.0,1975.0,2.0,12.0,Kuncevo,17800000
59,43.0,2.0,9.0,1974.0,3.0,5.0,Bibirevo,2000000
54,42.0,1.0,5.0,1961.0,3.0,5.0,Rostokino,8500000
33,17.0,4.0,12.0,2008.0,1.0,9.0,Krjukovo,4950000
106,,2.0,17.0,2013.0,3.0,9.0,Izmajlovo,16248600
46,,9.0,25.0,,1.0,0.0,Nekrasovka,4740002
39,18.0,8.0,17.0,1979.0,1.0,10.0,Taganskoe,8900000
36,21.0,3.0,9.0,1978.0,1.0,6.0,Hovrino,2000000
31,18.0,3.0,5.0,1963.0,1.0,5.0,Perovo,5550000
95,55.0,19.0,23.0,2009.0,3.0,12.0,Kuncevo,5210000
185,66.0,33.0,,,,,Ramenki,91066096
53,32.0,3.0,10.0,1960.0,2.0,8.0,Alekseevskoe,13550000
71,33.0,14.0,16.0,2013.0,2.0,12.0,Poselenie Mosrentgen,5782560
32,18.0,5.0,9.0,1973.0,1.0,6.0,Orehovo-Borisovo Severnoe,6000000
38,19.0,6.0,17.0,1988.0,1.0,8.0,Mar'ino,6000000
30,17.0,4.0,5.0,1960.0,1.0,7.0,Tekstil'shhiki,5450000
41,26.0,3.0,5.0,1963.0,2.0,5.0,Kuz'minki,6150000
82,45.0,10.0,17.0,2000.0,3.0,13.0,Mar'ino,12400000
36,17.0,7.0,16.0,2003.0,1.0,10.0,Juzhnoe Butovo,5450000
52,30.0,10.0,17.0,2004.0,2.0,9.0,Severnoe Izmajlovo,10800000
38,37.0,8.0,9.0,1963.0,2.0,7.0,Zjuzino,7300000
55,55.0,19.0,18.0,2016.0,1.0,1.0,Filevskij Park,12013324
58,42.0,3.0,9.0,1977.0,3.0,5.0,Zjablikovo,7900000
60,34.0,15.0,22.0,2009.0,2.0,10.0,Kon'kovo,13100000
67,43.0,3.0,14.0,1977.0,3.0,9.0,Vyhino-Zhulebino,8300000
38,23.0,4.0,9.0,1966.0,2.0,7.0,Donskoe,3000000
52,30.0,4.0,17.0,1983.0,2.0,8.0,Severnoe Medvedkovo,9300000
38,,8.0,17.0,,1.0,1.0,Nekrasovka,4312000
56,,5.0,19.0,,2.0,1.0,Poselenie Shherbinka,4371459
45,27.0,12.0,12.0,1974.0,2.0,6.0,Golovinskoe,7300000
53,30.0,11.0,12.0,1979.0,2.0,8.0,Vostochnoe Degunino,8200000
32,18.0,8.0,9.0,1974.0,1.0,6.0,Nagatino-Sadovniki,6100000
31,18.0,4.0,5.0,1960.0,1.0,5.0,Ljublino,4620000
34,34.0,6.0,17.0,0.0,1.0,0.0,Poselenie Desjonovskoe,3505109
53,32.0,14.0,17.0,2008.0,2.0,9.0,Novokosino,2000000
43,17.0,20.0,25.0,2004.0,1.0,9.0,Troparevo-Nikulino,9650000
38,20.0,7.0,,,,,Jaroslavskoe,5500000
79,,5.0,22.0,2013.0,3.0,0.0,Severnoe Tushino,15169000
37,19.0,12.0,16.0,1982.0,1.0,8.0,Birjulevo Vostochnoe,5200000
33,19.0,9.0,9.0,1968.0,1.0,6.0,Severnoe Tushino,5500000
45,30.0,2.0,5.0,1963.0,2.0,5.0,Metrogorodok,6700000
78,45.0,2.0,14.0,2002.0,3.0,10.0,Juzhnoe Butovo,12080000
57,35.0,5.0,5.0,1950.0,3.0,7.0,Lefortovo,8900000
37,37.0,16.0,0.0,0.0,1.0,0.0,Nekrasovka,4061390
38,20.0,3.0,9.0,1980.0,1.0,8.0,Bibirevo,6100000
43,27.0,4.0,,,,,Vojkovskoe,6800000
55,36.0,5.0,5.0,1962.0,3.0,5.0,Taganskoe,7650000
37,19.0,4.0,15.0,1975.0,1.0,10.0,Jaroslavskoe,5850000
80,80.0,21.0,25.0,2012.0,2.0,11.0,Strogino,14535850
55,32.0,2.0,21.0,2011.0,2.0,9.0,Jakimanka,1000000
37,35.0,9.0,12.0,2013.0,1.0,1.0,Poselenie Filimonkovskoe,2555661
32,20.0,5.0,5.0,1957.0,1.0,5.0,Savelovskoe,6450000
131,68.0,3.0,15.0,2005.0,4.0,15.0,Kurkino,20300000
65,65.0,2.0,10.0,2015.0,2.0,10.0,Poselenie Voskresenskoe,6568572
62,62.0,9.0,17.0,2014.0,2.0,10.0,Solncevo,5724373
28,12.0,9.0,12.0,1982.0,1.0,6.0,Pechatniki,2000000
51,27.0,7.0,9.0,1975.0,2.0,8.0,Pechatniki,1000000
43,,13.0,18.0,,1.0,1.0,Poselenie Sosenskoe,4068750
74,45.0,8.0,17.0,1986.0,3.0,10.0,Orehovo-Borisovo Juzhnoe,9400000
40,,8.0,,,,,Poselenie Moskovskij,3534643
60,33.0,3.0,17.0,2002.0,2.0,12.0,Cheremushki,15800000
39,19.0,5.0,17.0,1995.0,1.0,8.0,Mar'ino,5900000
103,1.0,32.0,37.0,2014.0,2.0,1.0,Rostokino,19205462
34,34.0,12.0,12.0,2015.0,1.0,1.0,Poselenie Filimonkovskoe,2908763
53,30.0,6.0,18.0,1975.0,2.0,7.0,Hovrino,2000000
79,79.0,10.0,,,,,Poselenie Vnukovskoe,5747211
60,44.0,7.0,9.0,1969.0,3.0,6.0,Juzhnoe Tushino,9600000
51,30.0,3.0,14.0,2005.0,2.0,9.0,Kosino-Uhtomskoe,8200000
81,54.0,4.0,8.0,1958.0,3.0,10.0,Lomonosovskoe,16800000
32,17.0,3.0,10.0,1966.0,1.0,6.0,Prospekt Vernadskogo,7300000
67,45.0,3.0,9.0,1960.0,3.0,6.0,Obruchevskoe,5000000
48,,6.0,,,,,Poselenie Sosenskoe,4112800
104,104.0,18.0,0.0,2016.0,3.0,0.0,Levoberezhnoe,15235100
35,19.0,8.0,14.0,1970.0,1.0,9.0,Chertanovo Severnoe,5500000
72,41.0,9.0,14.0,1996.0,3.0,8.0,Juzhnoe Butovo,8650000
36,20.0,9.0,,,,,Novogireevo,5800000
43,28.0,5.0,5.0,1960.0,2.0,5.0,Levoberezhnoe,7050000
41,41.0,4.0,5.0,1968.0,2.0,1.0,Ochakovo-Matveevskoe,6400000
43,29.0,4.0,5.0,1959.0,2.0,5.0,Vojkovskoe,6700000
38,19.0,12.0,16.0,1977.0,1.0,9.0,Ivanovskoe,5400000
37,18.0,8.0,17.0,1988.0,1.0,8.0,Moskvorech'e-Saburovo,5900000
39,23.0,12.0,12.0,1968.0,2.0,6.0,Butyrskoe,7230000
38,19.0,7.0,17.0,1985.0,1.0,8.0,Brateevo,2000000
39,19.0,3.0,14.0,1995.0,1.0,8.0,Novokosino,6050000
53,30.0,8.0,12.0,1977.0,2.0,8.0,Golovinskoe,1000000
39,18.0,3.0,5.0,1954.0,1.0,6.0,Bogorodskoe,6300000
77,,5.0,5.0,2014.0,3.0,1.0,Poselenie Filimonkovskoe,6058607
35,20.0,5.0,12.0,1968.0,1.0,9.0,Golovinskoe,7300000
45,28.0,7.0,12.0,1965.0,2.0,7.0,Taganskoe,1000000
86,84.0,6.0,15.0,2016.0,3.0,10.0,Losinoostrovskoe,14531600
38,18.0,2.0,15.0,2009.0,1.0,7.0,Juzhnoe Butovo,5500000
50,34.0,6.0,9.0,1969.0,3.0,6.0,Pechatniki,7300000
37,37.0,20.0,22.0,2016.0,1.0,1.0,Poselenie Shherbinka,3461402
84,55.0,3.0,8.0,1957.0,3.0,8.0,Shhukino,14600000
13,13.0,4.0,5.0,1959.0,3.0,7.0,Sokolinaja Gora,2700000
58,34.0,2.0,17.0,1999.0,2.0,10.0,Ljublino,8800000
44,27.0,3.0,9.0,1970.0,2.0,6.0,Chertanovo Central'noe,7400000
59,30.0,10.0,,,,,Poselenie Voskresenskoe,5606580
41,,18.0,18.0,2014.0,1.0,1.0,Poselenie Vnukovskoe,4543131
32,17.0,1.0,4.0,1963.0,1.0,6.0,Gol'janovo,5100000
32,31.0,4.0,4.0,1.0,1.0,1.0,Poselenie Filimonkovskoe,2273710
59,29.0,6.0,10.0,2003.0,2.0,11.0,Matushkino,7500000
118,57.0,6.0,18.0,2012.0,3.0,17.0,Begovoe,7000000
48,28.0,4.0,5.0,1951.0,2.0,7.0,Ajeroport,10200000
44,18.0,17.0,17.0,2013.0,1.0,11.0,Poselenie Sosenskoe,2800000
41,23.0,3.0,14.0,1994.0,1.0,8.0,Krjukovo,4600000
44,30.0,4.0,5.0,1963.0,2.0,5.0,Zjuzino,6450000
44,28.0,4.0,9.0,1968.0,2.0,6.0,Horoshevo-Mnevniki,8000000
137,70.0,17.0,22.0,2012.0,3.0,16.0,Fili Davydkovo,23000000
57,35.0,2.0,5.0,1957.0,2.0,7.0,Perovo,8300000
38,37.0,10.0,17.0,1995.0,1.0,8.0,Golovinskoe,6600000
31,16.0,5.0,5.0,1962.0,1.0,6.0,Danilovskoe,5250000
37,36.0,10.0,,,,,Poselenie Desjonovskoe,3274574
53,32.0,7.0,14.0,1996.0,2.0,9.0,Vyhino-Zhulebino,1200000
44,44.0,14.0,14.0,2016.0,1.0,1.0,Poselenie Sosenskoe,5359772
58,35.0,22.0,23.0,2006.0,3.0,8.0,Savelki,9200000
59,42.0,4.0,9.0,1980.0,3.0,6.0,Mar'ino,8700000
66,43.0,1.0,12.0,1975.0,3.0,10.0,Horoshevo-Mnevniki,11500000
53,30.0,5.0,12.0,1982.0,2.0,8.0,Bibirevo,3360000
72,43.0,10.0,10.0,,3.0,10.0,Savelki,990000
38,20.0,15.0,16.0,1983.0,1.0,8.0,Kotlovka,6700000
51,30.0,11.0,14.0,1984.0,2.0,8.0,Orehovo-Borisovo Severnoe,8300000
133,,12.0,17.0,,3.0,1.0,Izmajlovo,26055288
62,46.0,3.0,9.0,1974.0,4.0,6.0,Orehovo-Borisovo Severnoe,2000000
115,62.0,14.0,23.0,2008.0,3.0,17.0,Basmannoe,45000000
42,28.0,3.0,5.0,1963.0,2.0,6.0,Losinoostrovskoe,6450000
73,,11.0,,,,,Nekrasovka,6664676
45,28.0,3.0,12.0,1967.0,2.0,6.0,Ramenki,9300000
53,,3.0,10.0,0.0,2.0,1.0,Poselenie Novofedorovskoe,3175380
80,44.0,3.0,17.0,2003.0,3.0,12.0,Solncevo,11800000
43,43.0,4.0,4.0,0.0,1.0,11.0,Poselenie Pervomajskoe,3043800
83,83.0,7.0,17.0,2013.0,2.0,10.0,Tverskoe,14406287
51,46.0,5.0,9.0,1.0,1.0,1.0,Zapadnoe Degunino,3606128
40,40.0,10.0,17.0,,1.0,1.0,Poselenie Shherbinka,3422309
39,19.0,8.0,17.0,1996.0,1.0,8.0,Mar'ino,6300000
32,17.0,5.0,5.0,1961.0,1.0,6.0,Bogorodskoe,2800000
32,21.0,3.0,9.0,1962.0,1.0,5.0,Bogorodskoe,6300000
57,20.0,9.0,10.0,2011.0,1.0,16.0,Jaroslavskoe,7200000
82,82.0,5.0,10.0,0.0,3.0,0.0,Poselenie Sosenskoe,8504322
71,41.0,12.0,17.0,2001.0,3.0,8.0,Ramenki,17700000
27,,5.0,1.0,,1.0,1.0,Poselenie Filimonkovskoe,2305805
47,27.0,1.0,9.0,1972.0,2.0,6.0,Ivanovskoe,1000000
63,45.0,6.0,12.0,1979.0,3.0,6.0,Vnukovo,6200000
77,45.0,4.0,16.0,1999.0,3.0,10.0,Mitino,11400000
74,46.0,13.0,17.0,1986.0,3.0,10.0,Gol'janovo,2000000
89,55.0,9.0,9.0,2001.0,4.0,10.0,Juzhnoe Butovo,15400000
90,38.0,2.0,2.0,2015.0,3.0,1.0,Tverskoe,5875958
54,30.0,19.0,22.0,1979.0,2.0,10.0,Ramenki,11500000
84,48.0,4.0,7.0,1997.0,3.0,8.0,Novokosino,11300000
47,31.0,1.0,12.0,1968.0,2.0,8.0,Perovo,6750000
38,23.0,3.0,12.0,1973.0,2.0,6.0,Zapadnoe Degunino,6492000
33,18.0,5.0,5.0,1961.0,1.0,5.0,Ochakovo-Matveevskoe,5200000
54,31.0,15.0,16.0,1983.0,2.0,9.0,Lefortovo,8800000
79,46.0,4.0,14.0,1979.0,3.0,8.0,Danilovskoe,14500000
52,30.0,2.0,14.0,1990.0,2.0,8.0,Krjukovo,6700000
111,49.0,21.0,27.0,2006.0,3.0,12.0,Akademicheskoe,29500000
220,144.0,3.0,5.0,1927.0,9.0,17.0,Presnenskoe,95122496
75,43.0,7.0,12.0,,3.0,8.0,Nagatinskij Zaton,12300000
53,1.0,1.0,4.0,2015.0,2.0,1.0,Poselenie Filimonkovskoe,4200405
50,44.0,2.0,12.0,2016.0,1.0,9.0,Poselenie Sosenskoe,4874070
31,18.0,1.0,9.0,1969.0,1.0,6.0,Kuz'minki,5050000
96,71.0,5.0,5.0,1958.0,4.0,9.0,Presnenskoe,24500000
54,31.0,16.0,,,,,Mar'ina Roshha,10900000
38,19.0,9.0,17.0,1998.0,1.0,8.0,Hovrino,7200000
60,43.0,6.0,9.0,1974.0,3.0,6.0,Bibirevo,2200000
37,,11.0,17.0,,1.0,1.0,Poselenie Shherbinka,2884034
37,19.0,2.0,17.0,1995.0,1.0,8.0,Akademicheskoe,7400000
39,,12.0,17.0,2015.0,1.0,10.0,Nagornoe,8354320
43,27.0,2.0,5.0,1962.0,2.0,5.0,Cheremushki,5100000
32,18.0,4.0,9.0,1974.0,1.0,6.0,Nagatino-Sadovniki,6400000
35,14.0,2.0,17.0,2002.0,1.0,9.0,Juzhnoe Butovo,5950000
71,46.0,6.0,8.0,1961.0,3.0,8.0,Ostankinskoe,14500000
77,45.0,7.0,16.0,1981.0,3.0,10.0,Kon'kovo,14500000
37,19.0,14.0,,,,,Severnoe Izmajlovo,6400000
40,19.0,2.0,7.0,1957.0,2.0,9.0,Pokrovskoe Streshnevo,6502259
28,27.0,2.0,9.0,2014.0,1.0,0.0,Poselenie Filimonkovskoe,2335975
73,43.0,10.0,17.0,1992.0,3.0,10.0,Ramenki,15000000
31,21.0,1.0,9.0,1966.0,1.0,5.0,Marfino,5430000
90,61.0,3.0,6.0,1947.0,4.0,9.0,Nagornoe,8800000
38,23.0,9.0,9.0,1964.0,2.0,7.0,Prospekt Vernadskogo,6800000
34,19.0,4.0,16.0,1985.0,1.0,9.0,Birjulevo Zapadnoe,5300000
60,30.0,6.0,17.0,2013.0,2.0,12.0,Preobrazhenskoe,3000000
31,17.0,4.0,5.0,1978.0,1.0,5.0,Poselenie Rjazanovskoe,3400000
53,30.0,12.0,12.0,1978.0,2.0,8.0,Altuf'evskoe,4500000
47,31.0,1.0,12.0,1969.0,2.0,9.0,Novogireevo,6500000
45,28.0,3.0,14.0,1972.0,2.0,5.0,Vostochnoe Degunino,6800000
37,37.0,10.0,10.0,2016.0,1.0,1.0,Poselenie Shherbinka,4001493
41,26.0,5.0,5.0,1961.0,2.0,5.0,Danilovskoe,6600000
35,20.0,8.0,12.0,1967.0,1.0,9.0,Kapotnja,4700000
51,29.0,4.0,12.0,1983.0,2.0,8.0,Silino,6700000
47,31.0,9.0,12.0,1968.0,2.0,8.0,Novogireevo,7200000
30,20.0,6.0,9.0,1965.0,1.0,5.0,Jakimanka,6000000
35,17.0,2.0,12.0,1976.0,1.0,6.0,Otradnoe,5100000
38,19.0,7.0,16.0,1993.0,1.0,9.0,Babushkinskoe,9200000
44,29.0,2.0,9.0,1973.0,2.0,6.0,Chertanovo Juzhnoe,2000000
38,18.0,8.0,17.0,2009.0,1.0,7.0,Juzhnoe Butovo,5100000
35,19.0,1.0,12.0,1966.0,1.0,10.0,Kotlovka,6300000
45,30.0,4.0,5.0,1964.0,2.0,5.0,Caricyno,6500000
42,26.0,5.0,5.0,1964.0,2.0,5.0,Preobrazhenskoe,6700000
58,29.0,2.0,17.0,2012.0,2.0,10.0,Rostokino,2000000
39,20.0,12.0,15.0,1972.0,1.0,9.0,Jakimanka,12200000
90,54.0,2.0,8.0,2003.0,3.0,11.0,Kurkino,18400000
30,18.0,5.0,5.0,1961.0,1.0,5.0,Kuncevo,4850000
60,34.0,11.0,17.0,1995.0,2.0,10.0,Brateevo,8700000
80,80.0,23.0,1.0,2015.0,3.0,1.0,Mitino,12077175
53,32.0,5.0,16.0,1975.0,2.0,9.0,Orehovo-Borisovo Severnoe,7900000
38,18.0,4.0,17.0,1997.0,1.0,8.0,Metrogorodok,6750000
44,27.0,5.0,5.0,1966.0,2.0,5.0,Golovinskoe,8000000
155,110.0,22.0,32.0,2013.0,3.0,20.0,Obruchevskoe,21000000
30,18.0,5.0,5.0,1965.0,1.0,5.0,Donskoe,5450000
58,43.0,9.0,9.0,1967.0,3.0,5.0,Mar'ina Roshha,8900000
51,19.0,1.0,8.0,1954.0,1.0,10.0,Alekseevskoe,6750000
62,,3.0,16.0,2014.0,2.0,1.0,Poselenie Vnukovskoe,7380164
42,27.0,2.0,5.0,1965.0,2.0,5.0,Novogireevo,7700000
71,42.0,3.0,3.0,2017.0,3.0,13.0,Poselenie Novofedorovskoe,3551990
39,20.0,22.0,22.0,2003.0,1.0,10.0,Zjuzino,9500000
42,19.0,8.0,24.0,2008.0,1.0,10.0,Moskvorech'e-Saburovo,7850000
42,17.0,16.0,22.0,1987.0,1.0,10.0,Jasenevo,3000000
38,19.0,9.0,17.0,1994.0,1.0,8.0,Juzhnoe Butovo,6050000
66,43.0,10.0,12.0,1973.0,3.0,11.0,Vyhino-Zhulebino,8900000
67,46.0,10.0,16.0,1994.0,3.0,7.0,Juzhnoportovoe,11500000
30,18.0,3.0,5.0,1963.0,1.0,5.0,Rostokino,5400000
100,60.0,3.0,22.0,2009.0,3.0,12.0,Horoshevskoe,21196420
45,29.0,3.0,5.0,1965.0,2.0,5.0,Perovo,6100000
61,59.0,7.0,9.0,1973.0,2.0,8.0,Meshhanskoe,17000000
38,18.0,16.0,16.0,2007.0,1.0,8.0,Kosino-Uhtomskoe,5200000
41,41.0,10.0,19.0,2014.0,1.0,41.0,Chertanovo Juzhnoe,6692335
43,18.0,21.0,23.0,2007.0,1.0,10.0,Rjazanskij,9000000
37,19.0,4.0,,,,,Vyhino-Zhulebino,6100000
45,28.0,5.0,9.0,1968.0,2.0,6.0,Ochakovo-Matveevskoe,7400000
90,51.0,7.0,17.0,2012.0,3.0,10.0,Poselenie Moskovskij,9104853
44,27.0,7.0,9.0,1975.0,2.0,6.0,Otradnoe,7400000
53,28.0,8.0,17.0,2009.0,2.0,8.0,Juzhnoe Butovo,6600000
74,44.0,14.0,17.0,2002.0,3.0,10.0,Mitino,4000000
127,81.0,12.0,22.0,1999.0,4.0,11.0,Kuncevo,38900000
74,74.0,5.0,9.0,2014.0,2.0,1.0,Poselenie Sosenskoe,5639370
75,43.0,2.0,22.0,1986.0,3.0,10.0,Jasenevo,3000000
41,41.0,2.0,17.0,0.0,1.0,0.0,Poselenie Moskovskij,4424649
40,,7.0,17.0,0.0,1.0,0.0,Poselenie Moskovskij,3713560
83,52.0,5.0,12.0,2002.0,3.0,10.0,Juzhnoportovoe,17500000
62,44.0,12.0,12.0,1979.0,3.0,6.0,Strogino,1000000
63,32.0,18.0,23.0,2008.0,2.0,10.0,Rjazanskij,10750000
38,37.0,6.0,17.0,1989.0,1.0,8.0,Novo-Peredelkino,3250000
72,43.0,2.0,14.0,1992.0,3.0,10.0,Krjukovo,8750000
63,30.0,8.0,12.0,2013.0,2.0,1.0,Poselenie Voskresenskoe,6056000
37,36.0,17.0,17.0,2015.0,1.0,6.0,Nekrasovka,3918024
39,22.0,11.0,12.0,1968.0,2.0,6.0,Severnoe Tushino,7150000
45,30.0,4.0,9.0,1979.0,2.0,6.0,Ljublino,6925000
41,16.0,10.0,17.0,2009.0,1.0,10.0,Poselenie Sosenskoe,6000000
52,,4.0,9.0,0.0,1.0,1.0,Zapadnoe Degunino,3940000
63,44.0,6.0,12.0,1971.0,3.0,7.0,Kon'kovo,13900000
51,36.0,2.0,5.0,1962.0,2.0,5.0,Shhukino,10300000
39,18.0,4.0,18.0,2007.0,1.0,9.0,Gol'janovo,1150000
42,31.0,3.0,5.0,1965.0,3.0,5.0,Poselenie Rjazanovskoe,3200000
62,45.0,11.0,12.0,1974.0,3.0,6.0,Otradnoe,9150000
45,30.0,5.0,5.0,1964.0,2.0,5.0,Caricyno,6700000
65,65.0,7.0,,,,,Krjukovo,6595300
47,30.0,7.0,9.0,1972.0,2.0,6.0,Rjazanskij,7100000
34,14.0,15.0,16.0,1997.0,1.0,10.0,Beskudnikovskoe,6100000
50,29.0,9.0,14.0,1989.0,2.0,8.0,Tekstil'shhiki,8700000
38,16.0,12.0,17.0,1977.0,1.0,10.0,Pokrovskoe Streshnevo,6530000
88,48.0,11.0,25.0,1992.0,3.0,17.0,Jakimanka,15100000
34,20.0,5.0,12.0,1967.0,1.0,9.0,Presnenskoe,8900000
58,31.0,4.0,17.0,1999.0,2.0,10.0,Koptevo,9850000
37,23.0,2.0,9.0,1965.0,2.0,6.0,Vyhino-Zhulebino,1000000
44,,18.0,24.0,2014.0,1.0,1.0,Ramenki,7559990
52,27.0,3.0,22.0,2009.0,2.0,9.0,Sokol,9400000
61,38.0,4.0,9.0,1972.0,3.0,7.0,Chertanovo Juzhnoe,7500000
38,17.0,12.0,25.0,1988.0,1.0,8.0,Kon'kovo,8000000
44,28.0,1.0,5.0,1961.0,2.0,5.0,Severnoe Izmajlovo,3000000
45,,4.0,1.0,2014.0,1.0,1.0,Poselenie Voskresenskoe,4951853
63,33.0,5.0,17.0,2007.0,2.0,12.0,Levoberezhnoe,13000000
51,40.0,4.0,17.0,2017.0,1.0,10.0,Poselenie Sosenskoe,4675748
44,29.0,3.0,9.0,1974.0,2.0,6.0,Fili Davydkovo,7250000
47,30.0,8.0,12.0,1980.0,2.0,6.0,Mar'ino,6850000
95,51.0,11.0,17.0,2013.0,3.0,10.0,Poselenie Moskovskij,7200000
39,17.0,3.0,18.0,2008.0,1.0,8.0,Koptevo,6400000
34,18.0,16.0,16.0,1979.0,1.0,10.0,Ivanovskoe,3000000
37,37.0,19.0,22.0,2016.0,1.0,10.0,Poselenie Shherbinka,3003664
57,32.0,9.0,16.0,1979.0,2.0,10.0,Gol'janovo,8600000
52,30.0,2.0,17.0,2000.0,2.0,9.0,Cheremushki,13150000
39,20.0,5.0,12.0,1978.0,1.0,8.0,Bibirevo,6300000
38,20.0,18.0,22.0,2010.0,1.0,10.0,Marfino,8850000
65,,14.0,25.0,,2.0,1.0,Poselenie Vnukovskoe,7687363
56,37.0,3.0,9.0,1968.0,3.0,6.0,Severnoe Tushino,1000000
78,44.0,12.0,17.0,2007.0,3.0,12.0,Solncevo,9500000
68,46.0,6.0,16.0,1977.0,3.0,7.0,Vostochnoe Izmajlovo,8550000
38,26.0,3.0,5.0,1962.0,2.0,6.0,Rjazanskij,5500000
57,,21.0,1.0,1.0,2.0,1.0,Mitino,9872543
64,36.0,8.0,8.0,1956.0,2.0,8.0,Alekseevskoe,3000000
38,19.0,4.0,17.0,1988.0,1.0,8.0,Moskvorech'e-Saburovo,2000000
64,64.0,12.0,17.0,0.0,2.0,1.0,Poselenie Vnukovskoe,7319081
40,18.0,12.0,17.0,2013.0,1.0,8.0,Poselenie Moskovskij,3100000
28,28.0,1.0,4.0,0.0,1.0,1.0,Poselenie Filimonkovskoe,2496721
95,61.0,4.0,14.0,2001.0,4.0,10.0,Juzhnoe Butovo,1100000
46,29.0,6.0,9.0,1973.0,2.0,5.0,Mozhajskoe,7350000
40,1.0,12.0,17.0,,1.0,1.0,Nekrasovka,4400000
38,23.0,7.0,9.0,1963.0,2.0,7.0,Severnoe Izmajlovo,5700000
77,49.0,4.0,5.0,1957.0,3.0,8.0,Pokrovskoe Streshnevo,8100000
82,,23.0,25.0,2014.0,3.0,15.0,Strogino,16430700
44,44.0,1.0,4.0,2015.0,1.0,1.0,Poselenie Desjonovskoe,4823905
53,32.0,4.0,17.0,1986.0,2.0,9.0,Krylatskoe,12900000
44,44.0,11.0,11.0,2015.0,1.0,0.0,Ramenki,9128910
26,,20.0,,,,,Poselenie Sosenskoe,3036000
36,20.0,2.0,5.0,1959.0,1.0,8.0,Bogorodskoe,5900000
50,29.0,1.0,9.0,1970.0,2.0,9.0,Vostochnoe Izmajlovo,8965000
38,20.0,2.0,14.0,1986.0,1.0,8.0,Zjablikovo,5800000
60,,13.0,18.0,,2.0,1.0,Krjukovo,6542550
74,48.0,2.0,5.0,1958.0,3.0,8.0,Tekstil'shhiki,10000000
45,28.0,3.0,,,,,Timirjazevskoe,7450000
44,31.0,7.0,9.0,1963.0,2.0,5.0,Zjuzino,7200000
44,,5.0,,,,,Poselenie Sosenskoe,3594150
72,72.0,9.0,9.0,2015.0,2.0,0.0,Ramenki,12675250
38,18.0,8.0,25.0,2002.0,1.0,9.0,Taganskoe,8800000
1,1.0,1.0,1.0,1.0,1.0,1.0,Nagornoe,10145891
78,,15.0,17.0,2015.0,3.0,1.0,Poselenie Vnukovskoe,7646135
38,24.0,5.0,9.0,1967.0,2.0,6.0,Perovo,6300000
39,39.0,2.0,17.0,0.0,1.0,0.0,Poselenie Vnukovskoe,4888357
41,23.0,3.0,25.0,2007.0,1.0,8.0,Lianozovo,6900000
68,42.0,7.0,9.0,1983.0,3.0,7.0,Babushkinskoe,4500000
64,33.0,10.0,17.0,2013.0,2.0,12.0,Nekrasovka,6325600
38,23.0,12.0,12.0,1970.0,2.0,6.0,Perovo,7100000
129,106.0,5.0,10.0,2013.0,3.0,14.0,Zamoskvorech'e,42000000
113,70.0,5.0,11.0,1955.0,4.0,8.0,Hamovniki,31000000
97,64.0,3.0,14.0,1989.0,4.0,8.0,Silino,11000000
46,31.0,4.0,12.0,1968.0,2.0,8.0,Severnoe Izmajlovo,7200000
59,33.0,5.0,16.0,1980.0,2.0,10.0,Mar'ino,8700000
46,27.0,8.0,9.0,1967.0,2.0,5.0,Zapadnoe Degunino,6700000
74,42.0,12.0,17.0,1997.0,3.0,10.0,Brateevo,11000000
62,33.0,10.0,14.0,2006.0,2.0,11.0,Kosino-Uhtomskoe,1000000
35,18.0,10.0,12.0,1982.0,1.0,8.0,Filevskij Park,6900000
63,43.0,9.0,,,,,Chertanovo Severnoe,9550000
58,32.0,22.0,22.0,2004.0,2.0,10.0,Fili Davydkovo,13500000
79,1.0,9.0,25.0,2016.0,3.0,1.0,Nekrasovka,7323200
32,21.0,6.0,9.0,1967.0,1.0,6.0,Vnukovo,4700000
29,17.0,9.0,9.0,1965.0,1.0,4.0,Dmitrovskoe,5000000
44,30.0,1.0,5.0,1961.0,2.0,5.0,Timirjazevskoe,7050000
45,27.0,9.0,12.0,1972.0,2.0,6.0,Gagarinskoe,9000000
43,29.0,5.0,5.0,1962.0,2.0,44.0,Metrogorodok,5900000
34,18.0,4.0,12.0,1974.0,1.0,9.0,Birjulevo Vostochnoe,4600000
54,30.0,10.0,16.0,1983.0,2.0,8.0,Mar'ina Roshha,12300000
76,50.0,9.0,24.0,2017.0,3.0,14.0,Nagatinskij Zaton,11869916
46,28.0,9.0,9.0,1971.0,2.0,6.0,Troickij okrug,4950000
89,89.0,2.0,12.0,0.0,3.0,12.0,Poselenie Sosenskoe,6977460
52,46.0,5.0,9.0,2014.0,1.0,1.0,Zapadnoe Degunino,3611262
43,43.0,3.0,3.0,2014.0,1.0,0.0,Severnoe Butovo,4287500
35,19.0,16.0,16.0,1979.0,1.0,9.0,Veshnjaki,5800000
44,28.0,8.0,9.0,1969.0,2.0,5.0,Severnoe Medvedkovo,6950000
105,71.0,5.0,5.0,1912.0,3.0,11.0,Sokol'niki,9590000
45,31.0,9.0,9.0,1964.0,2.0,5.0,Zjuzino,2000000
35,19.0,8.0,16.0,1978.0,1.0,9.0,Teplyj Stan,6400000
55,33.0,9.0,9.0,1976.0,2.0,8.0,Ramenki,12000000
58,38.0,4.0,9.0,1969.0,3.0,6.0,Tekstil'shhiki,9150000
62,62.0,18.0,22.0,1.0,2.0,1.0,Poselenie Vnukovskoe,6961408
50,11.0,6.0,9.0,1910.0,1.0,20.0,Kotlovka,10020078
56,56.0,10.0,10.0,0.0,2.0,0.0,Poselenie Shherbinka,4755893
72,43.0,11.0,14.0,1989.0,3.0,8.0,Caricyno,11700000
62,38.0,6.0,9.0,1975.0,3.0,8.0,Losinoostrovskoe,10000000
45,29.0,4.0,9.0,1975.0,2.0,6.0,Otradnoe,7800000
49,31.0,5.0,12.0,1979.0,2.0,9.0,Lefortovo,4000000
60,30.0,14.0,16.0,2006.0,2.0,12.0,Pechatniki,11000000
46,28.0,7.0,9.0,1975.0,2.0,6.0,Staroe Krjukovo,5800000
38,17.0,10.0,,,,,Juzhnoe Tushino,2600000
56,40.0,9.0,24.0,2017.0,2.0,9.0,Nagatinskij Zaton,8866489
37,18.0,7.0,16.0,1984.0,1.0,9.0,Birjulevo Zapadnoe,4850000
64,42.0,3.0,12.0,1971.0,3.0,9.0,Vojkovskoe,14000000
40,40.0,2.0,17.0,2014.0,1.0,1.0,Nekrasovka,4438680
43,29.0,3.0,5.0,1962.0,2.0,5.0,Pokrovskoe Streshnevo,3000000
76,51.0,7.0,9.0,1995.0,3.0,10.0,Mitino,11000000
85,51.0,2.0,10.0,1955.0,3.0,7.0,Sokolinaja Gora,14800000
54,30.0,6.0,10.0,1997.0,2.0,8.0,Vyhino-Zhulebino,10500000
39,19.0,9.0,14.0,2000.0,1.0,7.0,Mar'ino,7100000
55,,8.0,17.0,,2.0,1.0,Poselenie Desjonovskoe,4838066
71,1.0,12.0,1.0,1.0,2.0,1.0,Poselenie Sosenskoe,6375840
54,,9.0,15.0,2015.0,2.0,1.0,Poselenie Desjonovskoe,5237220
43,29.0,1.0,9.0,1968.0,2.0,5.0,Taganskoe,5400000
71,58.0,18.0,18.0,2014.0,2.0,1.0,Nagornoe,11567550
81,54.0,4.0,8.0,1960.0,3.0,10.0,Timirjazevskoe,17000000
53,30.0,6.0,14.0,1986.0,2.0,8.0,Juzhnoe Tushino,9000000
90,1.0,13.0,1.0,1.0,3.0,1.0,Danilovskoe,23490000
34,15.0,4.0,9.0,1964.0,1.0,9.0,Nizhegorodskoe,6500000
39,18.0,3.0,14.0,2007.0,1.0,8.0,Dmitrovskoe,6900000
50,32.0,9.0,,,,,Orehovo-Borisovo Juzhnoe,5870000
61,,15.0,,,,,Nekrasovka,5526000
64,,10.0,24.0,2015.0,2.0,10.0,Poselenie Vnukovskoe,7505546
78,78.0,0.0,0.0,2016.0,3.0,0.0,Nagornoe,14995821
59,33.0,20.0,22.0,2000.0,10.0,10.0,Mar'ino,11000000
64,40.0,3.0,14.0,1986.0,3.0,7.0,Brateevo,3000000
53,30.0,8.0,12.0,1980.0,2.0,8.0,Otradnoe,9200000
61,61.0,4.0,17.0,2015.0,2.0,0.0,Poselenie Vnukovskoe,7669451
63,,14.0,,,,,Nekrasovka,5454872
39,39.0,5.0,17.0,0.0,1.0,1.0,Poselenie Vnukovskoe,5013060
43,39.0,13.0,14.0,1991.0,1.0,8.0,Krjukovo,4900000
38,20.0,4.0,12.0,1983.0,1.0,8.0,Birjulevo Vostochnoe,5000000
51,30.0,4.0,10.0,1996.0,2.0,8.0,Novokosino,7800000
38,19.0,2.0,14.0,1972.0,1.0,9.0,Savelovskoe,7500000
59,42.0,6.0,9.0,1972.0,3.0,6.0,Cheremushki,2000000
44,28.0,7.0,9.0,1971.0,2.0,5.0,Veshnjaki,7150000
105,51.0,18.0,19.0,2012.0,3.0,13.0,Izmajlovo,6585626
83,45.0,7.0,22.0,2007.0,3.0,10.0,Novo-Peredelkino,10800000
55,33.0,4.0,5.0,1958.0,2.0,7.0,Presnenskoe,11500000
79,41.0,15.0,1.0,2013.0,3.0,1.0,Poselenie Voskresenskoe,7396800
62,,10.0,10.0,2015.0,2.0,1.0,Nekrasovka,6552000
32,21.0,8.0,9.0,1965.0,1.0,5.0,Savelovskoe,7200000
67,59.0,9.0,,,,,Severnoe Tushino,11147240
74,39.0,3.0,30.0,2010.0,2.0,12.0,Zjuzino,14962709
45,,14.0,17.0,0.0,1.0,1.0,Poselenie Moskovskij,5452145
42,27.0,9.0,9.0,1971.0,2.0,5.0,Losinoostrovskoe,7100000
38,21.0,2.0,12.0,1967.0,2.0,7.0,Prospekt Vernadskogo,8500000
79,45.0,8.0,,,,,Horoshevo-Mnevniki,2000000
45,28.0,2.0,5.0,1966.0,2.0,5.0,Severnoe Tushino,7000000
43,28.0,9.0,9.0,1965.0,2.0,5.0,Dmitrovskoe,6200000
56,,17.0,,,,,Poselenie Shherbinka,3544554
38,20.0,2.0,12.0,1976.0,1.0,8.0,Chertanovo Juzhnoe,6500000
62,32.0,10.0,17.0,1973.0,2.0,12.0,Taganskoe,2000000
79,,3.0,17.0,,3.0,1.0,Poselenie Voskresenskoe,7011550
51,30.0,4.0,16.0,1980.0,2.0,8.0,Strogino,10300000
63,39.0,7.0,9.0,1977.0,3.0,8.0,Bibirevo,10600000
53,30.0,12.0,12.0,1978.0,2.0,8.0,Altuf'evskoe,4500000
39,22.0,12.0,12.0,1971.0,2.0,6.0,Nagatinskij Zaton,7500000
37,0.0,8.0,0.0,2015.0,1.0,0.0,Poselenie Shherbinka,3813204
53,32.0,13.0,16.0,1982.0,2.0,9.0,Mozhajskoe,9000000
45,27.0,3.0,9.0,1973.0,2.0,6.0,Pechatniki,6900000
63,60.0,16.0,16.0,2014.0,2.0,1.0,Tverskoe,6340000
46,29.0,3.0,5.0,1965.0,2.0,5.0,Sokolinaja Gora,6200000
36,22.0,1.0,9.0,1961.0,2.0,7.0,Cheremushki,6250000
59,42.0,2.0,5.0,1964.0,3.0,5.0,Shhukino,9800000
116,67.0,13.0,16.0,1997.0,5.0,10.0,Beskudnikovskoe,17500000
182,98.0,2.0,6.0,1995.0,5.0,15.0,Mar'ino,22000000
31,31.0,11.0,,,,,Poselenie Sosenskoe,3413300
29,18.0,5.0,,,,,Izmajlovo,5500000
54,32.0,7.0,17.0,2011.0,2.0,8.0,Nekrasovka,7641000
76,47.0,7.0,12.0,2001.0,3.0,10.0,Juzhnoe Butovo,7000000
56,31.0,2.0,5.0,1953.0,2.0,9.0,Sokol,8250000
36,19.0,2.0,4.0,1959.0,1.0,8.0,Shhukino,8360000
62,43.0,2.0,9.0,1976.0,3.0,6.0,Jasenevo,9550000
38,19.0,12.0,17.0,2002.0,1.0,7.0,Nizhegorodskoe,6700000
56,,16.0,,,,,Poselenie Shherbinka,3609794
96,1.0,15.0,1.0,1.0,4.0,1.0,Mitino,12927640
58,33.0,17.0,17.0,1995.0,2.0,10.0,Caricyno,8100000
40,25.0,2.0,8.0,1961.0,2.0,5.0,Izmajlovo,6400000
39,17.0,4.0,24.0,2007.0,1.0,10.0,Kosino-Uhtomskoe,1200000
40,1.0,25.0,1.0,2013.0,1.0,1.0,Mitino,7259647
38,19.0,6.0,16.0,1980.0,1.0,19.0,Mar'ino,6500000
80,47.0,5.0,9.0,1997.0,3.0,8.0,Juzhnoe Butovo,10200000
39,20.0,17.0,22.0,1998.0,1.0,10.0,Mar'ina Roshha,8000000
77,46.0,2.0,17.0,1987.0,3.0,10.0,Novokosino,5000000
78,46.0,19.0,22.0,2004.0,3.0,10.0,Solncevo,14000000
51,29.0,12.0,12.0,1982.0,2.0,8.0,Birjulevo Vostochnoe,6600000
31,19.0,2.0,5.0,1963.0,2.0,5.0,Perovo,5250000
52,27.0,2.0,12.0,1996.0,2.0,7.0,Mar'ino,5000000
55,37.0,5.0,5.0,1964.0,3.0,5.0,Akademicheskoe,7500000
44,44.0,2.0,2.0,2016.0,1.0,0.0,Zapadnoe Degunino,3719200
43,24.0,4.0,8.0,1959.0,2.0,4.0,Juzhnoportovoe,7350000
37,18.0,16.0,17.0,,1.0,6.0,Nekrasovka,3994557
52,30.0,4.0,14.0,1996.0,2.0,8.0,Savelki,6250000
41,23.0,11.0,14.0,1969.0,2.0,6.0,Kon'kovo,7350000
43,30.0,4.0,5.0,1961.0,2.0,5.0,Savelovskoe,8350000
64,,10.0,17.0,0.0,2.0,1.0,Poselenie Moskovskij,6784900
75,44.0,9.0,16.0,1981.0,3.0,10.0,Jasenevo,10700000
75,43.0,4.0,16.0,1982.0,3.0,10.0,Babushkinskoe,12300000
40,25.0,4.0,5.0,1966.0,2.0,5.0,Vostochnoe,6000000
43,29.0,3.0,5.0,1960.0,2.0,5.0,Rostokino,6400000
57,,5.0,17.0,2017.0,2.0,1.0,Sviblovo,10679040
49,49.0,7.0,12.0,2014.0,1.0,10.0,Poselenie Sosenskoe,4772040
73,44.0,2.0,21.0,2007.0,3.0,10.0,Obruchevskoe,14500000
44,28.0,2.0,9.0,1969.0,2.0,6.0,Ochakovo-Matveevskoe,5900000
74,74.0,4.0,24.0,2014.0,1.0,34.0,Poselenie Sosenskoe,9284660
58,42.0,1.0,5.0,1966.0,3.0,5.0,Perovo,7150000
81,1.0,17.0,1.0,1.0,1.0,1.0,Poselenie Moskovskij,8792939
38,19.0,12.0,16.0,1981.0,1.0,8.0,Zjuzino,7200000
88,79.0,2.0,,,,,Pokrovskoe Streshnevo,12974026
68,46.0,5.0,6.0,1929.0,3.0,7.0,Presnenskoe,7000000
37,22.0,2.0,9.0,1963.0,2.0,7.0,Bogorodskoe,1000000
57,57.0,17.0,17.0,2013.0,2.0,1.0,Poselenie Desjonovskoe,5274264
84,40.0,6.0,18.0,2016.0,3.0,15.0,Poselenie Vnukovskoe,10370980
32,18.0,7.0,9.0,1971.0,1.0,6.0,Veshnjaki,4500000
118,118.0,6.0,1.0,2015.0,3.0,1.0,Izmajlovo,21801800
35,22.0,9.0,12.0,1972.0,1.0,6.0,Birjulevo Vostochnoe,5000000
53,30.0,9.0,12.0,1975.0,2.0,8.0,Bibirevo,7500000
45,,9.0,1.0,2013.0,1.0,1.0,Tverskoe,4416345
52,30.0,2.0,12.0,1982.0,2.0,8.0,Nagatinskij Zaton,8500000
43,27.0,9.0,9.0,1977.0,2.0,5.0,Zjablikovo,6900000
54,28.0,3.0,16.0,1978.0,2.0,11.0,Lefortovo,2000000
58,,23.0,23.0,2014.0,2.0,1.0,Nagornoe,11702377
37,23.0,3.0,12.0,1969.0,2.0,6.0,Horoshevo-Mnevniki,7000000
104,53.0,5.0,23.0,2006.0,3.0,12.0,Nagornoe,3530000
52,52.0,6.0,0.0,0.0,2.0,0.0,Poselenie Filimonkovskoe,3899303
38,18.0,14.0,17.0,1994.0,1.0,8.0,Juzhnoe Butovo,5900000
35,20.0,7.0,9.0,1970.0,1.0,6.0,Levoberezhnoe,5500000
62,36.0,8.0,11.0,1955.0,2.0,8.0,Dorogomilovo,27000000
37,19.0,12.0,17.0,1994.0,1.0,8.0,Juzhnoe Butovo,5850000
42,21.0,10.0,12.0,1995.0,1.0,8.0,Mar'ino,6350000
32,19.0,9.0,,,,,Mar'ino,4700000
58,42.0,2.0,24.0,2017.0,2.0,10.0,Nagatinskij Zaton,8559679
34,,8.0,,,,,Poselenie Sosenskoe,3399660
39,20.0,12.0,14.0,2002.0,1.0,8.0,Matushkino,5900000
38,,6.0,17.0,2016.0,1.0,1.0,Poselenie Vnukovskoe,4862611
35,19.0,11.0,12.0,1969.0,1.0,9.0,Zamoskvorech'e,10500000
71,48.0,6.0,16.0,1967.0,3.0,6.0,Gagarinskoe,17000000
52,50.0,5.0,17.0,2015.0,2.0,1.0,Poselenie Filimonkovskoe,3886607
51,34.0,1.0,9.0,1970.0,3.0,6.0,Veshnjaki,7050000
42,26.0,4.0,5.0,1966.0,2.0,5.0,Taganskoe,1100000
64,43.0,1.0,12.0,1975.0,3.0,6.0,Sokol'niki,11000000
51,30.0,16.0,,,,,Nagornoe,1000000
55,27.0,3.0,,,,,Kosino-Uhtomskoe,2000000
60,43.0,2.0,9.0,1975.0,3.0,6.0,Otradnoe,9250000
47,47.0,15.0,17.0,2016.0,1.0,8.0,Filevskij Park,9794676
41,20.0,4.0,12.0,1995.0,1.0,8.0,Mar'ino,6600000
45,30.0,3.0,5.0,1960.0,2.0,5.0,Ajeroport,9350000
61,61.0,5.0,17.0,2014.0,2.0,1.0,Solncevo,5682111
88,55.0,13.0,16.0,1990.0,3.0,9.0,Danilovskoe,17800000
60,33.0,10.0,17.0,1985.0,2.0,10.0,Ljublino,13000000
122,1.0,2.0,14.0,2013.0,3.0,1.0,Poselenie Vnukovskoe,12150710
65,65.0,2.0,2.0,2017.0,2.0,1.0,Sviblovo,10466508
44,28.0,5.0,5.0,1961.0,2.0,5.0,Fili Davydkovo,6200000
58,43.0,3.0,12.0,1971.0,3.0,6.0,Chertanovo Juzhnoe,8700000
38,20.0,1.0,12.0,1975.0,1.0,8.0,Otradnoe,5700000
55,36.0,2.0,5.0,1966.0,3.0,6.0,Kosino-Uhtomskoe,6220000
51,30.0,3.0,14.0,2004.0,2.0,9.0,Ljublino,8900000
28,15.0,3.0,5.0,1966.0,1.0,5.0,Tekstil'shhiki,5400000
32,19.0,5.0,5.0,1962.0,1.0,5.0,Kuz'minki,5000000
53,,2.0,,,,,Obruchevskoe,3133488
58,35.0,22.0,,,,,Kuncevo,8800000
49,29.0,14.0,17.0,1.0,2.0,8.0,Orehovo-Borisovo Severnoe,7150000
34,18.0,1.0,3.0,2016.0,1.0,10.0,Poselenie Novofedorovskoe,1858668
45,28.0,4.0,14.0,1974.0,2.0,5.0,Vyhino-Zhulebino,6500000
46,29.0,3.0,9.0,1969.0,2.0,6.0,Chertanovo Central'noe,7400000
59,58.0,23.0,25.0,2015.0,2.0,1.0,Nekrasovka,6087300
51,51.0,8.0,17.0,0.0,2.0,1.0,Nekrasovka,6959565
38,37.0,5.0,17.0,1988.0,1.0,8.0,Zapadnoe Degunino,6100000
35,22.0,11.0,12.0,1973.0,1.0,7.0,Birjulevo Vostochnoe,5350000
52,34.0,9.0,9.0,1969.0,3.0,6.0,Severnoe Medvedkovo,7800000
75,40.0,11.0,14.0,1994.0,3.0,8.0,Vostochnoe Degunino,1000000
58,43.0,7.0,9.0,1975.0,2.0,5.0,Orehovo-Borisovo Severnoe,8500000
63,33.0,8.0,14.0,2005.0,1.0,12.0,Kosino-Uhtomskoe,10000000
41,27.0,1.0,5.0,1964.0,2.0,6.0,Kotlovka,6800000
37,22.0,2.0,9.0,1966.0,2.0,7.0,Novogireevo,1100000
78,43.0,15.0,17.0,2004.0,3.0,10.0,Donskoe,12000000
45,30.0,3.0,5.0,1963.0,2.0,5.0,Zjuzino,6700000
38,19.0,4.0,17.0,1992.0,1.0,8.0,Vostochnoe Degunino,6300000
41,41.0,10.0,25.0,1.0,1.0,1.0,Poselenie Moskovskij,4971653
39,23.0,11.0,14.0,1971.0,2.0,5.0,Chertanovo Central'noe,6200000
64,44.0,9.0,14.0,1973.0,3.0,9.0,Juzhnoe Tushino,9800000
84,49.0,5.0,,,,,Nagatino-Sadovniki,10500000
45,28.0,5.0,5.0,1969.0,2.0,5.0,Kon'kovo,7800000
51,31.0,15.0,17.0,1999.0,2.0,8.0,Mar'ino,8600000
42,21.0,15.0,,,,,Krasnosel'skoe,9550000
83,43.0,2.0,17.0,1984.0,3.0,10.0,Krylatskoe,14800000
45,29.0,2.0,5.0,1967.0,2.0,5.0,Caricyno,6300000
119,112.0,12.0,25.0,2015.0,5.0,1.0,Mitino,18728764
33,18.0,3.0,9.0,1970.0,1.0,7.0,Veshnjaki,5450000
45,27.0,9.0,9.0,1967.0,2.0,5.0,Severnoe Medvedkovo,6500000
94,94.0,11.0,1.0,2014.0,3.0,1.0,Strogino,18405400
79,44.0,10.0,17.0,2001.0,3.0,12.0,Mar'ino,12850000
42,26.0,2.0,5.0,1962.0,2.0,5.0,Marfino,6800000
30,18.0,3.0,5.0,1963.0,1.0,5.0,Bogorodskoe,1100000
44,17.0,4.0,16.0,2004.0,1.0,9.0,Vostochnoe Degunino,6300000
46,28.0,6.0,9.0,1974.0,2.0,6.0,Ljublino,7100000
38,19.0,8.0,14.0,2002.0,1.0,7.0,Nagornoe,7500000
63,43.0,2.0,12.0,1969.0,3.0,9.0,Golovinskoe,11500000
84,84.0,13.0,20.0,1.0,3.0,1.0,Poselenie Vnukovskoe,10745214
39,39.0,5.0,1.0,1.0,1.0,1.0,Nekrasovka,4138020
65,45.0,8.0,9.0,1975.0,3.0,6.0,Teplyj Stan,9000000
37,19.0,3.0,14.0,1998.0,1.0,7.0,Beskudnikovskoe,6400000
40,23.0,4.0,5.0,1960.0,2.0,6.0,Horoshevo-Mnevniki,7700000
61,32.0,12.0,14.0,2000.0,2.0,10.0,Basmannoe,11500000
60,33.0,8.0,12.0,2006.0,2.0,11.0,Kosino-Uhtomskoe,9300000
38,18.0,8.0,25.0,2004.0,1.0,9.0,Veshnjaki,6900000
91,54.0,5.0,12.0,1999.0,4.0,10.0,Vostochnoe Degunino,15500000
64,44.0,5.0,16.0,1984.0,3.0,7.0,Severnoe Medvedkovo,11200000
89,58.0,5.0,7.0,1940.0,3.0,12.0,Zamoskvorech'e,23150000
47,27.0,1.0,9.0,1971.0,2.0,6.0,Veshnjaki,6200000
79,44.0,4.0,14.0,2006.0,3.0,12.0,Severnoe Izmajlovo,7000000
64,36.0,2.0,13.0,1986.0,3.0,8.0,Presnenskoe,17000000
54,36.0,1.0,5.0,1961.0,3.0,5.0,Prospekt Vernadskogo,10300000
56,32.0,11.0,17.0,1987.0,2.0,10.0,Zjablikovo,8500000
55,30.0,10.0,24.0,2006.0,2.0,9.0,Teplyj Stan,3500000
56,32.0,5.0,14.0,2007.0,2.0,10.0,Beskudnikovskoe,10800000
20,12.0,2.0,9.0,1971.0,1.0,2.0,Mozhajskoe,4200000
44,29.0,3.0,9.0,1971.0,2.0,0.0,Ochakovo-Matveevskoe,6650000
54,28.0,3.0,16.0,1977.0,2.0,10.0,Mar'ina Roshha,10400000
90,38.0,2.0,2.0,0.0,2.0,1.0,Tverskoe,6464863
44,34.0,5.0,17.0,2014.0,1.0,10.0,Chertanovo Severnoe,7707000
62,43.0,4.0,9.0,1969.0,3.0,7.0,Kon'kovo,11800000
38,17.0,16.0,24.0,2011.0,1.0,9.0,Birjulevo Vostochnoe,1100000
74,,7.0,0.0,,3.0,0.0,Nagornoe,13511921
42,42.0,6.0,6.0,1.0,1.0,1.0,Poselenie Filimonkovskoe,3900000
38,38.0,3.0,17.0,2014.0,1.0,1.0,Poselenie Vnukovskoe,4674122
30,17.0,1.0,5.0,1959.0,1.0,6.0,Severnoe Izmajlovo,3000000
43,28.0,1.0,9.0,1969.0,2.0,6.0,Pechatniki,6700000
39,,2.0,17.0,2015.0,1.0,7.0,Poselenie Vnukovskoe,4864042
60,34.0,20.0,20.0,2007.0,2.0,10.0,Ljublino,8000000
37,22.0,4.0,14.0,1971.0,2.0,6.0,Chertanovo Severnoe,6500000
52,29.0,6.0,7.0,1952.0,2.0,7.0,Dorogomilovo,14990000
56,55.0,4.0,19.0,2016.0,2.0,1.0,Nagatinskij Zaton,8735405
39,23.0,10.0,12.0,1971.0,2.0,6.0,Sokol,6900000
65,64.0,4.0,17.0,,2.0,10.0,Zapadnoe Degunino,5286259
56,41.0,7.0,9.0,1966.0,3.0,5.0,Tekstil'shhiki,7900000
73,43.0,8.0,23.0,1984.0,3.0,10.0,Prospekt Vernadskogo,15400000
39,,2.0,17.0,0.0,1.0,1.0,Solncevo,4491894
59,42.0,4.0,9.0,1968.0,3.0,6.0,Troparevo-Nikulino,4900000
60,44.0,8.0,9.0,1967.0,3.0,6.0,Hovrino,8500000
49,29.0,1.0,9.0,2000.0,2.0,8.0,Juzhnoe Butovo,6300000
98,98.0,3.0,1.0,2016.0,4.0,1.0,Poselenie Sosenskoe,10379799
54,28.0,13.0,15.0,2007.0,2.0,9.0,Krjukovo,7000000
38,19.0,17.0,17.0,1996.0,1.0,8.0,Moskvorech'e-Saburovo,6200000
52,30.0,6.0,12.0,1982.0,2.0,8.0,Otradnoe,9600000
42,,3.0,3.0,2013.0,1.0,0.0,Poselenie Filimonkovskoe,3580000
33,19.0,3.0,9.0,1968.0,1.0,6.0,Hovrino,1000000
136,99.0,2.0,9.0,1956.0,4.0,11.0,Lomonosovskoe,31350000
49,17.0,7.0,12.0,2017.0,1.0,14.0,Poselenie Sosenskoe,4589260
59,59.0,9.0,17.0,2016.0,2.0,10.0,Poselenie Voskresenskoe,6799651
39,19.0,9.0,17.0,1994.0,1.0,8.0,Strogino,7500000
99,51.0,10.0,22.0,2003.0,3.0,11.0,Cheremushki,20150000
55,37.0,5.0,5.0,1964.0,3.0,5.0,Perovo,8500000
36,19.0,15.0,16.0,1980.0,1.0,9.0,Vostochnoe Degunino,5300000
66,47.0,7.0,9.0,1968.0,4.0,6.0,Ochakovo-Matveevskoe,10300000
86,,8.0,8.0,2014.0,3.0,1.0,Poselenie Sosenskoe,7551250
94,94.0,14.0,20.0,2013.0,3.0,10.0,Strogino,16606080
43,28.0,5.0,5.0,1963.0,2.0,5.0,Timirjazevskoe,7500000
53,31.0,10.0,16.0,1982.0,2.0,10.0,Sokolinaja Gora,8130000
124,124.0,7.0,1.0,2013.0,3.0,1.0,Izmajlovo,20444104
41,25.0,2.0,5.0,1961.0,2.0,5.0,Juzhnoe Tushino,6500000
40,40.0,12.0,17.0,,1.0,1.0,Poselenie Moskovskij,3850480
66,33.0,8.0,17.0,2006.0,2.0,12.0,Horoshevskoe,17000000
31,18.0,3.0,8.0,1963.0,1.0,6.0,Timirjazevskoe,6450000
39,19.0,11.0,14.0,1967.0,1.0,9.0,Ramenki,9550000
101,,6.0,,,,,Poselenie Moskovskij,8803303
32,18.0,4.0,9.0,1970.0,1.0,6.0,Losinoostrovskoe,4975000
45,28.0,11.0,12.0,1965.0,2.0,6.0,Matushkino,5450000
62,60.0,1.0,9.0,1971.0,3.0,8.0,Juzhnoe Tushino,1000000
45,29.0,1.0,9.0,1975.0,2.0,9.0,Otradnoe,5400000
33,17.0,14.0,14.0,1971.0,1.0,9.0,Babushkinskoe,6300000
42,,7.0,17.0,2015.0,1.0,1.0,Poselenie Sosenskoe,5692200
54,30.0,12.0,9.0,1978.0,2.0,8.0,Ivanovskoe,2000000
55,36.0,3.0,5.0,1959.0,3.0,6.0,Horoshevo-Mnevniki,8150000
32,20.0,4.0,5.0,1961.0,1.0,5.0,Cheremushki,8000000
45,29.0,1.0,5.0,1961.0,2.0,5.0,Kotlovka,6300000
54,,5.0,17.0,,2.0,1.0,Zapadnoe Degunino,5237220
45,28.0,4.0,5.0,1963.0,2.0,6.0,Krjukovo,2000000
38,18.0,10.0,17.0,2010.0,1.0,7.0,Nekrasovka,2000000
129,83.0,2.0,7.0,1910.0,6.0,11.0,Tverskoe,29700000
29,20.0,4.0,4.0,2014.0,1.0,8.0,Poselenie Filimonkovskoe,2029417
74,,1.0,17.0,,2.0,1.0,Nekrasovka,7663600
37,19.0,4.0,15.0,1975.0,1.0,10.0,Jaroslavskoe,5850000
54,32.0,2.0,17.0,1990.0,2.0,9.0,Novo-Peredelkino,2000000
67,42.0,8.0,16.0,1974.0,3.0,9.0,Teplyj Stan,10600000
79,,15.0,17.0,,3.0,1.0,Solncevo,7623234
61,,14.0,20.0,2014.0,2.0,1.0,Poselenie Desjonovskoe,5317384
30,18.0,3.0,5.0,1960.0,1.0,6.0,Filevskij Park,6650000
32,20.0,4.0,4.0,1965.0,1.0,5.0,Kuz'minki,5200000
43,23.0,14.0,14.0,1986.0,2.0,8.0,Lefortovo,6400000
86,86.0,3.0,3.0,2017.0,3.0,1.0,Sviblovo,14685036
54,32.0,4.0,9.0,2001.0,2.0,9.0,Juzhnoe Butovo,8100000
38,38.0,17.0,17.0,2015.0,1.0,1.0,Nekrasovka,4850000
62,33.0,12.0,17.0,2002.0,2.0,12.0,Juzhnoe Tushino,12000000
64,44.0,14.0,,,,,Chertanovo Central'noe,990000
35,21.0,4.0,9.0,1969.0,1.0,6.0,Severnoe Tushino,5850000
73,,7.0,0.0,,2.0,0.0,Poselenie Sosenskoe,6339420
51,30.0,12.0,17.0,2007.0,2.0,9.0,Taganskoe,13200000
66,42.0,7.0,,,,,Basmannoe,990000
41,26.0,4.0,5.0,1962.0,2.0,5.0,Severnoe Izmajlovo,5300000
43,,16.0,16.0,2014.0,1.0,1.0,Poselenie Sosenskoe,6034770
81,43.0,14.0,14.0,2007.0,3.0,10.0,Zapadnoe Degunino,13000000
74,45.0,2.0,17.0,1999.0,3.0,10.0,Filevskij Park,14600000
46,29.0,3.0,5.0,1966.0,2.0,5.0,Perovo,5880000
46,30.0,2.0,,,,,Hovrino,6050000
40,40.0,10.0,25.0,2014.0,1.0,1.0,Poselenie Shherbinka,3594112
37,19.0,16.0,16.0,1981.0,1.0,8.0,Mar'ino,5950000
62,33.0,4.0,5.0,1960.0,2.0,6.0,Ochakovo-Matveevskoe,3000000
57,41.0,2.0,5.0,1964.0,3.0,6.0,Preobrazhenskoe,8250000
14,9.0,8.0,,,,,Zjuzino,4000000
70,35.0,4.0,17.0,2004.0,2.0,12.0,Troickij okrug,7550000
77,53.0,5.0,5.0,1934.0,3.0,9.0,Tverskoe,18000000
39,23.0,4.0,12.0,1969.0,2.0,6.0,Losinoostrovskoe,6500000
64,30.0,24.0,24.0,2007.0,1.0,11.0,Kosino-Uhtomskoe,1000000
45,29.0,2.0,5.0,1960.0,2.0,5.0,Nagornoe,6200000
46,30.0,5.0,5.0,1962.0,2.0,5.0,Prospekt Vernadskogo,8050000
40,,9.0,,,,,Poselenie Vnukovskoe,3463160
62,44.0,12.0,12.0,1979.0,3.0,6.0,Strogino,11800000
45,30.0,5.0,5.0,1962.0,2.0,5.0,Preobrazhenskoe,6900000
84,,15.0,0.0,0.0,1.0,0.0,Tekstil'shhiki,12824700
61,1.0,2.0,1.0,1.0,2.0,1.0,Poselenie Sosenskoe,6611098
44,27.0,5.0,9.0,1966.0,2.0,5.0,Matushkino,5200000
44,29.0,3.0,5.0,1966.0,2.0,5.0,Gol'janovo,6200000
44,27.0,2.0,5.0,1965.0,2.0,5.0,Koptevo,7300000
36,15.0,1.0,5.0,1960.0,1.0,10.0,Nizhegorodskoe,5460000
64,44.0,7.0,7.0,1950.0,3.0,7.0,Horoshevskoe,15400000
70,48.0,2.0,8.0,1956.0,3.0,9.0,Sokolinaja Gora,2000000
32,18.0,4.0,9.0,1980.0,1.0,5.0,Mar'ino,1000000
60,38.0,9.0,,,,,Kuncevo,10200000
44,28.0,6.0,12.0,1967.0,2.0,0.0,Nagatinskij Zaton,7800000
35,19.0,1.0,12.0,1973.0,1.0,7.0,Veshnjaki,5450000
50,34.0,8.0,9.0,1976.0,3.0,6.0,Jasenevo,8200000
80,76.0,7.0,9.0,,2.0,1.0,Zapadnoe Degunino,5576288
53,38.0,4.0,16.0,1967.0,3.0,6.0,Juzhnoportovoe,8700000
32,18.0,7.0,9.0,1973.0,1.0,6.0,Nagatino-Sadovniki,6550000
38,19.0,2.0,17.0,1976.0,1.0,10.0,Hovrino,6750000
104,104.0,25.0,23.0,2014.0,2.0,24.0,Hovrino,15162349
38,22.0,11.0,12.0,1968.0,1.0,6.0,Severnoe Tushino,6500000
127,75.0,10.0,26.0,2010.0,3.0,14.0,Pokrovskoe Streshnevo,30300000
118,61.0,26.0,40.0,2011.0,3.0,13.0,Hovrino,19000000
38,36.0,10.0,,,,,Caricyno,5400000
53,32.0,16.0,17.0,1984.0,2.0,9.0,Orehovo-Borisovo Severnoe,9600000
37,17.0,14.0,22.0,2015.0,1.0,9.0,Poselenie Shherbinka,3556160
61,42.0,9.0,9.0,1968.0,3.0,6.0,Savelki,1900000
87,85.0,7.0,17.0,1998.0,3.0,12.0,Mitino,13900000
41,26.0,2.0,5.0,1971.0,2.0,5.0,Krjukovo,5342000
43,27.0,1.0,5.0,1961.0,2.0,5.0,Ljublino,6300000
41,,2.0,,,,,Poselenie Moskovskij,4499520
40,25.0,7.0,16.0,1967.0,2.0,6.0,Matushkino,5000000
30,17.0,2.0,9.0,1969.0,1.0,5.0,Nagatinskij Zaton,5500000
58,29.0,4.0,17.0,2009.0,2.0,9.0,Ljublino,1500000
39,23.0,12.0,14.0,1970.0,2.0,6.0,Rostokino,7100000
79,,19.0,24.0,2013.0,3.0,1.0,Nagornoe,14249084
39,20.0,17.0,22.0,1987.0,1.0,10.0,Jasenevo,7400000
59,44.0,6.0,6.0,1989.0,3.0,5.0,Rjazanskij,1980000
32,19.0,8.0,9.0,1974.0,1.0,6.0,Teplyj Stan,4800000
46,30.0,9.0,9.0,1977.0,2.0,5.0,Orehovo-Borisovo Juzhnoe,6650000
41,24.0,4.0,4.0,1969.0,2.0,5.0,Poselenie Krasnopahorskoe,3630000
39,18.0,13.0,17.0,2005.0,1.0,8.0,Kuz'minki,7530000
37,22.0,7.0,9.0,1964.0,2.0,7.0,Horoshevo-Mnevniki,5700000
55,,6.0,17.0,,2.0,1.0,Poselenie Sosenskoe,5560000
32,18.0,7.0,9.0,1972.0,1.0,6.0,Birjulevo Vostochnoe,5300000
53,31.0,12.0,12.0,1975.0,2.0,7.0,Filevskij Park,6000000
38,20.0,15.0,22.0,1985.0,1.0,10.0,Brateevo,5500000
32,20.0,2.0,,,,,Lefortovo,4700000
51,30.0,7.0,17.0,1989.0,2.0,8.0,Novo-Peredelkino,8400000
66,44.0,1.0,12.0,1975.0,3.0,6.0,Orehovo-Borisovo Severnoe,8000000
209,209.0,0.0,3.0,2007.0,0.0,0.0,Poselenie Shherbinka,10500000
58,30.0,8.0,14.0,2002.0,2.0,11.0,Dmitrovskoe,9400000
41,20.0,6.0,,,,,Tekstil'shhiki,6200000
44,29.0,5.0,5.0,1962.0,2.0,5.0,Izmajlovo,7500000
54,38.0,2.0,9.0,1965.0,3.0,5.0,Presnenskoe,12000000
43,29.0,2.0,2.0,1959.0,2.0,6.0,Horoshevo-Mnevniki,6500000
80,41.0,1.0,17.0,2013.0,3.0,13.0,Poselenie Moskovskij,5874800
78,46.0,8.0,17.0,1992.0,3.0,10.0,Donskoe,1000000
61,43.0,7.0,9.0,1979.0,3.0,6.0,Jaroslavskoe,8950000
99,62.0,7.0,22.0,1988.0,4.0,10.0,Mar'ino,13300000
76,44.0,9.0,14.0,1995.0,3.0,8.0,Ochakovo-Matveevskoe,12500000
56,41.0,3.0,9.0,1966.0,3.0,5.0,Begovoe,7000000
39,21.0,8.0,12.0,1983.0,1.0,8.0,Birjulevo Vostochnoe,5550000
47,30.0,4.0,12.0,1972.0,2.0,6.0,Birjulevo Vostochnoe,6500000
56,29.0,19.0,24.0,2005.0,2.0,11.0,Beskudnikovskoe,10990000
54,29.0,2.0,9.0,1998.0,2.0,11.0,Juzhnoe Butovo,8400000
58,1.0,2.0,17.0,2015.0,2.0,1.0,Nekrasovka,6520500
53,30.0,13.0,14.0,1989.0,2.0,8.0,Novo-Peredelkino,7100000
68,45.0,5.0,5.0,1953.0,3.0,6.0,Mozhajskoe,9200000
82,,14.0,,,,,Chertanovo Juzhnoe,12425825
52,,9.0,17.0,2015.0,2.0,10.0,Solncevo,5221475
37,18.0,8.0,17.0,2007.0,1.0,7.0,Beskudnikovskoe,1200000
50,30.0,4.0,17.0,1987.0,2.0,8.0,Chertanovo Severnoe,8500000
88,47.0,22.0,24.0,2007.0,3.0,16.0,Jakimanka,18900000
87,87.0,2.0,1.0,2015.0,3.0,1.0,Poselenie Sosenskoe,7796080
98,72.0,2.0,5.0,1957.0,4.0,8.0,Savelovskoe,10500000
47,17.0,12.0,22.0,2009.0,1.0,14.0,Bogorodskoe,11400000
73,49.0,5.0,5.0,1959.0,3.0,9.0,Basmannoe,16000000
34,18.0,7.0,22.0,2015.0,1.0,11.0,Poselenie Desjonovskoe,3613360
126,126.0,7.0,15.0,2014.0,3.0,12.0,Obruchevskoe,17793902
34,19.0,16.0,,,,,Meshhanskoe,6250000
40,,17.0,25.0,0.0,1.0,1.0,Poselenie Sosenskoe,4236300
31,16.0,5.0,5.0,1964.0,1.0,5.0,Preobrazhenskoe,5300000
44,44.0,3.0,1.0,1.0,1.0,1.0,Poselenie Sosenskoe,5063450
35,25.0,7.0,8.0,1958.0,2.0,5.0,Gagarinskoe,1000000
78,1.0,21.0,25.0,2016.0,3.0,1.0,Nekrasovka,7185200
32,20.0,2.0,5.0,1967.0,1.0,5.0,Ochakovo-Matveevskoe,5400000
32,21.0,8.0,9.0,1966.0,1.0,5.0,Sokolinaja Gora,5000000
45,18.0,4.0,17.0,2012.0,1.0,11.0,Poselenie Sosenskoe,2581519
74,44.0,8.0,17.0,1994.0,3.0,10.0,Krjukovo,1000000
41,20.0,5.0,14.0,1991.0,1.0,8.0,Novokosino,6300000
58,,6.0,,,,,Krjukovo,5968200
30,18.0,5.0,5.0,1966.0,1.0,5.0,Donskoe,2000000
53,30.0,5.0,12.0,1976.0,2.0,8.0,Zjablikovo,7000000
86,49.0,14.0,23.0,2007.0,3.0,10.0,Rjazanskij,15600000
44,27.0,4.0,9.0,1967.0,2.0,5.0,Hovrino,7050000
45,27.0,6.0,9.0,1970.0,2.0,6.0,Tekstil'shhiki,7200000
82,82.0,3.0,,,,,Poselenie Filimonkovskoe,4225045
44,29.0,4.0,5.0,1963.0,2.0,5.0,Kuz'minki,5700000
29,26.0,16.0,,,,,Mitino,4904827
45,30.0,2.0,5.0,1960.0,2.0,5.0,Danilovskoe,7250000
39,23.0,6.0,12.0,1967.0,2.0,6.0,Timirjazevskoe,7300000
44,27.0,6.0,9.0,1972.0,2.0,5.0,Teplyj Stan,8300000
45,27.0,1.0,9.0,1968.0,2.0,6.0,Ochakovo-Matveevskoe,6000000
43,40.0,18.0,20.0,2014.0,1.0,1.0,Mitino,8103000
53,28.0,3.0,17.0,2009.0,2.0,9.0,Golovinskoe,9500000
57,33.0,3.0,17.0,1983.0,2.0,10.0,Birjulevo Vostochnoe,7400000
51,30.0,3.0,17.0,1992.0,2.0,1.0,Mitino,9300000
102,,24.0,25.0,,3.0,1.0,Poselenie Moskovskij,9068502
35,20.0,5.0,12.0,1969.0,1.0,9.0,Pechatniki,5500000
41,,13.0,25.0,,1.0,0.0,Poselenie Moskovskij,4257778
46,43.0,1.0,17.0,,1.0,10.0,Tverskoe,4238306
60,34.0,11.0,12.0,1997.0,2.0,10.0,Novokosino,8800000
28,15.0,2.0,,,,,Perovo,2000000
62,37.0,9.0,12.0,1984.0,3.0,8.0,Otradnoe,12800000
37,37.0,7.0,19.0,2016.0,1.0,1.0,Poselenie Shherbinka,3813204
35,14.0,9.0,12.0,1997.0,1.0,10.0,Novokosino,5300000
32,18.0,5.0,9.0,1974.0,1.0,6.0,Bibirevo,5000000
75,43.0,8.0,24.0,2008.0,3.0,11.0,Obruchevskoe,18450000
51,30.0,11.0,17.0,1987.0,2.0,8.0,Chertanovo Severnoe,9300000
54,28.0,6.0,15.0,2007.0,2.0,9.0,Krjukovo,7150000
37,19.0,3.0,16.0,1979.0,1.0,9.0,Zapadnoe Degunino,1500000
55,37.0,5.0,5.0,1960.0,3.0,6.0,Kotlovka,9000000
38,23.0,11.0,14.0,1980.0,2.0,6.0,Chertanovo Central'noe,7100000
43,27.0,2.0,5.0,1965.0,2.0,5.0,Sokol,9100000
53,32.0,14.0,17.0,2004.0,2.0,9.0,Juzhnoe Butovo,2000000
47,47.0,7.0,25.0,2016.0,1.0,1.0,Mitino,7286263
100,63.0,18.0,22.0,1987.0,4.0,9.0,Zjablikovo,13000000
37,18.0,3.0,,,,,Juzhnoe Butovo,5500000
37,22.0,4.0,9.0,1965.0,2.0,7.0,Kapotnja,4750000
78,49.0,13.0,14.0,1972.0,3.0,8.0,Juzhnoportovoe,6500000
61,31.0,13.0,17.0,2010.0,2.0,12.0,Marfino,14000000
82,50.0,4.0,16.0,1977.0,4.0,11.0,Bogorodskoe,16500000
36,14.0,2.0,17.0,2006.0,1.0,9.0,Kuncevo,7100000
76,41.0,4.0,30.0,2010.0,2.0,13.0,Zjuzino,13400580
45,28.0,5.0,5.0,1966.0,2.0,5.0,Perovo,6000000
53,53.0,1.0,3.0,0.0,2.0,1.0,Poselenie Novofedorovskoe,3080119
72,43.0,12.0,17.0,1983.0,3.0,10.0,Birjulevo Vostochnoe,8900000
32,16.0,9.0,9.0,1966.0,1.0,8.0,Nagatinskij Zaton,6700000
23,16.0,3.0,5.0,1968.0,1.0,3.0,Mozhajskoe,4100000
31,21.0,7.0,9.0,1963.0,1.0,5.0,Nagornoe,1000000
39,18.0,18.0,25.0,2001.0,1.0,9.0,Mar'ino,6300000
59,41.0,3.0,,,,,Perovo,7900000
45,28.0,11.0,12.0,1966.0,2.0,5.0,Severnoe Medvedkovo,8800000
34,19.0,15.0,16.0,1989.0,1.0,10.0,Severnoe Tushino,7000000
41,20.0,9.0,14.0,1985.0,1.0,8.0,Brateevo,6450000
41,20.0,12.0,12.0,2002.0,1.0,8.0,Mar'ino,6300000
38,23.0,3.0,9.0,1968.0,2.0,6.0,Izmajlovo,3000000
37,0.0,5.0,0.0,2015.0,1.0,11.0,Poselenie Voskresenskoe,4651200
44,29.0,2.0,9.0,1969.0,2.0,6.0,Bogorodskoe,7300000
38,19.0,6.0,17.0,1986.0,1.0,8.0,Brateevo,5650000
76,44.0,22.0,,,,,Novogireevo,11500000
28,10.0,1.0,9.0,1968.0,1.0,5.0,Severnoe Tushino,5500000
58,33.0,6.0,10.0,1993.0,2.0,10.0,Krjukovo,7200000
32,19.0,5.0,9.0,1971.0,1.0,5.0,Nagatino-Sadovniki,6100000
57,33.0,14.0,14.0,2000.0,2.0,10.0,Nagornoe,2000000
33,17.0,4.0,9.0,1968.0,1.0,7.0,Akademicheskoe,4000000
78,1.0,3.0,1.0,1.0,3.0,1.0,Krjukovo,7643600
75,44.0,2.0,22.0,1992.0,3.0,10.0,Krjukovo,8850000
100,100.0,11.0,17.0,2015.0,3.0,10.0,Poselenie Sosenskoe,9273664
39,20.0,4.0,,,,,Brateevo,5300000
57,,19.0,1.0,,2.0,1.0,Mitino,9680127
85,85.0,3.0,3.0,2016.0,3.0,1.0,Mitino,10728576
40,40.0,3.0,17.0,0.0,1.0,1.0,Tverskoe,5591476
45,30.0,5.0,5.0,1961.0,2.0,5.0,Sokolinaja Gora,5600000
38,18.0,2.0,17.0,2008.0,1.0,9.0,Juzhnoe Medvedkovo,3000000
82,43.0,3.0,,,,,Sokol,14800000
37,18.0,2.0,17.0,1986.0,1.0,8.0,Kon'kovo,7800000
36,19.0,14.0,1.0,2008.0,1.0,7.0,Beskudnikovskoe,1200000
63,30.0,3.0,0.0,0.0,2.0,0.0,Poselenie Voskresenskoe,6116560
93,50.0,10.0,21.0,2002.0,3.0,12.0,Koptevo,19275000
36,20.0,10.0,12.0,1970.0,1.0,10.0,Shhukino,6850000
32,18.0,3.0,9.0,1968.0,1.0,6.0,Timirjazevskoe,6500000
120,,3.0,17.0,2014.0,3.0,1.0,Jasenevo,19422900
30,18.0,1.0,9.0,1972.0,1.0,6.0,Rjazanskij,5000000
50,30.0,10.0,17.0,1983.0,2.0,8.0,Birjulevo Vostochnoe,6600000
41,20.0,3.0,14.0,1995.0,1.0,8.0,Ochakovo-Matveevskoe,6600000
31,21.0,1.0,9.0,1962.0,1.0,5.0,Kuz'minki,5300000
51,30.0,17.0,17.0,2009.0,2.0,9.0,Butyrskoe,2000000
37,19.0,9.0,17.0,1992.0,1.0,7.0,Severnoe Butovo,6250000
54,30.0,10.0,,,,,Caricyno,7500000
38,38.0,3.0,17.0,1.0,1.0,1.0,Poselenie Vnukovskoe,4737810
42,28.0,5.0,9.0,1966.0,2.0,5.0,Izmajlovo,8100000
39,19.0,12.0,17.0,1985.0,1.0,8.0,Ramenki,7800000
61,61.0,14.0,17.0,2014.0,2.0,1.0,Poselenie Vnukovskoe,6951195
58,32.0,2.0,14.0,1997.0,2.0,10.0,Gagarinskoe,14200000
58,33.0,14.0,22.0,1992.0,2.0,10.0,Severnoe Butovo,8616000
74,45.0,15.0,16.0,1999.0,3.0,10.0,Mitino,13900000
94,51.0,8.0,14.0,2004.0,3.0,11.0,Kuz'minki,17400000
64,46.0,14.0,16.0,1983.0,3.0,7.0,Donskoe,12200000
42,,16.0,18.0,2014.0,1.0,1.0,Krjukovo,4620000
59,,5.0,0.0,0.0,2.0,0.0,Poselenie Sosenskoe,6732820
24,16.0,5.0,5.0,1970.0,1.0,3.0,Bogorodskoe,3200000
55,31.0,4.0,,,,,Otradnoe,9500000
34,16.0,2.0,17.0,2016.0,1.0,84.0,Poselenie Desjonovskoe,3281884
39,20.0,7.0,,,,,Orehovo-Borisovo Juzhnoe,6250000
61,,8.0,0.0,,2.0,7.0,Poselenie Voskresenskoe,5647680
31,18.0,5.0,5.0,1965.0,1.0,6.0,Dmitrovskoe,1200000
45,29.0,8.0,12.0,1972.0,2.0,6.0,Kon'kovo,8000000
55,37.0,4.0,5.0,1965.0,3.0,5.0,Perovo,5000000
41,,2.0,1.0,2014.0,1.0,1.0,Chertanovo Severnoe,7621105
73,66.0,12.0,32.0,2006.0,1.0,1.0,Vostochnoe Degunino,2700000
57,,7.0,25.0,2014.0,2.0,0.0,Poselenie Vnukovskoe,3447398
42,28.0,4.0,5.0,1963.0,2.0,5.0,Rjazanskij,5800000
43,29.0,5.0,5.0,1962.0,2.0,5.0,Filevskij Park,7300000
35,14.0,14.0,17.0,1998.0,1.0,9.0,Mar'ino,6800000
54,36.0,2.0,5.0,1958.0,3.0,5.0,Severnoe Izmajlovo,1000000
47,301.0,4.0,12.0,1973.0,2.0,6.0,Birjulevo Zapadnoe,5600000
45,30.0,2.0,12.0,1976.0,2.0,6.0,Orehovo-Borisovo Severnoe,4000000
34,19.0,6.0,12.0,1970.0,1.0,9.0,Chertanovo Central'noe,6100000
55,35.0,17.0,24.0,2016.0,2.0,8.0,Nagatinskij Zaton,10865610
59,36.0,6.0,9.0,1974.0,3.0,5.0,Bibirevo,9800000
41,26.0,2.0,5.0,1960.0,2.0,5.0,Horoshevo-Mnevniki,2000000
74,51.0,2.0,5.0,1958.0,3.0,8.0,Tverskoe,12900000
42,27.0,3.0,5.0,1963.0,2.0,5.0,Timirjazevskoe,6000000
37,19.0,10.0,16.0,1994.0,1.0,9.0,Pechatniki,5650000
43,,13.0,22.0,,1.0,1.0,Poselenie Vnukovskoe,5536201
71,42.0,16.0,22.0,1981.0,3.0,8.0,Teplyj Stan,14300000
38,20.0,4.0,12.0,1982.0,1.0,8.0,Tverskoe,9200000
52,29.0,9.0,12.0,1979.0,2.0,8.0,Otradnoe,8700000
59,42.0,7.0,12.0,1974.0,3.0,5.0,Birjulevo Vostochnoe,7400000
62,36.0,9.0,10.0,1956.0,2.0,10.0,Danilovskoe,12800000
64,50.0,1.0,9.0,2016.0,2.0,9.0,Poselenie Vnukovskoe,7045760
75,44.0,9.0,,,,,Vojkovskoe,11404800
209,,37.0,1.0,2015.0,1.0,1.0,Rostokino,44682580
39,39.0,6.0,17.0,0.0,1.0,0.0,Solncevo,4620233
63,39.0,11.0,12.0,1975.0,3.0,8.0,Bibirevo,9650000
104,59.0,16.0,,,,,Poselenie Kokoshkino,1000000
38,18.0,7.0,17.0,2008.0,1.0,7.0,Dmitrovskoe,6000000
61,61.0,18.0,25.0,2014.0,2.0,1.0,Mitino,10002971
62,38.0,9.0,9.0,1976.0,3.0,8.0,Cheremushki,12700000
48,29.0,1.0,9.0,1977.0,2.0,1.0,Danilovskoe,6700000
58,30.0,6.0,6.0,1997.0,2.0,12.0,Juzhnoe Butovo,8200000
44,29.0,3.0,5.0,1961.0,2.0,5.0,Rostokino,6970000
34,19.0,16.0,,,,,Chertanovo Severnoe,6350000
60,44.0,1.0,9.0,1969.0,3.0,6.0,Gol'janovo,7200000
48,31.0,12.0,12.0,1970.0,2.0,8.0,Filevskij Park,8500000
37,19.0,1.0,10.0,1993.0,1.0,8.0,Krjukovo,4500000
76,44.0,5.0,17.0,1989.0,3.0,10.0,Taganskoe,2000000
58,,5.0,1.0,1.0,2.0,1.0,Krjukovo,5788530
40,24.0,4.0,8.0,1960.0,2.0,5.0,Juzhnoportovoe,7500000
46,29.0,2.0,9.0,1976.0,2.0,5.0,Danilovskoe,9100000
38,22.0,8.0,12.0,1968.0,2.0,6.0,Vyhino-Zhulebino,6050000
93,77.0,10.0,39.0,2009.0,1.0,5.0,Tverskoe,2750000
54,32.0,6.0,16.0,1976.0,2.0,9.0,Jasenevo,9500000
54,54.0,2.0,17.0,0.0,2.0,10.0,Poselenie Novofedorovskoe,3053307
15,9.0,2.0,5.0,1964.0,1.0,3.0,Perovo,4350000
58,43.0,9.0,9.0,1967.0,3.0,5.0,Savelovskoe,11800000
56,42.0,3.0,5.0,1961.0,3.0,5.0,Kuncevo,1100000
55,34.0,2.0,5.0,1959.0,2.0,7.0,Ivanovskoe,8150000
54,32.0,3.0,16.0,1999.0,2.0,9.0,Mitino,8800000
53,30.0,10.0,,,,,Silino,5850000
79,48.0,5.0,9.0,1991.0,3.0,8.0,Severnoe Butovo,11750000
51,50.0,3.0,9.0,1967.0,3.0,5.0,Hovrino,2000000
35,20.0,4.0,9.0,1977.0,1.0,6.0,Lianozovo,5350000
14,10.0,5.0,5.0,1952.0,1.0,1.0,Vostochnoe Izmajlovo,2000000
37,18.0,8.0,17.0,2013.0,1.0,9.0,Poselenie Vnukovskoe,3500000
57,38.0,2.0,9.0,1968.0,3.0,6.0,Caricyno,2500000
52,30.0,9.0,15.0,2001.0,2.0,9.0,Mar'ino,9150000
76,45.0,10.0,14.0,1996.0,3.0,10.0,Savelki,9500000
37,,17.0,,,,,Strogino,6801186
58,,8.0,17.0,,2.0,1.0,Tekstil'shhiki,6087300
43,25.0,5.0,5.0,1959.0,2.0,6.0,Bogorodskoe,6300000
60,33.0,3.0,12.0,2005.0,2.0,1.0,Kosino-Uhtomskoe,6000000
34,19.0,1.0,12.0,1965.0,1.0,10.0,Cheremushki,6000000
53,34.0,9.0,9.0,1970.0,2.0,6.0,Veshnjaki,6300000
81,1.0,3.0,10.0,2016.0,3.0,14.0,Mitino,10844900
35,19.0,8.0,9.0,1973.0,1.0,8.0,Teplyj Stan,3000000
38,20.0,4.0,14.0,1990.0,1.0,8.0,Krjukovo,5200000
90,38.0,2.0,2.0,0.0,3.0,1.0,Tverskoe,5369735
118,67.0,10.0,11.0,2000.0,3.0,14.0,Mitino,21000000
35,19.0,12.0,12.0,1968.0,1.0,9.0,Butyrskoe,7200000
43,27.0,5.0,5.0,1964.0,2.0,5.0,Zjuzino,6300000
36,22.0,3.0,9.0,1963.0,2.0,7.0,Severnoe Izmajlovo,6500000
77,45.0,14.0,17.0,1995.0,3.0,10.0,Mar'ino,11300000
58,58.0,3.0,12.0,1967.0,3.0,5.0,Jakimanka,16000000
45,44.0,14.0,14.0,1970.0,2.0,5.0,Ochakovo-Matveevskoe,7200000
43,40.0,23.0,,,,,Mitino,6229540
74,45.0,7.0,17.0,1995.0,3.0,10.0,Zjablikovo,2000000
49,29.0,3.0,5.0,1951.0,2.0,7.0,Shhukino,11200000
52,52.0,6.0,12.0,2005.0,2.0,9.0,Kosino-Uhtomskoe,7600000
38,20.0,18.0,22.0,1986.0,1.0,10.0,Jasenevo,8700000
34,34.0,15.0,,,,,Poselenie Sosenskoe,3522500
41,21.0,1.0,9.0,1999.0,1.0,8.0,Mar'ino,5000000
42,27.0,7.0,8.0,1962.0,2.0,5.0,Vostochnoe Izmajlovo,6450000
31,20.0,5.0,5.0,1963.0,1.0,5.0,Perovo,4800000
84,84.0,9.0,17.0,2016.0,3.0,10.0,Poselenie Vnukovskoe,10485791
50,33.0,4.0,9.0,1968.0,3.0,6.0,Hovrino,2500000
42,20.0,13.0,14.0,1994.0,1.0,8.0,Krjukovo,4650000
75,45.0,10.0,17.0,1998.0,3.0,9.0,Mar'ino,10800000
46,,12.0,17.0,,1.0,1.0,Tverskoe,4648932
83,45.0,14.0,16.0,2001.0,3.0,10.0,Mar'ino,12400000
41,20.0,11.0,14.0,1989.0,1.0,8.0,Krjukovo,4950000
32,16.0,12.0,12.0,1972.0,1.0,7.0,Caricyno,7650000
78,47.0,13.0,14.0,1996.0,3.0,8.0,Krjukovo,1000000
39,20.0,22.0,24.0,2009.0,1.0,10.0,Mozhajskoe,6100000
126,118.0,9.0,,,,,Prospekt Vernadskogo,34353584
37,21.0,4.0,9.0,1962.0,2.0,7.0,Danilovskoe,8400000
38,19.0,2.0,22.0,2002.0,1.0,10.0,Filevskij Park,1000000
37,19.0,17.0,17.0,1995.0,1.0,8.0,Fili Davydkovo,1000000
44,1.0,8.0,1.0,1.0,1.0,1.0,Nagornoe,4840500
86,49.0,17.0,18.0,1997.0,3.0,9.0,Jasenevo,15500000
32,20.0,4.0,5.0,1966.0,1.0,5.0,Caricyno,5500000
39,19.0,5.0,,,,,Pechatniki,5450000
50,29.0,8.0,14.0,1987.0,2.0,8.0,Solncevo,7000000
58,42.0,4.0,5.0,1967.0,3.0,5.0,Severnoe Tushino,8000000
64,60.0,10.0,17.0,2014.0,2.0,1.0,Nekrasovka,6592000
33,19.0,4.0,9.0,1984.0,1.0,6.0,Jaroslavskoe,6000000
32,20.0,5.0,5.0,1965.0,1.0,5.0,Perovo,5460000
44,28.0,8.0,9.0,1971.0,2.0,6.0,Beskudnikovskoe,990000
32,19.0,2.0,5.0,1967.0,1.0,5.0,Ochakovo-Matveevskoe,5900000
31,19.0,3.0,5.0,1963.0,1.0,5.0,Koptevo,5500000
46,30.0,9.0,12.0,1971.0,2.0,6.0,Chertanovo Severnoe,8200000
52,33.0,16.0,24.0,2004.0,2.0,7.0,Shhukino,990000
40,,17.0,17.0,1.0,1.0,1.0,Poselenie Moskovskij,3754920
42,18.0,11.0,24.0,2007.0,1.0,10.0,Kosino-Uhtomskoe,1000000
43,20.0,15.0,17.0,2008.0,1.0,8.0,Juzhnoe Butovo,5000000
38,19.0,4.0,14.0,2007.0,1.0,7.0,Hovrino,5500000
53,28.0,8.0,16.0,1976.0,2.0,10.0,Golovinskoe,10000000
103,63.0,14.0,23.0,2006.0,4.0,11.0,Rjazanskij,11122750
104,104.0,2.0,2.0,0.0,1.0,0.0,Poselenie Pervomajskoe,7661452
52,30.0,8.0,17.0,2011.0,2.0,9.0,Poselenie Moskovskij,7300000
43,28.0,7.0,9.0,1969.0,2.0,5.0,Horoshevo-Mnevniki,8700000
31,16.0,2.0,12.0,1972.0,1.0,1974.0,Matushkino,1000000
55,0.0,8.0,0.0,2015.0,2.0,0.0,Poselenie Desjonovskoe,4684993
45,18.0,6.0,12.0,2014.0,1.0,7.0,Poselenie Voskresenskoe,4416345
38,18.0,3.0,17.0,2003.0,1.0,7.0,Severnoe Izmajlovo,7150000
44,28.0,4.0,9.0,1967.0,2.0,6.0,Sokol'niki,8550000
100,71.0,4.0,5.0,1957.0,4.0,9.0,Nagornoe,15400000
40,17.0,7.0,14.0,2005.0,1.0,8.0,Perovo,7100000
66,42.0,2.0,7.0,1937.0,3.0,8.0,Begovoe,14950000
53,53.0,1.0,1.0,2014.0,2.0,0.0,Poselenie Novofedorovskoe,2744820
44,30.0,4.0,5.0,1962.0,2.0,5.0,Koptevo,5650000
86,52.0,3.0,5.0,1958.0,3.0,8.0,Savelovskoe,15700000
41,17.0,7.0,19.0,2010.0,1.0,10.0,Izmajlovo,3582293
44,30.0,1.0,5.0,1962.0,2.0,5.0,Koptevo,6100000
45,29.0,3.0,5.0,1964.0,2.0,5.0,Vostochnoe Izmajlovo,6300000
38,38.0,12.0,,,,,Nekrasovka,3914144
53,30.0,11.0,17.0,2000.0,2.0,7.0,Birjulevo Zapadnoe,6900000
43,43.0,2.0,17.0,2016.0,1.0,43.0,Poselenie Sosenskoe,4038804
113,70.0,5.0,9.0,1955.0,3.0,12.0,Meshhanskoe,28000000
49,34.0,1.0,9.0,1975.0,2.0,6.0,Teplyj Stan,7400000
28,1.0,11.0,17.0,2014.0,1.0,1.0,Poselenie Filimonkovskoe,2170303
64,1.0,7.0,1.0,1.0,2.0,1.0,Krjukovo,7202900
39,23.0,11.0,12.0,1968.0,2.0,6.0,Caricyno,6600000
35,17.0,1.0,12.0,1976.0,1.0,6.0,Lianozovo,5500000
45,29.0,5.0,5.0,1968.0,2.0,5.0,Kon'kovo,2000000
54,33.0,6.0,,,,,Nagatino-Sadovniki,7700000
58,,6.0,17.0,2015.0,2.0,1.0,Nekrasovka,5764128
53,52.0,3.0,,,,,Poselenie Filimonkovskoe,3023412
74,74.0,16.0,24.0,2014.0,3.0,1.0,Nagornoe,14761521
42,19.0,2.0,21.0,2015.0,1.0,1.0,Poselenie Rogovskoe,2159850
56,31.0,3.0,16.0,2002.0,2.0,9.0,Novogireevo,11300000
32,20.0,4.0,5.0,1964.0,1.0,5.0,Zjuzino,6700000
39,21.0,6.0,,,,,Krjukovo,4550000
32,18.0,1.0,9.0,1973.0,1.0,6.0,Birjulevo Zapadnoe,4500000
85,,16.0,17.0,1.0,3.0,1.0,Novo-Peredelkino,9609180
44,28.0,5.0,5.0,1969.0,1.0,5.0,Juzhnoe Tushino,7290000
111,64.0,10.0,14.0,1998.0,3.0,11.0,Vyhino-Zhulebino,12665000
31,18.0,3.0,5.0,1959.0,1.0,6.0,Kuz'minki,4700000
54,32.0,12.0,17.0,2004.0,2.0,9.0,Moskvorech'e-Saburovo,9600000
55,32.0,8.0,10.0,1997.0,2.0,8.0,Mar'ino,9100000
41,27.0,2.0,5.0,1961.0,2.0,5.0,Danilovskoe,2000000
45,30.0,3.0,5.0,1964.0,2.0,5.0,Perovo,6500000
38,38.0,12.0,,,,,Tverskoe,3261166
76,40.0,6.0,17.0,2013.0,3.0,11.0,Poselenie Moskovskij,3106863
82,55.0,4.0,5.0,1937.0,3.0,10.0,Juzhnoportovoe,12500000
30,17.0,1.0,5.0,1961.0,1.0,6.0,Sokolinaja Gora,5100000
44,27.0,7.0,9.0,1977.0,2.0,6.0,Jasenevo,7700000
44,30.0,3.0,5.0,1961.0,2.0,5.0,Cheremushki,7400000
60,40.0,12.0,22.0,2015.0,2.0,10.0,Sviblovo,10647420
38,19.0,14.0,17.0,2003.0,1.0,7.0,Severnoe Izmajlovo,7250000
66,43.0,10.0,14.0,1971.0,3.0,9.0,Losinoostrovskoe,2000000
60,44.0,5.0,9.0,1977.0,3.0,6.0,Jasenevo,8300000
34,19.0,11.0,12.0,1973.0,1.0,9.0,Shhukino,6200000
37,22.0,4.0,14.0,1976.0,2.0,6.0,Ljublino,6200000
51,30.0,9.0,14.0,1988.0,2.0,8.0,Dmitrovskoe,7750000
37,,10.0,,,,,Mitino,5430250
37,22.0,5.0,9.0,1966.0,2.0,7.0,Severnoe Izmajlovo,2000000
74,74.0,13.0,22.0,2014.0,3.0,1.0,Nekrasovka,7419500
65,1.0,5.0,20.0,2015.0,2.0,1.0,Poselenie Vnukovskoe,9011528
27,26.0,11.0,15.0,2015.0,1.0,8.0,Poselenie Filimonkovskoe,2143234
37,37.0,20.0,1.0,2013.0,1.0,1.0,Strogino,6963100
34,20.0,5.0,9.0,1967.0,2.0,5.0,Dorogomilovo,9500000
55,32.0,16.0,16.0,1979.0,2.0,9.0,Ivanovskoe,6500000
52,30.0,16.0,16.0,1982.0,2.0,8.0,Dmitrovskoe,8300000
60,38.0,10.0,14.0,1967.0,2.0,8.0,Ramenki,14000000
45,30.0,6.0,12.0,1981.0,2.0,6.0,Ljublino,7300000
53,32.0,8.0,9.0,1999.0,2.0,9.0,Juzhnoe Butovo,3000000
35,22.0,4.0,8.0,1958.0,1.0,5.0,Shhukino,6300000
50,25.0,4.0,4.0,1876.0,2.0,7.0,Meshhanskoe,10950000
45,28.0,5.0,5.0,1973.0,2.0,5.0,Pechatniki,5500000
39,20.0,10.0,12.0,1980.0,1.0,8.0,Chertanovo Juzhnoe,5900000
50,30.0,13.0,17.0,1997.0,2.0,8.0,Mitino,7400000
101,94.0,3.0,10.0,2000.0,3.0,12.0,Vyhino-Zhulebino,990000
103,66.0,6.0,14.0,2003.0,3.0,11.0,Savelovskoe,23500000
41,,14.0,25.0,,1.0,1.0,Poselenie Moskovskij,3921239
39,20.0,4.0,12.0,1982.0,1.0,8.0,Birjulevo Vostochnoe,5550000
637,637.0,18.0,19.0,2016.0,2.0,10.0,Tverskoe,4725142
39,19.0,11.0,18.0,1997.0,1.0,8.0,Mar'ino,5600000
54,28.0,13.0,17.0,1999.0,2.0,9.0,Troparevo-Nikulino,13200000
44,28.0,4.0,8.0,1963.0,2.0,7.0,Timirjazevskoe,8300000
52,17.0,13.0,27.0,2011.0,1.0,13.0,Horoshevo-Mnevniki,6000000
51,30.0,8.0,17.0,1987.0,2.0,8.0,Orehovo-Borisovo Juzhnoe,8350000
77,41.0,2.0,17.0,2014.0,3.0,12.0,Poselenie Voskresenskoe,7011550
45,30.0,3.0,12.0,1974.0,2.0,6.0,Otradnoe,8500000
59,32.0,8.0,22.0,1987.0,2.0,10.0,Novokosino,9000000
40,28.0,1.0,5.0,1962.0,2.0,5.0,Juzhnoe Tushino,3000000
37,37.0,15.0,25.0,2014.0,1.0,1.0,Poselenie Shherbinka,3105971
37,18.0,6.0,16.0,1987.0,1.0,9.0,Kuncevo,6550000
50,34.0,8.0,9.0,1973.0,3.0,6.0,Orehovo-Borisovo Severnoe,7500000
37,19.0,1.0,16.0,1979.0,1.0,8.0,Strogino,6620000
45,28.0,7.0,9.0,1969.0,2.0,6.0,Vostochnoe Izmajlovo,1000000
91,,2.0,3.0,,3.0,1.0,Zapadnoe Degunino,7731750
104,1.0,9.0,9.0,2015.0,3.0,1.0,Poselenie Sosenskoe,9159520
38,19.0,5.0,17.0,1990.0,1.0,8.0,Severnoe Butovo,7500000
29,29.0,2.0,9.0,1966.0,1.0,5.0,Juzhnoportovoe,6100000
59,18.0,2.0,6.0,0.0,1.0,19.0,Troickij okrug,5285119
69,,5.0,0.0,,2.0,0.0,Poselenie Moskovskij,8639590
77,,17.0,,,,,Nekrasovka,6440024
53,32.0,3.0,9.0,1965.0,2.0,6.0,Alekseevskoe,9750000
77,53.0,12.0,,,,,Orehovo-Borisovo Severnoe,8650000
58,42.0,6.0,9.0,1969.0,3.0,5.0,Pechatniki,8850000
53,32.0,12.0,17.0,1980.0,2.0,9.0,Jasenevo,9500000
43,27.0,6.0,9.0,1969.0,2.0,5.0,Pechatniki,6900000
32,19.0,2.0,9.0,1973.0,1.0,5.0,Nagornoe,5800000
59,39.0,8.0,9.0,1968.0,3.0,6.0,Ivanovskoe,8000000
47,30.0,10.0,12.0,1974.0,2.0,6.0,Zjuzino,8200000
73,47.0,8.0,8.0,1960.0,3.0,8.0,Hamovniki,21800000
35,19.0,11.0,12.0,1965.0,1.0,9.0,Tekstil'shhiki,5600000
30,18.0,9.0,9.0,1970.0,1.0,5.0,Taganskoe,6500000
19,14.0,5.0,,,,,Solncevo,2910000
67,46.0,3.0,5.0,1962.0,3.0,8.0,Horoshevskoe,10100000
67,67.0,9.0,17.0,2014.0,2.0,12.0,Birjulevo Vostochnoe,9003162
84,44.0,16.0,17.0,1987.0,3.0,10.0,Novokosino,11025000
72,46.0,6.0,19.0,2013.0,3.0,8.0,Molzhaninovskoe,6000000
42,28.0,2.0,5.0,1962.0,2.0,5.0,Ajeroport,5500000
50,50.0,8.0,,,,,Babushkinskoe,8704988
76,76.0,3.0,17.0,0.0,3.0,0.0,Poselenie Vnukovskoe,7886058
74,45.0,8.0,12.0,2000.0,3.0,9.0,Juzhnoe Butovo,10450000
57,57.0,7.0,,,,,Krjukovo,5962320
64,64.0,15.0,25.0,2016.0,2.0,1.0,Mitino,10400073
68,44.0,8.0,12.0,1968.0,3.0,9.0,Solncevo,8600000
63,30.0,9.0,24.0,2010.0,2.0,11.0,Kosino-Uhtomskoe,5200000
38,1.0,16.0,17.0,2014.0,1.0,1.0,Poselenie Vnukovskoe,4774728
72,70.0,14.0,14.0,2007.0,3.0,10.0,Matushkino,8850000
38,19.0,10.0,17.0,2005.0,1.0,7.0,Solncevo,1000000
41,,2.0,25.0,2014.0,1.0,1.0,Nekrasovka,4419100
69,47.0,3.0,16.0,1979.0,3.0,8.0,Lefortovo,10700000
52,30.0,14.0,17.0,2004.0,2.0,9.0,Taganskoe,12000000
82,1.0,25.0,1.0,2014.0,3.0,1.0,Strogino,16507300
32,18.0,8.0,9.0,1972.0,1.0,5.0,Pechatniki,5000000
45,32.0,4.0,9.0,1963.0,2.0,5.0,Rostokino,7500000
39,22.0,11.0,12.0,1968.0,2.0,7.0,Novogireevo,5000000
49,29.0,7.0,14.0,1977.0,2.0,6.0,Taganskoe,8900000
77,1.0,6.0,19.0,2016.0,3.0,1.0,Poselenie Shherbinka,5535920
55,31.0,4.0,16.0,1978.0,2.0,10.0,Nagornoe,10500000
66,35.0,4.0,4.0,1947.0,2.0,10.0,Shhukino,11900000
56,55.0,9.0,18.0,2016.0,2.0,1.0,Nagatinskij Zaton,9197256
44,28.0,1.0,9.0,1967.0,2.0,5.0,Zapadnoe Degunino,2000000
38,23.0,8.0,,,,,Losinoostrovskoe,3000000
52,30.0,7.0,17.0,2013.0,2.0,9.0,Poselenie Vnukovskoe,4459458
115,105.0,4.0,8.0,2008.0,1.0,0.0,Hamovniki,29780000
53,53.0,2.0,15.0,0.0,2.0,1.0,Poselenie Novofedorovskoe,3111872
39,20.0,6.0,22.0,1997.0,1.0,10.0,Juzhnoe Tushino,6125000
38,19.0,7.0,16.0,1980.0,1.0,9.0,Orehovo-Borisovo Juzhnoe,6300000
79,79.0,3.0,17.0,2015.0,3.0,0.0,Poselenie Vnukovskoe,7560432
43,29.0,5.0,5.0,1964.0,2.0,5.0,Basmannoe,7400000
74,53.0,4.0,5.0,1960.0,3.0,8.0,Izmajlovo,11000000
57,29.0,8.0,16.0,2002.0,2.0,9.0,Filevskij Park,12200000
74,46.0,13.0,17.0,1993.0,3.0,10.0,Mitino,11150000
40,20.0,17.0,14.0,2011.0,1.0,10.0,Poselenie Shherbinka,2250000
102,102.0,24.0,25.0,0.0,3.0,1.0,Poselenie Moskovskij,8605294
65,44.0,4.0,12.0,1973.0,3.0,9.0,Sokolinaja Gora,12000000
35,19.0,9.0,12.0,1969.0,1.0,9.0,Lefortovo,3000000
43,27.0,2.0,5.0,1969.0,2.0,5.0,Ljublino,5350000
48,48.0,17.0,17.0,0.0,1.0,0.0,Poselenie Moskovskij,5637137
36,14.0,7.0,17.0,1996.0,1.0,9.0,Mitino,6550000
43,27.0,3.0,5.0,1959.0,2.0,5.0,Nizhegorodskoe,7150000
34,19.0,1.0,12.0,1965.0,1.0,10.0,Zjuzino,5300000
32,18.0,2.0,9.0,1979.0,1.0,5.0,Vostochnoe Degunino,5400000
57,31.0,18.0,22.0,1987.0,2.0,9.0,Juzhnoe Tushino,9550000
74,50.0,3.0,18.0,2016.0,2.0,12.0,Poselenie Sosenskoe,5579930
62,,3.0,20.0,2016.0,2.0,9.0,Poselenie Vnukovskoe,7056366
79,47.0,3.0,14.0,1985.0,3.0,8.0,Brateevo,10200000
57,30.0,10.0,10.0,2015.0,2.0,1.0,Poselenie Voskresenskoe,6623825
85,,9.0,1.0,,3.0,1.0,Chertanovo Central'noe,13214700
36,20.0,3.0,,,,,Novogireevo,5700000
89,,9.0,17.0,,3.0,0.0,Poselenie Sosenskoe,7564590
51,30.0,6.0,17.0,2007.0,2.0,9.0,Timirjazevskoe,7150000
39,19.0,14.0,14.0,1970.0,1.0,9.0,Kon'kovo,998000
55,32.0,4.0,8.0,1955.0,2.0,8.0,Horoshevskoe,14400000
58,30.0,10.0,14.0,2005.0,2.0,11.0,Ochakovo-Matveevskoe,10100000
34,1.0,21.0,21.0,2015.0,2.0,1.0,Poselenie Sosenskoe,4021920
46,1.0,11.0,25.0,2015.0,1.0,1.0,Nekrasovka,4840500
32,20.0,2.0,5.0,1965.0,1.0,5.0,Pokrovskoe Streshnevo,4950000
62,62.0,12.0,17.0,0.0,2.0,1.0,Solncevo,6394160
61,39.0,2.0,5.0,1982.0,3.0,7.0,Mitino,2100000
38,37.0,10.0,10.0,1996.0,1.0,8.0,Vyhino-Zhulebino,6200000
32,18.0,9.0,9.0,1970.0,1.0,6.0,Caricyno,5400000
90,52.0,7.0,24.0,2005.0,3.0,1.0,Horoshevo-Mnevniki,22500000
46,,23.0,24.0,,1.0,1.0,Poselenie Vnukovskoe,4309795
29,17.0,1.0,8.0,1960.0,1.0,4.0,Begovoe,5900000
38,19.0,9.0,14.0,2002.0,1.0,7.0,Juzhnoe Butovo,5700000
49,44.0,15.0,,,,,Poselenie Voskresenskoe,4528745
79,,4.0,1.0,1.0,3.0,1.0,Tverskoe,8445450
41,27.0,1.0,5.0,1966.0,2.0,5.0,Mar'ina Roshha,7100000
54,32.0,4.0,17.0,1987.0,2.0,9.0,Novokosino,8170000
38,,8.0,17.0,0.0,1.0,0.0,Poselenie Vnukovskoe,5561070
56,,2.0,25.0,1.0,2.0,1.0,Mitino,9028929
32,18.0,3.0,9.0,1971.0,1.0,6.0,Birjulevo Vostochnoe,5150000
45,30.0,1.0,5.0,1963.0,2.0,5.0,Preobrazhenskoe,6300000
39,20.0,1.0,12.0,1982.0,1.0,8.0,Jaroslavskoe,5000000
36,20.0,2.0,4.0,1959.0,1.0,6.0,Nizhegorodskoe,4300000
43,27.0,4.0,9.0,1970.0,2.0,6.0,Chertanovo Central'noe,7350000
80,44.0,16.0,40.0,2012.0,2.0,16.0,Akademicheskoe,22037500
40,,18.0,1.0,1.0,1.0,1.0,Birjulevo Vostochnoe,5348000
41,18.0,6.0,14.0,2007.0,1.0,8.0,Dmitrovskoe,7000000
65,60.0,11.0,19.0,2017.0,2.0,1.0,Sviblovo,12025000
55,,7.0,17.0,,2.0,1.0,Poselenie Vnukovskoe,7816944
34,19.0,1.0,12.0,1966.0,1.0,9.0,Zjuzino,5480000
39,,24.0,0.0,,1.0,0.0,Nagornoe,8591320
60,34.0,6.0,19.0,2007.0,2.0,10.0,Ljublino,7900000
58,38.0,9.0,9.0,1970.0,3.0,6.0,Basmannoe,10400000
35,18.0,5.0,9.0,1977.0,1.0,7.0,Perovo,6500000
63,43.0,3.0,9.0,1971.0,4.0,5.0,Shhukino,12800000
53,32.0,17.0,17.0,1982.0,2.0,9.0,Chertanovo Central'noe,7900000
31,17.0,5.0,5.0,1968.0,1.0,5.0,Kon'kovo,5250000
39,23.0,8.0,12.0,1972.0,2.0,6.0,Vnukovo,6000000
44,30.0,5.0,,,,,Akademicheskoe,8200000
37,,7.0,15.0,2014.0,1.0,1.0,Tverskoe,3665118
48,29.0,2.0,9.0,1973.0,2.0,7.0,Nagatinskij Zaton,8600000
47,29.0,7.0,9.0,1964.0,2.0,7.0,Arbat,14600000
52,34.0,5.0,9.0,1981.0,3.0,6.0,Izmajlovo,5900000
38,19.0,5.0,22.0,1998.0,1.0,9.0,Filevskij Park,7400000
64,42.0,2.0,17.0,2015.0,3.0,10.0,Poselenie Filimonkovskoe,4560765
43,,7.0,20.0,2014.0,1.0,1.0,Tverskoe,5363268
79,,19.0,20.0,2014.0,3.0,1.0,Nagornoe,15642084
57,,14.0,17.0,,2.0,0.0,Horoshevskoe,10135512
67,42.0,2.0,14.0,1971.0,3.0,9.0,Veshnjaki,9500000
63,63.0,9.0,17.0,0.0,2.0,0.0,Poselenie Vnukovskoe,7201082
13,8.0,5.0,,,,,Juzhnoe Tushino,3500000
38,18.0,3.0,17.0,2013.0,1.0,7.0,Nekrasovka,5184000
40,22.0,6.0,14.0,1974.0,2.0,5.0,Dmitrovskoe,6150000
77,77.0,17.0,17.0,2016.0,3.0,7.0,Poselenie Vnukovskoe,8198544
46,29.0,7.0,9.0,1972.0,2.0,6.0,Veshnjaki,7300000
64,40.0,8.0,8.0,,3.0,10.0,Poselenie Filimonkovskoe,3690164
85,58.0,5.0,8.0,1960.0,3.0,9.0,Sokolinaja Gora,15600000
65,33.0,9.0,15.0,2012.0,2.0,9.0,Birjulevo Vostochnoe,6500000
33,17.0,7.0,9.0,1965.0,1.0,7.0,Matushkino,1000000
74,43.0,5.0,17.0,1984.0,3.0,10.0,Kotlovka,18700000
63,63.0,2.0,17.0,2014.0,2.0,1.0,Tverskoe,7000134
37,37.0,1.0,9.0,2014.0,1.0,8.0,Poselenie Novofedorovskoe,2195596
37,,6.0,17.0,2015.0,1.0,10.0,Poselenie Vnukovskoe,4043752
39,16.0,16.0,19.0,2016.0,1.0,11.0,Poselenie Shherbinka,4001493
64,46.0,4.0,16.0,1977.0,3.0,7.0,Orehovo-Borisovo Severnoe,10500000
100,,19.0,20.0,2016.0,3.0,10.0,Prospekt Vernadskogo,17098600
39,23.0,11.0,12.0,1970.0,2.0,6.0,Losinoostrovskoe,6800000
43,43.0,3.0,3.0,,1.0,10.0,Poselenie Krasnopahorskoe,2832741
45,30.0,4.0,9.0,1972.0,2.0,6.0,Juzhnoe Tushino,8300000
57,37.0,1.0,5.0,1961.0,3.0,5.0,Savelovskoe,8250000
58,42.0,9.0,9.0,1973.0,3.0,5.0,Pechatniki,7900000
84,61.0,17.0,,,,,Beskudnikovskoe,2000000
57,33.0,5.0,5.0,1956.0,2.0,8.0,Nagatino-Sadovniki,8500000
34,18.0,5.0,5.0,1960.0,1.0,8.0,Ajeroport,6600000
38,20.0,6.0,12.0,1982.0,1.0,8.0,Birjulevo Vostochnoe,5100000
54,32.0,15.0,17.0,1979.0,2.0,9.0,Troparevo-Nikulino,10600000
58,32.0,3.0,17.0,1997.0,2.0,10.0,Mitino,8850000
65,42.0,4.0,5.0,1951.0,3.0,7.0,Donskoe,14900000
38,19.0,6.0,22.0,1999.0,1.0,10.0,Mitino,7800000
42,28.0,4.0,5.0,1962.0,2.0,5.0,Rjazanskij,5750000
35,19.0,6.0,12.0,1969.0,1.0,9.0,Pechatniki,5600000
37,19.0,3.0,16.0,1982.0,1.0,9.0,Teplyj Stan,6900000
40,18.0,15.0,17.0,2008.0,1.0,9.0,Troickij okrug,4600000
48,29.0,4.0,9.0,1976.0,2.0,6.0,Cheremushki,9100000
78,23.0,12.0,40.0,2012.0,1.0,29.0,Akademicheskoe,17409480
86,37.0,7.0,12.0,1975.0,2.0,14.0,Sokol'niki,22400000
77,45.0,13.0,17.0,1982.0,3.0,10.0,Strogino,12150000
76,50.0,22.0,25.0,2014.0,3.0,10.0,Nekrasovka,7562000
38,18.0,2.0,17.0,1986.0,1.0,8.0,Krylatskoe,7900000
38,20.0,7.0,,,,,Mar'ino,5700000
66,66.0,8.0,16.0,2015.0,1.0,1.0,Horoshevo-Mnevniki,13089341
53,30.0,6.0,14.0,1986.0,2.0,8.0,Juzhnoe Tushino,8950000
52,52.0,17.0,17.0,0.0,2.0,1.0,Tverskoe,6976549
71,71.0,1.0,22.0,2013.0,2.0,1.0,Poselenie Vnukovskoe,5930866
70,47.0,3.0,5.0,1929.0,3.0,7.0,Presnenskoe,16000000
51,30.0,12.0,17.0,1989.0,2.0,8.0,Otradnoe,9750000
39,,2.0,17.0,,1.0,1.0,Poselenie Moskovskij,3693777
63,45.0,5.0,,,,,Orehovo-Borisovo Severnoe,8500000
62,,8.0,17.0,,2.0,1.0,Poselenie Vnukovskoe,8045552
29,15.0,3.0,5.0,1965.0,1.0,5.0,Shhukino,6400000
61,61.0,20.0,22.0,0.0,2.0,0.0,Poselenie Vnukovskoe,7430925
38,19.0,5.0,17.0,1985.0,1.0,8.0,Mar'ino,5700000
38,18.0,3.0,17.0,1984.0,1.0,8.0,Kuncevo,7000000
44,27.0,5.0,5.0,1964.0,2.0,5.0,Izmajlovo,1000000
42,28.0,4.0,9.0,1972.0,2.0,5.0,Savelovskoe,9100000
37,22.0,4.0,9.0,1965.0,2.0,4.0,Nagatino-Sadovniki,7900000
85,51.0,17.0,17.0,2004.0,3.0,12.0,Lefortovo,21200000
35,19.0,15.0,22.0,1966.0,1.0,7.0,Matushkino,4800000
80,46.0,3.0,17.0,1989.0,3.0,10.0,Taganskoe,16550000
52,52.0,7.0,1.0,2014.0,1.0,1.0,Poselenie Moskovskij,6083375
78,43.0,5.0,17.0,2011.0,3.0,12.0,Gol'janovo,2000000
53,33.0,4.0,5.0,1984.0,2.0,7.0,Poselenie Pervomajskoe,4000000
27,18.0,3.0,15.0,2015.0,1.0,8.0,Poselenie Filimonkovskoe,2312304
46,29.0,3.0,5.0,1965.0,2.0,5.0,Perovo,6300000
56,40.0,7.0,9.0,1963.0,3.0,6.0,Horoshevskoe,11350000
32,19.0,2.0,5.0,1960.0,1.0,6.0,Severnoe Izmajlovo,5800000
64,42.0,4.0,8.0,1951.0,4.0,8.0,Sokol,16000000
47,31.0,11.0,12.0,1969.0,2.0,9.0,Tekstil'shhiki,7000000
42,26.0,3.0,5.0,1962.0,2.0,5.0,Kuz'minki,6900000
70,,6.0,,,,,Poselenie Sosenskoe,5397700
44,31.0,4.0,9.0,1965.0,2.0,5.0,Kuz'minki,6400000
94,50.0,12.0,14.0,2004.0,3.0,11.0,Kuz'minki,15850000
64,38.0,2.0,12.0,1982.0,3.0,8.0,Nagatinskij Zaton,12100000
58,43.0,7.0,9.0,1968.0,3.0,5.0,Nagatinskij Zaton,9200000
54,31.0,4.0,14.0,1973.0,2.0,8.0,Nagatinskij Zaton,10400000
41,18.0,9.0,,,,,Severnoe,5950000
52,52.0,17.0,17.0,2014.0,2.0,1.0,Poselenie Vnukovskoe,6052500
43,28.0,1.0,4.0,1965.0,3.0,6.0,Troickij okrug,4650000
79,45.0,2.0,22.0,2007.0,3.0,10.0,Novo-Peredelkino,12550000
50,50.0,10.0,22.0,,1.0,1.0,Nagornoe,9388399
66,62.0,2.0,2.0,2014.0,2.0,66.0,Poselenie Voskresenskoe,6546750
35,19.0,2.0,5.0,1959.0,1.0,8.0,Vostochnoe Izmajlovo,5400000
39,22.0,6.0,14.0,1972.0,2.0,6.0,Donskoe,6500000
38,20.0,2.0,14.0,1986.0,1.0,8.0,Brateevo,5050000
64,28.0,10.0,18.0,2008.0,2.0,10.0,Ochakovo-Matveevskoe,2630000
93,,3.0,3.0,2014.0,3.0,1.0,Poselenie Sosenskoe,8057647
45,29.0,6.0,12.0,1968.0,2.0,5.0,Hovrino,7900000
39,24.0,5.0,5.0,1963.0,2.0,5.0,Losinoostrovskoe,6500000
38,,4.0,17.0,2013.0,1.0,1.0,Nekrasovka,4294675
62,45.0,3.0,12.0,1981.0,3.0,6.0,Juzhnoe Tushino,11500000
53,30.0,8.0,12.0,1978.0,2.0,8.0,Vostochnoe Degunino,8500000
35,14.0,7.0,17.0,2007.0,1.0,9.0,Severnoe Tushino,7500000
61,42.0,3.0,12.0,1974.0,3.0,6.0,Teplyj Stan,10000000
50,28.0,14.0,22.0,1985.0,2.0,7.0,Pokrovskoe Streshnevo,9000000
45,24.0,3.0,5.0,1959.0,1.0,9.0,Ljublino,1000000
63,33.0,8.0,17.0,2013.0,2.0,13.0,Nekrasovka,6650000
44,29.0,2.0,9.0,1975.0,2.0,6.0,Vyhino-Zhulebino,6000000
63,62.0,9.0,12.0,1981.0,3.0,6.0,Zapadnoe Degunino,7600000
51,46.0,6.0,9.0,2014.0,1.0,1.0,Poselenie Pervomajskoe,3606128
38,19.0,13.0,14.0,1972.0,1.0,9.0,Beskudnikovskoe,4360000
38,19.0,12.0,22.0,1.0,1.0,7.0,Juzhnoe Butovo,3000000
45,28.0,2.0,5.0,1967.0,2.0,5.0,Golovinskoe,6400000
50,29.0,11.0,12.0,1976.0,2.0,9.0,Ljublino,7300000
91,62.0,5.0,5.0,1935.0,3.0,7.0,Mozhajskoe,10900000
55,55.0,13.0,17.0,2016.0,2.0,10.0,Poselenie Desjonovskoe,5406662
69,44.0,3.0,5.0,1977.0,3.0,8.0,Poselenie Pervomajskoe,5450000
58,32.0,8.0,,,,,Hovrino,10410000
29,13.0,16.0,17.0,2000.0,1.0,7.0,Horoshevo-Mnevniki,7250000
38,20.0,11.0,22.0,2001.0,1.0,10.0,Troparevo-Nikulino,8600000
37,18.0,9.0,16.0,1999.0,1.0,8.0,Ljublino,6000000
45,44.0,9.0,17.0,2017.0,1.0,11.0,Ramenki,7187460
51,50.0,6.0,17.0,2013.0,1.0,10.0,Poselenie Filimonkovskoe,3834328
78,39.0,14.0,16.0,1997.0,3.0,10.0,Koptevo,12500000
63,43.0,6.0,9.0,1969.0,3.0,7.0,Chertanovo Severnoe,10500000
53,32.0,1.0,17.0,1989.0,2.0,9.0,Solncevo,7200000
47,20.0,5.0,9.0,2015.0,1.0,10.0,Poselenie Pervomajskoe,3620000
102,0.0,17.0,0.0,2015.0,3.0,0.0,Poselenie Sosenskoe,11900475
57,38.0,5.0,9.0,1968.0,3.0,6.0,Caricyno,3000000
54,36.0,5.0,5.0,1961.0,3.0,5.0,Severnoe Izmajlovo,6750000
95,65.0,3.0,7.0,1996.0,4.0,11.0,Vyhino-Zhulebino,14500000
52,52.0,13.0,22.0,2016.0,2.0,1.0,Poselenie Vnukovskoe,6838487
44,28.0,9.0,9.0,1965.0,2.0,5.0,Meshhanskoe,10800000
32,18.0,8.0,9.0,1975.0,1.0,10.0,Otradnoe,6000000
37,19.0,10.0,17.0,1999.0,1.0,7.0,Mar'ino,6200000
39,17.0,8.0,9.0,2004.0,1.0,8.0,Koptevo,5950000
65,33.0,10.0,20.0,2010.0,2.0,9.0,Gol'janovo,2000000
62,43.0,3.0,9.0,1977.0,3.0,6.0,Jasenevo,9000000
29,16.0,5.0,5.0,1960.0,1.0,5.0,Koptevo,5300000
83,44.0,7.0,14.0,1996.0,3.0,10.0,Vyhino-Zhulebino,13100000
37,26.0,8.0,,,,,Timirjazevskoe,4800000
29,15.0,10.0,,,,,Birjulevo Vostochnoe,3900000
50,31.0,3.0,12.0,1973.0,2.0,9.0,Shhukino,10500000
43,29.0,5.0,5.0,1963.0,2.0,5.0,Sokolinaja Gora,7600000
64,33.0,14.0,17.0,2013.0,2.0,12.0,Poselenie Vnukovskoe,4671536
58,37.0,8.0,9.0,1970.0,3.0,6.0,Losinoostrovskoe,7750000
40,40.0,11.0,11.0,2014.0,1.0,1.0,Tverskoe,3866200
51,30.0,14.0,17.0,1999.0,2.0,8.0,Mar'ino,7850000
48,28.0,6.0,9.0,1972.0,2.0,5.0,Teplyj Stan,2000000
102,,12.0,16.0,2015.0,1.0,1.0,Zamoskvorech'e,30702000
59,59.0,3.0,5.0,2016.0,2.0,10.0,Poselenie Sosenskoe,7001895
31,19.0,4.0,5.0,1.0,1.0,5.0,Novogireevo,4800000
55,37.0,3.0,,,,,Severnoe Tushino,7200000
38,38.0,9.0,,,,,Poselenie Vnukovskoe,3287977
51,30.0,4.0,5.0,1956.0,2.0,7.0,Mar'ina Roshha,9500000
38,19.0,5.0,5.0,1982.0,1.0,9.0,Poselenie Pervomajskoe,1000000
70,43.0,11.0,12.0,1982.0,3.0,8.0,Nagatinskij Zaton,6600000
41,17.0,17.0,20.0,0.0,1.0,10.0,Donskoe,4386574
42,27.0,4.0,5.0,1970.0,2.0,5.0,Akademicheskoe,7500000
73,35.0,8.0,20.0,2012.0,2.0,11.0,Nagatino-Sadovniki,8000000
32,18.0,7.0,9.0,1967.0,1.0,7.0,Butyrskoe,1000000
34,21.0,2.0,9.0,0.0,1.0,4.0,Poselenie Moskovskij,4200000
84,53.0,12.0,12.0,2005.0,3.0,10.0,Kosino-Uhtomskoe,11300000
75,43.0,8.0,24.0,1995.0,3.0,10.0,Horoshevo-Mnevniki,13500000
32,21.0,6.0,,,,,Horoshevo-Mnevniki,5200000
67,45.0,10.0,3.0,1959.0,3.0,6.0,Gagarinskoe,16400000
35,19.0,10.0,14.0,1971.0,1.0,10.0,Vostochnoe Izmajlovo,5700000
54,36.0,5.0,,,,,Akademicheskoe,4000000
38,19.0,10.0,17.0,1999.0,1.0,8.0,Mar'ino,6700000
36,21.0,8.0,9.0,1963.0,2.0,2.0,Izmajlovo,6900000
61,34.0,13.0,15.0,1976.0,2.0,7.0,Koptevo,10650000
92,51.0,16.0,22.0,2002.0,3.0,10.0,Koptevo,17750000
32,18.0,4.0,5.0,1959.0,1.0,6.0,Koptevo,4900000
59,37.0,1.0,9.0,1979.0,3.0,6.0,Gol'janovo,7300000
39,,20.0,25.0,2015.0,1.0,10.0,Losinoostrovskoe,7116952
64,45.0,5.0,12.0,1975.0,3.0,6.0,Danilovskoe,2000000
45,40.0,15.0,1.0,2013.0,1.0,1.0,Poselenie Voskresenskoe,4309670
54,32.0,2.0,16.0,1983.0,2.0,9.0,Birjulevo Vostochnoe,7100000
53,32.0,4.0,17.0,1992.0,2.0,9.0,Mitino,8300000
45,28.0,3.0,5.0,1965.0,2.0,5.0,Gol'janovo,5900000
52,30.0,2.0,14.0,1987.0,2.0,8.0,Losinoostrovskoe,7350000
100,95.0,5.0,15.0,2012.0,3.0,11.0,Birjulevo Vostochnoe,7800000
31,15.0,1.0,5.0,1951.0,1.0,7.0,Juzhnoportovoe,4000000
62,38.0,3.0,9.0,1975.0,3.0,8.0,Orehovo-Borisovo Juzhnoe,10500000
38,19.0,7.0,17.0,2003.0,1.0,7.0,Novo-Peredelkino,6050000
55,31.0,3.0,17.0,2005.0,2.0,8.0,Lianozovo,8400000
45,29.0,3.0,5.0,1965.0,2.0,5.0,Perovo,7050000
55,21.0,32.0,40.0,1.0,1.0,10.0,Akademicheskoe,13742300
47,30.0,8.0,12.0,1979.0,2.0,6.0,Altuf'evskoe,7000000
112,69.0,8.0,14.0,2003.0,4.0,12.0,Kurkino,18900000
82,42.0,1.0,19.0,2006.0,2.0,17.0,Silino,3000000
40,27.0,5.0,,,,,Golovinskoe,7000000
41,20.0,4.0,14.0,1985.0,1.0,8.0,Lefortovo,6800000
41,,12.0,25.0,,1.0,1.0,Poselenie Moskovskij,4164728
64,33.0,14.0,17.0,2011.0,2.0,12.0,Poselenie Moskovskij,5192100
58,43.0,8.0,9.0,1973.0,3.0,5.0,Chertanovo Juzhnoe,8425000
68,44.0,8.0,14.0,1976.0,3.0,9.0,Alekseevskoe,11400000
92,50.0,14.0,18.0,2008.0,3.0,11.0,Kuz'minki,18500000
64,43.0,5.0,9.0,1968.0,3.0,6.0,Ajeroport,10500000
45,28.0,2.0,5.0,1965.0,2.0,5.0,Golovinskoe,6000000
51,34.0,2.0,9.0,1976.0,2.0,6.0,Cheremushki,7950000
59,40.0,5.0,25.0,2014.0,2.0,10.0,Nekrasovka,6087300
38,19.0,8.0,17.0,1994.0,1.0,8.0,Juzhnoe Butovo,5800000
81,44.0,4.0,12.0,1993.0,3.0,10.0,Vyhino-Zhulebino,12000000
75,44.0,7.0,16.0,1984.0,3.0,10.0,Troparevo-Nikulino,14500000
62,1.0,12.0,25.0,2016.0,2.0,1.0,Nekrasovka,6552000
63,30.0,,,,,,Poselenie Voskresenskoe,5692640
44,28.0,2.0,5.0,1933.0,2.0,6.0,Lefortovo,7400000
46,29.0,12.0,12.0,1969.0,2.0,6.0,Severnoe Tushino,2000000
38,23.0,3.0,,,,,Losinoostrovskoe,5800000
37,19.0,15.0,16.0,1981.0,1.0,7.0,Teplyj Stan,6400000
41,26.0,1.0,9.0,1964.0,2.0,5.0,Basmannoe,1000000
37,22.0,3.0,5.0,1961.0,2.0,5.0,Rjazanskij,5700000
76,46.0,4.0,17.0,1993.0,3.0,10.0,Mitino,12025000
64,38.0,11.0,12.0,1982.0,3.0,8.0,Otradnoe,1000000
38,19.0,8.0,17.0,1989.0,1.0,8.0,Novo-Peredelkino,6000000
64,43.0,1.0,12.0,1972.0,3.0,6.0,Chertanovo Juzhnoe,2000000
75,38.0,15.0,15.0,2016.0,2.0,1.0,Levoberezhnoe,13587600
38,19.0,10.0,16.0,1981.0,1.0,10.0,Zjuzino,6400000
36,22.0,9.0,9.0,1962.0,2.0,7.0,Sokol,7700000
47,30.0,6.0,9.0,1971.0,2.0,6.0,Chertanovo Severnoe,7270000
52,19.0,12.0,17.0,2002.0,1.0,14.0,Horoshevo-Mnevniki,11800000
45,28.0,6.0,14.0,1974.0,2.0,5.0,Vojkovskoe,8401000
57,57.0,15.0,1.0,2014.0,2.0,1.0,Poselenie Sosenskoe,6063200
32,19.0,4.0,5.0,1961.0,1.0,5.0,Presnenskoe,6900000
138,70.0,3.0,19.0,2011.0,3.0,18.0,Ramenki,25038912
34,20.0,2.0,12.0,1969.0,1.0,9.0,Caricyno,6680000
34,19.0,7.0,16.0,1979.0,1.0,9.0,Savelovskoe,7100000
51,30.0,11.0,17.0,1992.0,2.0,8.0,Vostochnoe Degunino,8300000
54,37.0,3.0,5.0,1962.0,3.0,5.0,Horoshevo-Mnevniki,7200000
51,31.0,1.0,4.0,1958.0,2.0,8.0,Vojkovskoe,1000000
36,19.0,3.0,17.0,1998.0,1.0,7.0,Mar'ino,1500000
81,,8.0,1.0,1.0,3.0,1.0,Krjukovo,8404200
75,44.0,2.0,16.0,1981.0,3.0,10.0,Ramenki,12700000
79,46.0,11.0,12.0,1993.0,3.0,8.0,Krjukovo,8000000
76,47.0,10.0,17.0,2007.0,3.0,10.0,Levoberezhnoe,2000000
70,39.0,14.0,,,,,Solncevo,13800000
42,28.0,3.0,9.0,1966.0,2.0,5.0,Ostankinskoe,9000000
36,18.0,5.0,,,,,Novo-Peredelkino,4833000
34,34.0,7.0,17.0,2015.0,1.0,10.0,Poselenie Desjonovskoe,3613360
82,82.0,3.0,,,,,Poselenie Filimonkovskoe,4819270
59,34.0,5.0,0.0,0.0,2.0,10.0,Poselenie Sosenskoe,7392810
57,41.0,7.0,9.0,1987.0,3.0,5.0,Donskoe,10400000
31,17.0,2.0,5.0,1966.0,1.0,5.0,Severnoe Tushino,5300000
32,19.0,1.0,9.0,1978.0,1.0,6.0,Otradnoe,5400000
37,19.0,5.0,16.0,1977.0,1.0,8.0,Lianozovo,1100000
61,29.0,16.0,16.0,2014.0,2.0,7.0,Poselenie Voskresenskoe,5618265
56,31.0,6.0,17.0,1988.0,2.0,10.0,Babushkinskoe,11750000
37,,3.0,17.0,,1.0,1.0,Poselenie Vnukovskoe,4511736
36,18.0,4.0,12.0,1978.0,1.0,6.0,Vostochnoe Degunino,5250000
76,44.0,3.0,12.0,2008.0,3.0,12.0,Vyhino-Zhulebino,11500000
45,28.0,2.0,5.0,1968.0,2.0,5.0,Horoshevo-Mnevniki,1000000
45,28.0,8.0,9.0,1969.0,2.0,6.0,Nagatino-Sadovniki,8250000
72,45.0,1.0,17.0,1993.0,3.0,9.0,Vostochnoe Degunino,9700000
37,19.0,1.0,14.0,1974.0,1.0,9.0,Taganskoe,7600000
64,60.0,2.0,17.0,2014.0,2.0,1.0,Mar'ina Roshha,6720000
38,19.0,15.0,17.0,2002.0,1.0,7.0,Golovinskoe,7800000
87,87.0,14.0,,,,,Poselenie Sosenskoe,6790000
79,,7.0,1.0,1.0,3.0,1.0,Tverskoe,8048950
44,29.0,7.0,9.0,1970.0,2.0,5.0,Chertanovo Central'noe,7850000
30,15.0,1.0,12.0,1978.0,1.0,7.0,Orehovo-Borisovo Juzhnoe,3000000
38,23.0,7.0,9.0,1968.0,2.0,5.0,Bogorodskoe,6900000
218,174.0,10.0,12.0,2007.0,2.0,13.0,Vojkovskoe,46191272
51,30.0,16.0,17.0,2008.0,2.0,9.0,Nagornoe,2000000
84,48.0,2.0,12.0,2013.0,3.0,1.0,Poselenie Voskresenskoe,7754600
59,42.0,5.0,9.0,1969.0,3.0,6.0,Kon'kovo,10000000
36,,1.0,17.0,1.0,1.0,1.0,Solncevo,3421600
78,52.0,6.0,12.0,1984.0,3.0,8.0,Obruchevskoe,16250000
81,44.0,14.0,17.0,2002.0,3.0,10.0,Juzhnoe Butovo,11650000
37,18.0,13.0,25.0,1990.0,1.0,8.0,Timirjazevskoe,1000000
52,51.0,4.0,17.0,2014.0,1.0,6.0,Nekrasovka,5869700
39,18.0,13.0,25.0,2001.0,1.0,9.0,Mar'ino,6550000
80,55.0,6.0,24.0,2017.0,3.0,15.0,Nagatinskij Zaton,12233960
30,15.0,1.0,,,,,Ivanovskoe,4700000
73,43.0,16.0,17.0,1993.0,3.0,10.0,Mitino,11900000
58,43.0,3.0,5.0,1961.0,3.0,5.0,Kuz'minki,7400000
61,,5.0,17.0,0.0,2.0,0.0,Nekrasovka,6190000
60,30.0,8.0,,,,,Poselenie Voskresenskoe,5090800
40,26.0,3.0,5.0,1966.0,2.0,5.0,Golovinskoe,7100000
76,42.0,11.0,18.0,2007.0,3.0,11.0,Kuncevo,16300000
39,14.0,2.0,12.0,1980.0,1.0,6.0,Otradnoe,5800000
59,33.0,5.0,17.0,1993.0,2.0,10.0,Vostochnoe Degunino,8650000
76,40.0,10.0,16.0,1996.0,3.0,11.0,Brateevo,11650000
53,34.0,5.0,9.0,1970.0,3.0,6.0,Nagatino-Sadovniki,2000000
59,44.0,7.0,9.0,1969.0,3.0,6.0,Severnoe Tushino,8000000
46,31.0,8.0,,,,,Nagatinskij Zaton,7300000
77,43.0,16.0,17.0,2011.0,3.0,12.0,Nekrasovka,7482200
50,29.0,2.0,12.0,1978.0,2.0,8.0,Taganskoe,10350000
44,28.0,8.0,,,,,Dmitrovskoe,5800000
56,,1.0,4.0,2015.0,2.0,1.0,Poselenie Sosenskoe,6657300
57,42.0,6.0,9.0,1970.0,3.0,5.0,Ivanovskoe,7600000
32,17.0,6.0,9.0,1968.0,1.0,6.0,Ochakovo-Matveevskoe,5950000
29,18.0,4.0,4.0,1961.0,1.0,5.0,Losinoostrovskoe,5000000
45,29.0,3.0,9.0,1970.0,2.0,6.0,Severnoe Tushino,3000000
35,19.0,12.0,12.0,1975.0,1.0,9.0,Severnoe Tushino,5800000
87,51.0,9.0,13.0,2014.0,3.0,9.0,Krjukovo,9166500
76,,14.0,,,,,Poselenie Sosenskoe,5844400
70,39.0,6.0,40.0,2012.0,2.0,4.0,Sokol,8070000
36,17.0,11.0,13.0,1978.0,1.0,7.0,Otradnoe,6800000
48,31.0,7.0,12.0,1968.0,2.0,8.0,Dmitrovskoe,6500000
81,81.0,12.0,17.0,2015.0,2.0,0.0,Poselenie Moskovskij,8428394
62,,3.0,17.0,,2.0,1.0,Poselenie Vnukovskoe,6478081
38,38.0,13.0,1.0,2016.0,1.0,1.0,Poselenie Vnukovskoe,4861609
35,17.0,6.0,12.0,1976.0,1.0,6.0,Bibirevo,5800000
76,45.0,7.0,17.0,1984.0,3.0,10.0,Orehovo-Borisovo Severnoe,7000000
51,51.0,15.0,15.0,,2.0,1.0,Poselenie Shherbinka,4753862
104,69.0,3.0,,,,,Timirjazevskoe,17400000
83,52.0,5.0,5.0,1955.0,3.0,7.0,Bogorodskoe,11800000
65,43.0,7.0,,,,,Basmannoe,13400000
31,19.0,4.0,5.0,1960.0,1.0,5.0,Presnenskoe,7500000
73,42.0,16.0,17.0,1987.0,3.0,10.0,Novokosino,6500000
55,37.0,2.0,9.0,1970.0,3.0,6.0,Chertanovo Central'noe,8700000
61,31.0,14.0,15.0,2006.0,2.0,12.0,Solncevo,9400000
44,28.0,7.0,9.0,1970.0,2.0,6.0,Chertanovo Central'noe,7250000
60,60.0,23.0,24.0,1.0,2.0,1.0,Poselenie Vnukovskoe,5422695
43,18.0,13.0,17.0,2013.0,1.0,8.0,Poselenie Moskovskij,3300000
46,29.0,6.0,12.0,1974.0,2.0,6.0,Otradnoe,7350000
36,33.0,10.0,12.0,1977.0,1.0,6.0,Altuf'evskoe,6075000
43,,5.0,22.0,,1.0,1.0,Tverskoe,6008204
45,30.0,1.0,5.0,1962.0,2.0,5.0,Horoshevo-Mnevniki,6700000
42,18.0,4.0,24.0,2011.0,1.0,10.0,Birjulevo Vostochnoe,6505600
59,59.0,13.0,25.0,2014.0,2.0,1.0,Poselenie Sosenskoe,6507404
37,22.0,6.0,9.0,1966.0,2.0,7.0,Juzhnoe Tushino,7300000
1,1.0,1.0,1.0,1.0,1.0,1.0,Nagornoe,15318960
90,90.0,17.0,21.0,2016.0,3.0,1.0,Levoberezhnoe,15230400
35,22.0,9.0,24.0,2017.0,1.0,8.0,Nagatinskij Zaton,5927855
106,53.0,2.0,5.0,1900.0,3.0,14.0,Basmannoe,27000000
37,25.0,7.0,12.0,1981.0,2.0,6.0,Pechatniki,1000000
74,45.0,11.0,17.0,2004.0,3.0,10.0,Juzhnoe Butovo,2000000
121,73.0,10.0,18.0,2006.0,4.0,13.0,Kurkino,23500000
53,,2.0,1.0,1.0,2.0,1.0,Poselenie Filimonkovskoe,4040250
37,18.0,9.0,,,,,Juzhnoe Medvedkovo,1000000
48,31.0,6.0,12.0,1965.0,2.0,9.0,Hovrino,6270000
52,20.0,4.0,4.0,2015.0,1.0,11.0,Poselenie Pervomajskoe,3743000
43,18.0,2.0,17.0,2013.0,1.0,11.0,Poselenie Sosenskoe,2600000
38,38.0,11.0,17.0,2014.0,1.0,1.0,Zapadnoe Degunino,4851901
71,71.0,2.0,17.0,2015.0,2.0,10.0,Poselenie Moskovskij,8232714
62,62.0,3.0,22.0,0.0,2.0,1.0,Poselenie Vnukovskoe,7680172
61,61.0,10.0,1.0,2017.0,2.0,1.0,Poselenie Sosenskoe,5361900
84,48.0,4.0,17.0,2003.0,3.0,10.0,Juzhnoe Butovo,12700000
41,19.0,12.0,12.0,1972.0,1.0,12.0,Novogireevo,7300000
39,15.0,7.0,17.0,0.0,1.0,10.0,Poselenie Vnukovskoe,4634301
50,29.0,4.0,16.0,1990.0,2.0,9.0,Troickij okrug,5700000
52,32.0,2.0,9.0,1964.0,2.0,7.0,Nizhegorodskoe,7900000
38,22.0,7.0,12.0,1966.0,1.0,6.0,Kuncevo,7800000
45,28.0,7.0,12.0,1967.0,2.0,5.0,Novogireevo,7600000
46,44.0,32.0,32.0,2006.0,1.0,1.0,Beskudnikovskoe,7900000
35,19.0,4.0,12.0,1967.0,1.0,9.0,Izmajlovo,6400000
60,43.0,9.0,9.0,1978.0,3.0,6.0,Jasenevo,4000000
60,33.0,13.0,16.0,2003.0,2.0,11.0,Juzhnoe Butovo,8800000
44,27.0,6.0,9.0,1976.0,2.0,6.0,Birjulevo Vostochnoe,5000000
45,1.0,7.0,1.0,2015.0,1.0,1.0,Pokrovskoe Streshnevo,9942600
57,37.0,7.0,9.0,1975.0,3.0,5.0,Otradnoe,8400000
81,55.0,7.0,8.0,1956.0,3.0,8.0,Lomonosovskoe,18000000
37,19.0,7.0,,,,,Severnoe,5300000
37,19.0,14.0,,,,,Nagatino-Sadovniki,6000000
12,8.0,1.0,5.0,1965.0,1.0,0.0,Gol'janovo,2590000
99,99.0,8.0,0.0,0.0,3.0,0.0,Poselenie Pervomajskoe,6668658
59,34.0,13.0,17.0,1990.0,2.0,10.0,Juzhnoportovoe,11300000
48,34.0,8.0,9.0,1979.0,2.0,6.0,Solncevo,4000000
60,34.0,11.0,22.0,2006.0,2.0,10.0,Kosino-Uhtomskoe,8800000
30,17.0,3.0,5.0,1960.0,1.0,5.0,Perovo,2000000
52,30.0,12.0,17.0,2011.0,2.0,9.0,Poselenie Moskovskij,3572000
38,19.0,7.0,,,,,Fili Davydkovo,7400000
48,1.0,5.0,1.0,2015.0,1.0,1.0,Zapadnoe Degunino,3411777
51,29.0,3.0,14.0,1987.0,3.0,8.0,Novokosino,7500000
73,41.0,4.0,9.0,1989.0,3.0,8.0,Horoshevo-Mnevniki,12800000
79,42.0,5.0,,,,,Pokrovskoe Streshnevo,15500000
146,83.0,7.0,17.0,2013.0,3.0,18.0,Ramenki,27161100
64,34.0,10.0,17.0,2013.0,2.0,12.0,Nekrasovka,5610000
43,43.0,18.0,24.0,0.0,1.0,0.0,Poselenie Vnukovskoe,5491831
115,72.0,12.0,17.0,1990.0,4.0,12.0,Taganskoe,24500000
44,,2.0,17.0,2014.0,1.0,1.0,Tverskoe,4559207
30,18.0,1.0,5.0,1966.0,1.0,6.0,Golovinskoe,3000000
43,21.0,11.0,12.0,1975.0,1.0,8.0,Staroe Krjukovo,4900000
58,39.0,9.0,,,,,Preobrazhenskoe,8600000
95,57.0,2.0,8.0,2009.0,4.0,9.0,Zamoskvorech'e,28000000
57,33.0,7.0,22.0,1984.0,2.0,9.0,Bibirevo,9350000
55,36.0,5.0,5.0,1963.0,3.0,5.0,Zjuzino,7900000
38,38.0,6.0,20.0,2015.0,1.0,10.0,Poselenie Desjonovskoe,3981457
67,45.0,6.0,12.0,1971.0,3.0,8.0,Matushkino,8450000
40,20.0,3.0,12.0,2003.0,1.0,8.0,Juzhnoe Butovo,5900000
54,30.0,9.0,12.0,1980.0,2.0,8.0,Kuncevo,10450000
71,38.0,36.0,48.0,2010.0,2.0,5.0,Jakimanka,18700000
30,18.0,1.0,5.0,1963.0,1.0,5.0,Dmitrovskoe,5050000
39,39.0,12.0,17.0,1.0,1.0,1.0,Poselenie Moskovskij,4031132
43,27.0,1.0,5.0,1960.0,2.0,5.0,Preobrazhenskoe,5950000
118,87.0,28.0,30.0,2003.0,1.0,18.0,Shhukino,40200000
55,37.0,4.0,5.0,1963.0,3.0,5.0,Koptevo,7150000
37,18.0,12.0,16.0,1979.0,1.0,8.0,Strogino,6900000
37,,2.0,17.0,,1.0,1.0,Nekrasovka,4022056
45,27.0,3.0,9.0,1968.0,2.0,6.0,Vyhino-Zhulebino,6300000
56,31.0,7.0,10.0,1955.0,2.0,7.0,Vojkovskoe,11550000
51,30.0,3.0,17.0,1985.0,2.0,8.0,Ramenki,11400000
51,30.0,11.0,17.0,1983.0,2.0,8.0,Birjulevo Vostochnoe,1000000
53,29.0,18.0,22.0,1984.0,2.0,8.0,Chertanovo Severnoe,8650000
58,43.0,6.0,9.0,1968.0,3.0,5.0,Vyhino-Zhulebino,8050000
61,31.0,21.0,25.0,2013.0,2.0,8.0,Golovinskoe,2000000
64,,10.0,10.0,2014.0,2.0,1.0,Poselenie Voskresenskoe,6769315
38,19.0,16.0,16.0,1979.0,1.0,8.0,Lianozovo,6500000
42,26.0,2.0,9.0,1965.0,2.0,5.0,Danilovskoe,7900000
32,20.0,5.0,5.0,1964.0,1.0,5.0,Zjuzino,1000000
31,18.0,2.0,5.0,1963.0,1.0,5.0,Metrogorodok,4650000
37,19.0,5.0,15.0,1999.0,1.0,7.0,Brateevo,6800000
33,17.0,2.0,12.0,1966.0,1.0,9.0,Kuz'minki,5700000
33,18.0,12.0,12.0,1974.0,1.0,7.0,Pechatniki,5200000
80,80.0,7.0,17.0,2014.0,3.0,1.0,Mar'ino,9601000
38,23.0,12.0,12.0,1966.0,2.0,6.0,Beskudnikovskoe,2000000
77,49.0,10.0,16.0,2000.0,3.0,10.0,Mar'ino,11800000
36,19.0,4.0,,,,,Moskvorech'e-Saburovo,5700000
25,15.0,4.0,5.0,1966.0,1.0,3.0,Caricyno,4600000
46,29.0,4.0,5.0,1966.0,2.0,5.0,Perovo,6500000
42,42.0,7.0,17.0,2015.0,1.0,10.0,Poselenie Sosenskoe,3954020
58,33.0,2.0,14.0,2003.0,2.0,10.0,Beskudnikovskoe,10000000
49,34.0,8.0,9.0,1969.0,3.0,5.0,Matushkino,5700000
39,23.0,10.0,12.0,1969.0,2.0,6.0,Novogireevo,2000000
36,17.0,11.0,25.0,1982.0,1.0,8.0,Tverskoe,6800000
38,,14.0,17.0,,1.0,1.0,Poselenie Vnukovskoe,5509240
42,19.0,4.0,5.0,1965.0,2.0,5.0,Bogorodskoe,6650000
99,,12.0,1.0,2015.0,4.0,1.0,Sviblovo,21956142
32,20.0,5.0,5.0,1961.0,1.0,5.0,Kuz'minki,4000000
57,37.0,3.0,9.0,1971.0,3.0,5.0,Pokrovskoe Streshnevo,9100000
57,36.0,3.0,10.0,1960.0,2.0,9.0,Lomonosovskoe,9532289
100,100.0,20.0,1.0,1.0,2.0,1.0,Obruchevskoe,20272106
60,34.0,8.0,17.0,1995.0,2.0,10.0,Novokosino,8600000
42,42.0,6.0,12.0,2017.0,1.0,1.0,Poselenie Sosenskoe,4611750
58,44.0,3.0,,,,,Timirjazevskoe,9400000
68,46.0,15.0,16.0,1979.0,3.0,7.0,Alekseevskoe,13400000
59,,8.0,0.0,0.0,2.0,0.0,Poselenie Sosenskoe,6495540
72,43.0,13.0,17.0,2010.0,3.0,9.0,Levoberezhnoe,12700000
79,40.0,7.0,8.0,1957.0,3.0,10.0,Lomonosovskoe,18500000
39,20.0,1.0,12.0,1982.0,1.0,8.0,Preobrazhenskoe,6200000
45,23.0,4.0,5.0,1966.0,2.0,5.0,Gol'janovo,6000000
34,20.0,7.0,9.0,1967.0,2.0,6.0,Pokrovskoe Streshnevo,1000000
167,,26.0,,,,,Obruchevskoe,18477800
30,18.0,6.0,9.0,1975.0,1.0,5.0,Bogorodskoe,5500000
38,19.0,5.0,16.0,2008.0,1.0,8.0,Zapadnoe Degunino,5850000
41,27.0,3.0,5.0,1966.0,2.0,5.0,Mozhajskoe,6300000
52,22.0,3.0,22.0,2012.0,1.0,14.0,Birjulevo Vostochnoe,4641840
87,87.0,2.0,17.0,2015.0,3.0,0.0,Poselenie Sosenskoe,7016472
55,38.0,3.0,24.0,2017.0,2.0,10.0,Nagatinskij Zaton,8806576
78,43.0,18.0,22.0,2009.0,3.0,10.0,Otradnoe,4704000
37,19.0,7.0,17.0,1990.0,1.0,8.0,Severnoe Butovo,6600000
45,18.0,5.0,5.0,1957.0,1.0,8.0,Pokrovskoe Streshnevo,6700000
42,29.0,5.0,5.0,1960.0,2.0,5.0,Sokolinaja Gora,6200000
48,31.0,12.0,14.0,1970.0,2.0,8.0,Horoshevo-Mnevniki,1000000
42,27.0,5.0,5.0,1962.0,2.0,5.0,Lefortovo,5800000
36,19.0,5.0,9.0,1973.0,1.0,5.0,Bogorodskoe,5300000
39,20.0,5.0,12.0,1983.0,1.0,8.0,Mar'ina Roshha,8000000
38,18.0,14.0,15.0,1969.0,1.0,9.0,Timirjazevskoe,1100000
75,,9.0,,,,,Severnoe Tushino,13975500
34,21.0,7.0,9.0,1987.0,1.0,6.0,Orehovo-Borisovo Severnoe,6400000
45,30.0,2.0,5.0,1960.0,2.0,5.0,Butyrskoe,5600000
32,18.0,5.0,9.0,1972.0,1.0,5.0,Veshnjaki,5150000
59,44.0,6.0,9.0,1974.0,3.0,5.0,Nagatino-Sadovniki,3000000
46,27.0,1.0,9.0,1972.0,2.0,6.0,Teplyj Stan,7150000
60,33.0,8.0,14.0,2008.0,2.0,11.0,Juzhnoe Butovo,7500000
44,29.0,4.0,9.0,1969.0,2.0,6.0,Ivanovskoe,2000000
38,19.0,3.0,14.0,1995.0,1.0,9.0,Severnoe Izmajlovo,6225000
31,17.0,9.0,9.0,1966.0,1.0,8.0,Savelki,4950000
37,,5.0,,,,,Nekrasovka,3752736
38,19.0,6.0,17.0,1996.0,1.0,8.0,Mitino,6200000
42,25.0,2.0,5.0,1963.0,2.0,6.0,Sokolinaja Gora,6400000
39,20.0,4.0,17.0,1986.0,1.0,8.0,Brateevo,2000000
59,34.0,14.0,17.0,1990.0,2.0,10.0,Pechatniki,9000000
38,19.0,4.0,16.0,1994.0,1.0,10.0,Ramenki,7875000
38,19.0,11.0,17.0,1989.0,1.0,8.0,Novo-Peredelkino,6000000
56,42.0,8.0,9.0,1971.0,3.0,5.0,Ivanovskoe,7200000
43,26.0,5.0,,,,,Gol'janovo,1100000
58,32.0,8.0,14.0,1996.0,2.0,10.0,Mar'ino,9500000
38,19.0,15.0,,,,,Bibirevo,6200000
53,30.0,10.0,12.0,1982.0,2.0,8.0,Nagatinskij Zaton,8700000
54,32.0,10.0,16.0,1978.0,2.0,9.0,Jasenevo,8850000
34,34.0,2.0,1.0,2014.0,1.0,1.0,Poselenie Novofedorovskoe,1757400
74,51.0,8.0,9.0,1954.0,3.0,8.0,Tverskoe,20250000
29,14.0,8.0,12.0,1975.0,1.0,7.0,Orehovo-Borisovo Juzhnoe,5200000
49,32.0,11.0,14.0,1970.0,2.0,8.0,Horoshevo-Mnevniki,1000000
72,43.0,3.0,10.0,1999.0,3.0,10.0,Juzhnoe Butovo,8600000
76,45.0,14.0,,,,,Mozhajskoe,12100000
58,38.0,5.0,9.0,1968.0,3.0,5.0,Ivanovskoe,7800000
41,18.0,12.0,15.0,2013.0,1.0,9.0,Novogireevo,5700336
87,,14.0,,,,,Poselenie Sosenskoe,6627200
82,46.0,6.0,9.0,2003.0,3.0,10.0,Mitino,12500000
37,19.0,7.0,16.0,1981.0,1.0,8.0,Kotlovka,8285000
65,43.0,5.0,16.0,1978.0,3.0,9.0,Ostankinskoe,12500000
38,19.0,8.0,15.0,1989.0,1.0,11.0,Rjazanskij,7000000
45,18.0,8.0,1.0,2014.0,1.0,1.0,Poselenie Voskresenskoe,4309670
31,19.0,3.0,5.0,1960.0,1.0,5.0,Dmitrovskoe,4800000
79,46.0,9.0,17.0,2006.0,3.0,12.0,Matushkino,2000000
64,34.0,15.0,18.0,2005.0,2.0,11.0,Severnoe Butovo,13750000
42,27.0,2.0,5.0,1968.0,2.0,5.0,Vyhino-Zhulebino,6600000
40,20.0,14.0,14.0,1985.0,1.0,8.0,Brateevo,6000000
53,32.0,1.0,16.0,1976.0,2.0,9.0,Jasenevo,7650000
61,,9.0,0.0,0.0,2.0,0.0,Mitino,10363599
36,21.0,3.0,9.0,1979.0,1.0,6.0,Otradnoe,6400000
144,92.0,4.0,22.0,1987.0,4.0,12.0,Horoshevo-Mnevniki,4398000
88,44.0,11.0,24.0,1998.0,2.0,11.0,Kuz'minki,20500000
58,34.0,1.0,16.0,1975.0,3.0,7.0,Golovinskoe,9140000
34,19.0,4.0,6.0,1960.0,1.0,6.0,Severnoe Izmajlovo,6300000
58,30.0,6.0,16.0,2004.0,2.0,10.0,Severnoe Tushino,11300000
42,1.0,10.0,12.0,2015.0,1.0,1.0,Poselenie Sosenskoe,4594590
39,21.0,7.0,12.0,1978.0,1.0,8.0,Gol'janovo,5900000
39,19.0,3.0,17.0,1993.0,1.0,8.0,Krjukovo,5000050
68,68.0,5.0,1.0,2014.0,2.0,1.0,Poselenie Sosenskoe,6777857
57,40.0,5.0,5.0,1964.0,3.0,5.0,Ajeroport,10275000
28,,4.0,17.0,2015.0,1.0,1.0,Tverskoe,2543433
38,21.0,3.0,12.0,1965.0,2.0,7.0,Zjuzino,6500000
30,18.0,8.0,9.0,1966.0,1.0,5.0,Lomonosovskoe,6500000
43,29.0,1.0,5.0,1961.0,2.0,5.0,Presnenskoe,2300000
43,43.0,17.0,0.0,2015.0,1.0,0.0,Poselenie Voskresenskoe,4966620
68,44.0,2.0,,,,,Sokolinaja Gora,12500000
67,67.0,3.0,3.0,0.0,3.0,0.0,Poselenie Novofedorovskoe,3561990
37,18.0,4.0,,,,,Nekrasovka,331464
46,30.0,4.0,9.0,1962.0,2.0,5.0,Prospekt Vernadskogo,7900000
38,19.0,7.0,14.0,2005.0,1.0,7.0,Kosino-Uhtomskoe,5300000
37,37.0,1.0,19.0,2016.0,1.0,1.0,Poselenie Shherbinka,2931354
38,19.0,17.0,17.0,1990.0,1.0,8.0,Ljublino,6400000
29,16.0,3.0,5.0,1972.0,1.0,6.0,Poselenie Shherbinka,3950000
39,23.0,9.0,12.0,1967.0,2.0,6.0,Novogireevo,6950000
79,45.0,2.0,17.0,2013.0,3.0,12.0,Gol'janovo,1000000
84,52.0,5.0,14.0,2017.0,3.0,11.0,Poselenie Sosenskoe,6554280
42,18.0,10.0,17.0,2016.0,1.0,11.0,Poselenie Sosenskoe,4251390
44,29.0,3.0,5.0,1962.0,2.0,5.0,Metrogorodok,6400000
31,21.0,2.0,9.0,1960.0,1.0,5.0,Sviblovo,5800000
37,19.0,10.0,16.0,1979.0,1.0,9.0,Vyhino-Zhulebino,5800000
82,,18.0,0.0,0.0,3.0,0.0,Mitino,11214102
39,18.0,8.0,17.0,2013.0,1.0,7.0,Poselenie Vnukovskoe,3540000
45,,14.0,1.0,1.0,1.0,1.0,Ramenki,7782600
51,29.0,2.0,25.0,2003.0,2.0,11.0,Butyrskoe,10650000
54,30.0,13.0,17.0,2000.0,2.0,7.0,Birjulevo Zapadnoe,6900000
61,34.0,2.0,3.0,1949.0,2.0,9.0,Vojkovskoe,10700000
100,95.0,8.0,25.0,2016.0,4.0,10.0,Mitino,14534062
153,94.0,14.0,23.0,2007.0,4.0,14.0,Fili Davydkovo,37200000
57,57.0,5.0,9.0,1970.0,3.0,5.0,Chertanovo Central'noe,1000000
75,43.0,3.0,17.0,1984.0,3.0,10.0,Krylatskoe,17500000
135,105.0,9.0,30.0,2012.0,1.0,16.0,Juzhnoportovoe,29500000
111,68.0,12.0,17.0,1999.0,4.0,12.0,Kuncevo,24000000
74,50.0,4.0,5.0,1958.0,3.0,8.0,Sokolinaja Gora,12300000
42,30.0,1.0,5.0,1961.0,2.0,6.0,Losinoostrovskoe,4000000
75,46.0,1.0,17.0,1999.0,3.0,10.0,Lomonosovskoe,14600000
38,,15.0,,,,,Tverskoe,3235985
51,51.0,5.0,17.0,2015.0,2.0,10.0,Poselenie Vnukovskoe,7035342
80,1.0,15.0,18.0,2013.0,2.0,1.0,Prospekt Vernadskogo,13480320
38,19.0,11.0,19.0,1998.0,1.0,8.0,Mar'ino,6300000
76,45.0,4.0,17.0,1988.0,3.0,10.0,Filevskij Park,18000000
47,32.0,14.0,,,,,Caricyno,6500000
80,,6.0,17.0,2014.0,2.0,1.0,Tverskoe,13587600
88,,10.0,1.0,2015.0,3.0,1.0,Danilovskoe,22617538
48,30.0,10.0,12.0,1978.0,2.0,7.0,Troickij okrug,5950000
35,22.0,7.0,12.0,1973.0,1.0,7.0,Vyhino-Zhulebino,5300000
29,12.0,3.0,5.0,1969.0,1.0,5.0,Kon'kovo,5900000
37,37.0,8.0,15.0,2016.0,1.0,10.0,Poselenie Shherbinka,3674840
35,19.0,5.0,12.0,1973.0,1.0,7.0,Veshnjaki,5400000
48,45.0,18.0,25.0,2015.0,2.0,1.0,Mitino,9217342
37,18.0,2.0,3.0,2013.0,1.0,7.0,Poselenie Desjonovskoe,4542890
44,27.0,8.0,9.0,1971.0,2.0,5.0,Veshnjaki,5900000
97,57.0,9.0,9.0,2016.0,3.0,10.0,Levoberezhnoe,15404915
79,,7.0,7.0,2013.0,3.0,1.0,Nagornoe,12776484
89,,20.0,0.0,,3.0,0.0,Chertanovo Juzhnoe,15276375
53,53.0,4.0,17.0,2014.0,2.0,1.0,Poselenie Filimonkovskoe,4040250
40,,13.0,17.0,,1.0,1.0,Poselenie Moskovskij,3671960
40,20.0,3.0,14.0,1990.0,1.0,8.0,Rjazanskij,5900000
37,19.0,16.0,16.0,1981.0,1.0,9.0,Danilovskoe,8350000
58,42.0,5.0,9.0,1973.0,3.0,6.0,Chertanovo Central'noe,8300000
36,19.0,14.0,17.0,1.0,1.0,7.0,Mar'ino,7150000
30,16.0,2.0,5.0,1966.0,1.0,5.0,Golovinskoe,5300000
42,26.0,3.0,5.0,1960.0,2.0,5.0,Ajeroport,7700000
166,,12.0,,,,,Gagarinskoe,21742504
80,47.0,10.0,15.0,1997.0,3.0,8.0,Krjukovo,10500000
45,29.0,7.0,9.0,1975.0,2.0,6.0,Vyhino-Zhulebino,6800000
44,,5.0,16.0,2014.0,1.0,1.0,Poselenie Vnukovskoe,5969082
37,19.0,4.0,1.0,2015.0,1.0,1.0,Poselenie Filimonkovskoe,2473800
42,20.0,7.0,12.0,1978.0,1.0,8.0,Gol'janovo,6200000
47,29.0,1.0,12.0,1981.0,2.0,6.0,Ljublino,6900000
45,30.0,3.0,5.0,1962.0,2.0,5.0,Prospekt Vernadskogo,7700000
134,70.0,4.0,4.0,2015.0,3.0,12.0,Poselenie Rogovskoe,5867855
43,40.0,12.0,17.0,2013.0,1.0,1.0,Mitino,6933081
38,18.0,2.0,17.0,2007.0,1.0,7.0,Solncevo,6100000
42,19.0,9.0,10.0,2008.0,1.0,8.0,Juzhnoe Butovo,5400000
95,85.0,2.0,13.0,2012.0,1.0,0.0,Troickij okrug,6900000
44,29.0,2.0,5.0,1960.0,2.0,6.0,Izmajlovo,7000000
36,19.0,4.0,17.0,1998.0,1.0,7.0,Mar'ino,6500000
30,30.0,16.0,1.0,2015.0,1.0,1.0,Mitino,5015000
74,50.0,7.0,10.0,1952.0,3.0,7.0,Danilovskoe,13500000
49,24.0,15.0,17.0,2011.0,1.0,12.0,Poselenie Kokoshkino,1000000
64,1.0,15.0,17.0,1.0,2.0,1.0,Nekrasovka,6592000
95,95.0,10.0,10.0,2016.0,3.0,1.0,Poselenie Sosenskoe,9326805
40,,5.0,12.0,,2.0,0.0,Poselenie Filimonkovskoe,4301400
59,34.0,5.0,10.0,1994.0,2.0,10.0,Juzhnoe Butovo,9000000
42,20.0,11.0,25.0,2013.0,1.0,10.0,Poselenie Moskovskij,4622400
25,13.0,7.0,9.0,1973.0,1.0,5.0,Teplyj Stan,5300000
76,,4.0,4.0,2014.0,2.0,1.0,Poselenie Sosenskoe,6259200
98,20.0,4.0,5.0,1956.0,4.0,9.0,Savelovskoe,2900000
55,39.0,8.0,,,,,Danilovskoe,7700000
79,49.0,6.0,15.0,1973.0,3.0,7.0,Timirjazevskoe,15400000
31,19.0,1.0,4.0,1960.0,1.0,5.0,Horoshevo-Mnevniki,5000000
31,18.0,2.0,5.0,1963.0,1.0,5.0,Sokol'niki,6500000
51,30.0,9.0,12.0,1979.0,2.0,9.0,Juzhnoe Medvedkovo,8700000
37,19.0,13.0,17.0,2009.0,1.0,6.0,Juzhnoe Butovo,4600000
79,55.0,4.0,5.0,1958.0,3.0,7.0,Gol'janovo,9300000
71,51.0,1.0,5.0,1960.0,3.0,8.0,Novogireevo,9300000
32,18.0,6.0,9.0,1974.0,1.0,6.0,Bibirevo,5950000
58,40.0,3.0,9.0,1968.0,3.0,6.0,Jakimanka,10450000
30,30.0,3.0,22.0,2015.0,1.0,10.0,Mitino,5045000
45,30.0,5.0,,,,,Cheremushki,6700000
38,24.0,6.0,12.0,1970.0,2.0,6.0,Novogireevo,3000000
38,19.0,16.0,16.0,1976.0,1.0,9.0,Bogorodskoe,1200000
64,,4.0,17.0,,2.0,1.0,Nekrasovka,6272000
38,19.0,13.0,17.0,1999.0,1.0,8.0,Koptevo,7000000
39,23.0,4.0,12.0,1970.0,2.0,6.0,Caricyno,5500000
46,29.0,4.0,14.0,1971.0,2.0,6.0,Matushkino,5400000
37,19.0,10.0,17.0,1998.0,1.0,7.0,Mar'ino,1100000
42,19.0,3.0,14.0,2007.0,1.0,8.0,Nagatinskij Zaton,2000000
31,20.0,5.0,5.0,1962.0,1.0,5.0,Nagatino-Sadovniki,5200000
41,28.0,2.0,5.0,1961.0,2.0,6.0,Novogireevo,6200000
61,,10.0,10.0,2014.0,2.0,1.0,Krjukovo,6741000
67,41.0,5.0,5.0,1958.0,2.0,6.0,Horoshevskoe,10100000
50,30.0,6.0,17.0,1994.0,2.0,8.0,Mitino,9000000
85,82.0,9.0,25.0,2016.0,3.0,1.0,Mitino,11516186
73,43.0,13.0,17.0,1992.0,3.0,10.0,Mitino,10400000
92,48.0,2.0,25.0,2010.0,2.0,15.0,Poselenie Moskovskij,5360000
33,13.0,11.0,25.0,2013.0,1.0,12.0,Poselenie Sosenskoe,4850000
73,44.0,14.0,17.0,1985.0,3.0,10.0,Ramenki,15950000
79,45.0,4.0,17.0,2012.0,3.0,12.0,Nekrasovka,7936985
53,32.0,12.0,17.0,1998.0,2.0,9.0,Donskoe,8400000
44,28.0,4.0,,,,,Losinoostrovskoe,5800000
50,33.0,7.0,12.0,1977.0,2.0,6.0,Pechatniki,6900000
59,45.0,3.0,5.0,1963.0,3.0,5.0,Perovo,8100000
51,33.0,2.0,9.0,1972.0,3.0,5.0,Veshnjaki,7200000
52,,7.0,9.0,,1.0,1.0,Zapadnoe Degunino,3940000
38,19.0,4.0,17.0,2013.0,1.0,7.0,Nekrasovka,3640798
40,18.0,16.0,16.0,2013.0,1.0,8.0,Poselenie Voskresenskoe,3565625
76,51.0,2.0,9.0,1960.0,3.0,7.0,Begovoe,16500000
102,102.0,22.0,25.0,,3.0,1.0,Poselenie Moskovskij,8763348
99,48.0,20.0,37.0,2011.0,3.0,20.0,Izmajlovo,4267000
46,30.0,9.0,14.0,1974.0,2.0,8.0,Vostochnoe Degunino,7200000
40,26.0,6.0,9.0,1965.0,2.0,5.0,Lomonosovskoe,8350000
74,74.0,4.0,1.0,2014.0,3.0,1.0,Krjukovo,8295000
44,27.0,3.0,12.0,1971.0,2.0,6.0,Bogorodskoe,2000000
42,41.0,21.0,1.0,2015.0,1.0,1.0,Losinoostrovskoe,7497000
59,42.0,9.0,9.0,1971.0,1.0,6.0,Kon'kovo,2000000
44,28.0,9.0,9.0,1969.0,2.0,5.0,Babushkinskoe,8100000
37,19.0,4.0,,,,,Strogino,6750000
54,31.0,6.0,16.0,1982.0,2.0,8.0,Juzhnoe Medvedkovo,9000000
32,32.0,3.0,4.0,0.0,1.0,0.0,Veshnjaki,2687995
51,51.0,3.0,17.0,2014.0,1.0,10.0,Poselenie Sosenskoe,4674114
36,20.0,5.0,12.0,1964.0,1.0,10.0,Cheremushki,6800000
59,41.0,4.0,5.0,1968.0,3.0,5.0,Ochakovo-Matveevskoe,9250000
41,18.0,7.0,14.0,1976.0,1.0,12.0,Begovoe,12800000
63,40.0,9.0,25.0,2014.0,2.0,10.0,Nekrasovka,6581700
60,34.0,7.0,17.0,1995.0,2.0,10.0,Brateevo,8500000
40,22.0,1.0,,,,,Danilovskoe,3000000
67,40.0,6.0,16.0,2017.0,2.0,10.0,Poselenie Novofedorovskoe,3556990
56,32.0,10.0,17.0,2003.0,2.0,8.0,Tverskoe,22000000
110,110.0,1.0,3.0,2014.0,4.0,0.0,Poselenie Filimonkovskoe,8456723
58,33.0,8.0,22.0,1994.0,2.0,10.0,Krjukovo,7100000
33,17.0,1.0,5.0,1951.0,1.0,7.0,Tekstil'shhiki,5500000
43,26.0,3.0,5.0,1965.0,2.0,5.0,Caricyno,6300000
43,28.0,9.0,9.0,1969.0,2.0,6.0,Pechatniki,6310000
52,30.0,16.0,17.0,1983.0,2.0,8.0,Birjulevo Vostochnoe,6900000
38,19.0,2.0,16.0,1977.0,1.0,9.0,Horoshevskoe,7400000
38,17.0,4.0,9.0,1970.0,1.0,10.0,Pechatniki,5825000
53,34.0,13.0,17.0,1973.0,2.0,7.0,Nagatino-Sadovniki,10500000
44,28.0,4.0,9.0,1967.0,2.0,6.0,Severnoe Tushino,7200000
45,27.0,1.0,12.0,1984.0,2.0,6.0,Golovinskoe,8000000
64,,13.0,17.0,0.0,2.0,1.0,Solncevo,6418251
59,34.0,10.0,16.0,1983.0,2.0,10.0,Zjuzino,10500000
129,84.0,18.0,18.0,2013.0,3.0,6.0,Begovoe,33750000
73,44.0,11.0,16.0,1975.0,3.0,10.0,Orehovo-Borisovo Juzhnoe,10700000
57,34.0,4.0,5.0,1958.0,2.0,7.0,Krasnosel'skoe,10000000
63,63.0,2.0,17.0,0.0,2.0,0.0,Solncevo,5590675
50,28.0,2.0,5.0,1952.0,2.0,7.0,Tekstil'shhiki,8250000
36,,3.0,,,,,Poselenie Shherbinka,3055936
44,40.0,19.0,,,,,Beskudnikovskoe,6900000
35,17.0,7.0,22.0,1983.0,1.0,9.0,Nagatinskij Zaton,4500000
96,63.0,3.0,,,,,Juzhnoe Butovo,12700000
45,27.0,7.0,12.0,1970.0,2.0,5.0,Solncevo,6600000
78,77.0,3.0,18.0,2016.0,3.0,1.0,Nagatinskij Zaton,11822340
81,43.0,2.0,22.0,2001.0,3.0,10.0,Moskvorech'e-Saburovo,1000000
39,20.0,8.0,9.0,1979.0,1.0,7.0,Novogireevo,5600000
89,89.0,5.0,17.0,2014.0,3.0,13.0,Poselenie Sosenskoe,7170790
65,,4.0,24.0,2015.0,2.0,10.0,Poselenie Vnukovskoe,7558932
45,,17.0,25.0,2013.0,3.0,0.0,Poselenie Sosenskoe,4686500
38,19.0,10.0,,,,,Novokosino,5900000
89,47.0,9.0,17.0,2012.0,3.0,10.0,Troickij okrug,4474500
32,17.0,6.0,9.0,1960.0,1.0,7.0,Chertanovo Severnoe,5900000
54,31.0,1.0,4.0,1958.0,2.0,7.0,Golovinskoe,6600000
73,45.0,3.0,9.0,2007.0,3.0,9.0,Matushkino,10000000
138,138.0,1.0,,,,,Poselenie Pervomajskoe,5798496
93,,2.0,1.0,,3.0,1.0,Mitino,12549923
54,32.0,17.0,17.0,1999.0,2.0,9.0,Mar'ino,8500000
31,20.0,1.0,5.0,1962.0,1.0,5.0,Koptevo,5075000
59,58.0,13.0,24.0,2015.0,2.0,10.0,Nagornoe,13182004
79,75.0,2.0,17.0,2014.0,3.0,1.0,Nekrasovka,7761600
60,34.0,16.0,17.0,1998.0,2.0,10.0,Kuz'minki,10200000
50,33.0,6.0,9.0,1975.0,3.0,5.0,Orehovo-Borisovo Severnoe,7900000
45,26.0,1.0,9.0,1972.0,2.0,6.0,Jaroslavskoe,5700000
46,30.0,2.0,5.0,1961.0,2.0,5.0,Vostochnoe Izmajlovo,6800000
58,38.0,7.0,9.0,1975.0,3.0,5.0,Otradnoe,8600000
45,30.0,4.0,5.0,1962.0,2.0,5.0,Kotlovka,7450000
46,28.0,4.0,8.0,1960.0,2.0,7.0,Donskoe,11700000
38,19.0,9.0,17.0,1992.0,1.0,7.0,Vyhino-Zhulebino,6200000
45,26.0,3.0,9.0,1975.0,2.0,5.0,Orehovo-Borisovo Severnoe,7600000
41,16.0,1.0,4.0,2015.0,1.0,11.0,Poselenie Pervomajskoe,3843960
43,28.0,2.0,5.0,1964.0,2.0,5.0,Bogorodskoe,6700000
43,27.0,4.0,5.0,1966.0,2.0,5.0,Golovinskoe,7600000
33,19.0,8.0,9.0,1969.0,1.0,6.0,Gol'janovo,4970000
77,,19.0,19.0,2014.0,2.0,1.0,Tverskoe,5875208
58,58.0,2.0,17.0,2013.0,2.0,1.0,Nekrasovka,5950868
62,38.0,7.0,9.0,1975.0,3.0,8.0,Orehovo-Borisovo Juzhnoe,4500000
58,31.0,12.0,14.0,1993.0,2.0,10.0,Krjukovo,7700000
34,22.0,1.0,9.0,1964.0,2.0,6.0,Filevskij Park,5500000
37,22.0,6.0,24.0,2017.0,1.0,8.0,Nagatinskij Zaton,6204549
104,64.0,2.0,1.0,2013.0,4.0,1.0,Poselenie Voskresenskoe,9530900
66,42.0,3.0,5.0,1954.0,2.0,9.0,Rostokino,12000000
100,100.0,3.0,0.0,0.0,3.0,0.0,Prospekt Vernadskogo,17044200
49,34.0,3.0,9.0,1974.0,3.0,5.0,Horoshevo-Mnevniki,8200000
48,,8.0,,,,,Tekstil'shhiki,7032280
81,44.0,3.0,17.0,1995.0,3.0,10.0,Mar'ino,12450000
67,46.0,6.0,16.0,1978.0,3.0,7.0,Juzhnoe Medvedkovo,2000000
84,51.0,14.0,17.0,2005.0,3.0,10.0,Beskudnikovskoe,12400000
63,39.0,5.0,9.0,1970.0,3.0,8.0,Gol'janovo,1000000
37,19.0,5.0,5.0,1959.0,1.0,8.0,Timirjazevskoe,5900000
78,,5.0,19.0,2016.0,3.0,1.0,Nagatinskij Zaton,12229835
38,16.0,1.0,8.0,1958.0,1.0,7.0,Akademicheskoe,7600000
33,20.0,4.0,5.0,1970.0,1.0,5.0,Horoshevo-Mnevniki,2000000
51,30.0,5.0,14.0,1993.0,2.0,8.0,Krjukovo,6800000
51,31.0,9.0,17.0,1992.0,2.0,8.0,Mitino,8100000
30,18.0,1.0,5.0,1965.0,1.0,5.0,Bogorodskoe,2000000
38,38.0,1.0,5.0,0.0,3.0,0.0,Tverskoe,5132545
39,39.0,25.0,25.0,2014.0,1.0,1.0,Nagornoe,8749320
29,18.0,1.0,9.0,1969.0,1.0,5.0,Danilovskoe,6800000
44,27.0,9.0,9.0,1976.0,2.0,6.0,Zjablikovo,6300000
41,41.0,17.0,17.0,0.0,1.0,1.0,Poselenie Moskovskij,4447224
82,,5.0,,,,,Poselenie Sosenskoe,6000716
44,28.0,5.0,9.0,1978.0,2.0,6.0,Jasenevo,7150000
31,18.0,5.0,5.0,1963.0,1.0,5.0,Zjuzino,2000000
75,45.0,17.0,17.0,1985.0,3.0,10.0,Mar'ino,11450000
53,32.0,2.0,8.0,1956.0,2.0,8.0,Juzhnoportovoe,11000000
77,46.0,13.0,17.0,1990.0,3.0,10.0,Juzhnoportovoe,13700000
44,27.0,9.0,9.0,1969.0,2.0,6.0,Severnoe Medvedkovo,6800000
84,84.0,11.0,15.0,2017.0,3.0,1.0,Poselenie Sosenskoe,6749550
56,38.0,3.0,9.0,1971.0,3.0,5.0,Veshnjaki,8100000
61,60.0,3.0,16.0,2003.0,2.0,11.0,Birjulevo Vostochnoe,8000000
77,1.0,3.0,1.0,2015.0,2.0,1.0,Poselenie Vnukovskoe,8192135
44,17.0,8.0,9.0,2015.0,1.0,10.0,Poselenie Sosenskoe,4953375
33,19.0,8.0,9.0,1973.0,1.0,6.0,Pechatniki,4950000
54,52.0,1.0,15.0,1970.0,2.0,8.0,Caricyno,9350000
39,21.0,3.0,14.0,1992.0,1.0,8.0,Novo-Peredelkino,3000000
32,20.0,3.0,5.0,1964.0,1.0,5.0,Perovo,2500000
38,19.0,10.0,17.0,2006.0,1.0,7.0,Kosino-Uhtomskoe,6050000
32,18.0,6.0,9.0,1972.0,1.0,6.0,Chertanovo Juzhnoe,5150000
34,17.0,6.0,9.0,1963.0,1.0,6.0,Levoberezhnoe,5890000
47,20.0,5.0,25.0,2013.0,1.0,9.0,Poselenie Vnukovskoe,3400000
64,64.0,10.0,17.0,0.0,2.0,0.0,Solncevo,5627328
84,84.0,14.0,20.0,0.0,3.0,1.0,Poselenie Vnukovskoe,10181357
52,28.0,8.0,15.0,2009.0,2.0,7.0,Juzhnoe Butovo,8100000
33,20.0,1.0,9.0,1971.0,2.0,6.0,Nizhegorodskoe,5300000
26,10.0,3.0,9.0,1970.0,1.0,6.0,Caricyno,4650000
37,,10.0,17.0,2014.0,1.0,1.0,Poselenie Vnukovskoe,4358446
85,43.0,20.0,,,,,Silino,9600000
63,34.0,16.0,16.0,1974.0,2.0,9.0,Taganskoe,11650000
102,,14.0,25.0,,3.0,1.0,Poselenie Moskovskij,8599859
30,18.0,6.0,9.0,1962.0,1.0,6.0,Sokolinaja Gora,6150000
75,40.0,7.0,20.0,2017.0,2.0,15.0,Ramenki,12546280
36,14.0,4.0,12.0,2000.0,1.0,9.0,Juzhnoe Butovo,5750000
61,,6.0,17.0,0.0,2.0,1.0,Poselenie Vnukovskoe,7149783
53,30.0,6.0,12.0,1983.0,2.0,8.0,Otradnoe,9550000
42,27.0,,,,,,Orehovo-Borisovo Juzhnoe,6800000
43,,6.0,,,,,Poselenie Moskovskij,4434466
54,32.0,7.0,9.0,1996.0,2.0,9.0,Juzhnoe Butovo,7840000
77,77.0,5.0,17.0,1.0,3.0,1.0,Poselenie Vnukovskoe,8265804
50,30.0,6.0,10.0,1996.0,2.0,8.0,Matushkino,6600000
40,20.0,12.0,12.0,1980.0,1.0,8.0,Severnoe Tushino,6600000
54,32.0,16.0,16.0,1977.0,2.0,9.0,Chertanovo Juzhnoe,7600000
89,50.0,4.0,19.0,2011.0,3.0,13.0,Izmajlovo,10058480
80,80.0,13.0,,,,,Strogino,12891120
47,30.0,6.0,12.0,1975.0,2.0,6.0,Bibirevo,8400000
51,29.0,7.0,14.0,1987.0,2.0,8.0,Bogorodskoe,10500000
75,49.0,2.0,5.0,1957.0,3.0,6.0,Sokol'niki,19500000
77,46.0,12.0,17.0,1996.0,3.0,10.0,Vnukovo,7500000
44,28.0,6.0,9.0,1966.0,2.0,5.0,Bogorodskoe,7100000
43,26.0,1.0,5.0,1967.0,2.0,5.0,Fili Davydkovo,6700000
43,27.0,5.0,5.0,1965.0,2.0,5.0,Koptevo,7000000
94,79.0,18.0,42.0,2010.0,1.0,4.0,Tverskoe,5588313
38,38.0,4.0,17.0,2016.0,1.0,1.0,Nekrasovka,4400000
38,23.0,1.0,,,,,Losinoostrovskoe,4950000
50,34.0,1.0,9.0,1974.0,3.0,5.0,Jaroslavskoe,2300000
44,27.0,8.0,9.0,1978.0,2.0,6.0,Jasenevo,999000
48,27.0,1.0,9.0,1976.0,2.0,6.0,Jasenevo,6500000
62,37.0,3.0,6.0,1917.0,2.0,7.0,Meshhanskoe,23700000
45,27.0,5.0,5.0,1964.0,2.0,5.0,Akademicheskoe,2000000
51,30.0,7.0,17.0,1987.0,2.0,8.0,Krylatskoe,1800000
32,18.0,1.0,9.0,1973.0,1.0,6.0,Birjulevo Zapadnoe,4200000
43,38.0,3.0,,,,,Poselenie Voskresenskoe,3830500
42,,9.0,18.0,1.0,1.0,1.0,Krjukovo,4431000
41,25.0,8.0,9.0,1970.0,2.0,5.0,Tekstil'shhiki,7400000
38,20.0,2.0,14.0,1989.0,1.0,8.0,Krjukovo,4500000
65,35.0,3.0,17.0,2001.0,2.0,12.0,Koptevo,13500000
32,32.0,9.0,,,,,Cheremushki,5600000
46,29.0,5.0,5.0,1964.0,2.0,5.0,Tverskoe,8800000
66,40.0,4.0,5.0,1950.0,2.0,9.0,Hovrino,10500000
32,18.0,3.0,9.0,1968.0,1.0,6.0,Nagatinskij Zaton,6600000
38,,5.0,17.0,0.0,1.0,1.0,Poselenie Vnukovskoe,4850149
68,62.0,1.0,3.0,2015.0,2.0,10.0,Poselenie Voskresenskoe,6297590
37,19.0,5.0,17.0,1993.0,1.0,8.0,Mitino,6200000
69,39.0,10.0,,,,,Severnoe Medvedkovo,9650000
28,,4.0,4.0,2015.0,1.0,1.0,Tverskoe,2543433
40,,7.0,1.0,,1.0,1.0,Poselenie Sosenskoe,3673350
39,23.0,12.0,12.0,1969.0,2.0,6.0,Tekstil'shhiki,6120000
36,19.0,5.0,12.0,1966.0,1.0,10.0,Prospekt Vernadskogo,7850000
37,,2.0,,,,,Meshhanskoe,2397611
51,30.0,8.0,17.0,2002.0,2.0,9.0,Bibirevo,9500000
49,28.0,7.0,,,,,Taganskoe,1200000
45,30.0,5.0,5.0,1961.0,2.0,1.0,Prospekt Vernadskogo,8025000
63,,12.0,,,,,Nekrasovka,5484100
46,30.0,4.0,,,,,Poselenie Marushkinskoe,1000000
40,,8.0,17.0,,1.0,1.0,Solncevo,5525007
35,19.0,1.0,12.0,1976.0,1.0,9.0,Ljublino,5050000
65,43.0,12.0,12.0,1969.0,3.0,9.0,Basmannoe,2000000
45,28.0,2.0,5.0,1964.0,2.0,5.0,Zjuzino,1000000
37,18.0,8.0,,,,,Otradnoe,4000000
50,31.0,8.0,9.0,1972.0,2.0,7.0,Ochakovo-Matveevskoe,8700000
78,54.0,1.0,9.0,1958.0,3.0,7.0,Lomonosovskoe,16500000
58,33.0,14.0,22.0,2001.0,2.0,10.0,Golovinskoe,1200000
63,63.0,8.0,8.0,2015.0,2.0,1.0,Nekrasovka,6773400
58,41.0,5.0,5.0,1963.0,3.0,5.0,Metrogorodok,7500000
38,18.0,15.0,17.0,1994.0,1.0,8.0,Juzhnoe Butovo,5350000
52,31.0,8.0,12.0,1978.0,2.0,10.0,Perovo,7600000
50,1.0,18.0,20.0,2015.0,1.0,1.0,Krylatskoe,7350000
34,19.0,2.0,12.0,1969.0,1.0,9.0,Pechatniki,5000000
85,85.0,18.0,22.0,0.0,3.0,0.0,Poselenie Vnukovskoe,9590071
41,26.0,4.0,5.0,1966.0,2.0,5.0,Perovo,6100000
79,45.0,14.0,14.0,2006.0,3.0,12.0,Severnoe Izmajlovo,16000000
41,37.0,18.0,25.0,2016.0,1.0,1.0,Mitino,6685154
65,65.0,1.0,4.0,2014.0,2.0,1.0,Zapadnoe Degunino,6122748
27,1.0,9.0,22.0,2016.0,1.0,1.0,Poselenie Shherbinka,2602673
15,11.0,4.0,5.0,1952.0,1.0,1.0,Vostochnoe Izmajlovo,2000000
63,30.0,8.0,17.0,2014.0,2.0,1.0,Poselenie Voskresenskoe,6449640
120,62.0,15.0,28.0,2011.0,3.0,18.0,Pokrovskoe Streshnevo,18000000
35,19.0,6.0,9.0,1982.0,1.0,6.0,Poselenie Mosrentgen,5200000
41,27.0,2.0,5.0,1962.0,2.0,5.0,Losinoostrovskoe,6400000
41,20.0,6.0,12.0,1979.0,1.0,8.0,Vostochnoe Degunino,6000000
74,45.0,8.0,,,,,Strogino,12800000
41,24.0,2.0,5.0,1959.0,2.0,5.0,Shhukino,8500000
39,38.0,22.0,25.0,2015.0,1.0,10.0,Nekrasovka,4819000
46,30.0,3.0,5.0,1964.0,2.0,5.0,Zjuzino,6350000
56,36.0,2.0,9.0,1957.0,2.0,8.0,Lomonosovskoe,12100000
53,34.0,7.0,9.0,1975.0,3.0,6.0,Otradnoe,3500000
95,73.0,14.0,22.0,1978.0,4.0,9.0,Troparevo-Nikulino,19200000
46,28.0,13.0,,,,,Sokol'niki,9750000
71,42.0,4.0,17.0,2005.0,3.0,8.0,Lianozovo,10000000
77,77.0,11.0,17.0,2013.0,2.0,10.0,Poselenie Sosenskoe,7229160
97,68.0,2.0,5.0,1957.0,4.0,9.0,Perovo,5000000
42,26.0,4.0,5.0,1965.0,2.0,5.0,Beskudnikovskoe,6500000
67,34.0,22.0,22.0,2002.0,2.0,10.0,Hovrino,12550000
52,30.0,11.0,17.0,2008.0,2.0,9.0,Taganskoe,13100000
59,33.0,3.0,17.0,1998.0,2.0,10.0,Moskvorech'e-Saburovo,8700000
51,,4.0,,,,,Nekrasovka,4714006
39,18.0,7.0,22.0,2007.0,1.0,9.0,Bogorodskoe,2000000
44,26.0,8.0,8.0,1964.0,2.0,4.0,Preobrazhenskoe,8000000
54,30.0,17.0,17.0,2011.0,2.0,9.0,Poselenie Vnukovskoe,2876500
38,17.0,1.0,7.0,2001.0,1.0,9.0,Juzhnoe Butovo,5350000
193,113.0,9.0,,,,,Mozhajskoe,40442088
64,1.0,2.0,17.0,2015.0,2.0,1.0,Nekrasovka,6592000
34,13.0,2.0,19.0,1970.0,1.0,8.0,Fili Davydkovo,7650000
58,38.0,5.0,9.0,1973.0,3.0,6.0,Danilovskoe,3000000
34,19.0,3.0,,,,,Golovinskoe,5650000
53,33.0,8.0,14.0,2006.0,2.0,8.0,Ivanovskoe,8500000
45,29.0,5.0,4.0,1964.0,2.0,5.0,Nagatinskij Zaton,7400000
51,30.0,2.0,14.0,1985.0,2.0,8.0,Lefortovo,2100000
38,18.0,4.0,17.0,2013.0,1.0,8.0,Poselenie Moskovskij,3996000
52,30.0,4.0,12.0,1977.0,2.0,8.0,Orehovo-Borisovo Juzhnoe,8200000
50,30.0,10.0,12.0,1988.0,2.0,8.0,Juzhnoe Butovo,7500000
47,30.0,12.0,12.0,1976.0,2.0,6.0,Otradnoe,8500000
53,30.0,6.0,12.0,1981.0,2.0,8.0,Bibirevo,8650000
53,32.0,9.0,17.0,2012.0,2.0,9.0,Poselenie Desjonovskoe,3585200
37,18.0,17.0,17.0,1988.0,1.0,8.0,Orehovo-Borisovo Juzhnoe,5600000
54,32.0,2.0,17.0,1988.0,2.0,9.0,Novo-Peredelkino,7000000
58,36.0,5.0,9.0,1974.0,3.0,6.0,Bibirevo,8950000
47,28.0,2.0,12.0,1974.0,2.0,6.0,Otradnoe,8300000
64,46.0,2.0,16.0,1980.0,3.0,7.0,Losinoostrovskoe,9700000
32,19.0,3.0,9.0,1969.0,1.0,6.0,Nagatino-Sadovniki,6250000
43,1.0,3.0,12.0,2014.0,1.0,1.0,Poselenie Pervomajskoe,3163950
31,17.0,4.0,5.0,1963.0,1.0,5.0,Kuz'minki,5000000
52,30.0,14.0,17.0,2006.0,2.0,9.0,Kosino-Uhtomskoe,7900000
37,37.0,11.0,17.0,2014.0,1.0,1.0,Tverskoe,4252965
44,30.0,4.0,5.0,1976.0,2.0,5.0,Poselenie Rjazanovskoe,4100000
41,19.0,23.0,24.0,2004.0,1.0,9.0,Birjulevo Vostochnoe,6150000
61,31.0,12.0,14.0,2008.0,2.0,12.0,Severnoe Medvedkovo,2500000
44,27.0,1.0,14.0,1970.0,2.0,5.0,Novogireevo,6200000
41,41.0,2.0,2.0,2015.0,1.0,1.0,Chertanovo Juzhnoe,7375615
56,55.0,3.0,1.0,2016.0,2.0,1.0,Nagatinskij Zaton,8222642
37,19.0,7.0,16.0,1979.0,1.0,8.0,Gol'janovo,990000
46,20.0,1.0,5.0,1957.0,1.0,8.0,Shhukino,3000000
43,43.0,5.0,12.0,2016.0,1.0,10.0,Poselenie Sosenskoe,4185010
55,37.0,3.0,5.0,1965.0,3.0,5.0,Kuz'minki,7400000
35,20.0,10.0,12.0,1969.0,1.0,9.0,Caricyno,5700000
52,30.0,17.0,17.0,1985.0,2.0,8.0,Horoshevskoe,10700000
63,36.0,12.0,13.0,2014.0,2.0,11.0,Poselenie Voskresenskoe,6205875
38,19.0,14.0,17.0,1986.0,1.0,8.0,Brateevo,6350000
35,19.0,4.0,5.0,1960.0,1.0,8.0,Perovo,6200000
60,,4.0,18.0,1.0,2.0,1.0,Krjukovo,6030000
47,30.0,10.0,12.0,1978.0,2.0,6.0,Babushkinskoe,1000000
62,35.0,5.0,5.0,1954.0,2.0,7.0,Koptevo,4000000
48,42.0,11.0,25.0,2014.0,1.0,1.0,Nekrasovka,5313000
38,19.0,14.0,17.0,2007.0,1.0,7.0,Severnoe,5700000
52,50.0,8.0,9.0,2015.0,2.0,1.0,Poselenie Filimonkovskoe,3899303
42,20.0,12.0,17.0,2011.0,1.0,10.0,Poselenie Shherbinka,2210000
42,27.0,2.0,5.0,1967.0,2.0,5.0,Bogorodskoe,5900000
39,39.0,4.0,17.0,0.0,1.0,1.0,Poselenie Vnukovskoe,5017257
98,65.0,4.0,9.0,1940.0,3.0,6.0,Tverskoe,35000000
54,32.0,9.0,9.0,1956.0,2.0,8.0,Dorogomilovo,15200000
54,32.0,7.0,17.0,2010.0,2.0,9.0,Ostankinskoe,4569600
44,29.0,4.0,,,,,Gol'janovo,5200000
32,20.0,1.0,5.0,1963.0,1.0,5.0,Kuz'minki,4950000
60,44.0,2.0,9.0,1969.0,3.0,5.0,Juzhnoe Tushino,8650000
177,119.0,3.0,4.0,1890.0,8.0,17.0,Basmannoe,24267600
15,11.0,5.0,5.0,1952.0,1.0,1.0,Vostochnoe Izmajlovo,2000000
64,64.0,6.0,17.0,2014.0,2.0,1.0,Solncevo,5804864
48,0.0,7.0,9.0,0.0,1.0,0.0,Poselenie Pervomajskoe,3411777
32,19.0,3.0,4.0,1960.0,1.0,6.0,Nekrasovka,4050000
32,16.0,9.0,12.0,1973.0,1.0,7.0,Shhukino,6400000
35,18.0,9.0,9.0,1967.0,1.0,6.0,Kon'kovo,6600000
38,19.0,7.0,16.0,2003.0,1.0,10.0,Juzhnoe Butovo,5200000
56,56.0,6.0,6.0,2016.0,1.0,1.0,Poselenie Shherbinka,4902262
37,35.0,11.0,16.0,2014.0,1.0,0.0,Poselenie Filimonkovskoe,3142073
33,33.0,15.0,1.0,2015.0,1.0,1.0,Mitino,8169590
43,20.0,13.0,14.0,1989.0,1.0,8.0,Krjukovo,4900000
44,17.0,11.0,17.0,2013.0,1.0,10.0,Sokolinaja Gora,6553524
28,28.0,14.0,17.0,2015.0,1.0,7.0,Mitino,4535000
52,30.0,3.0,17.0,2001.0,2.0,9.0,Horoshevskoe,15500000
37,36.0,2.0,17.0,2014.0,1.0,1.0,Nekrasovka,3824904
38,19.0,13.0,14.0,1976.0,1.0,7.0,Tekstil'shhiki,6800000
31,1.0,4.0,17.0,2015.0,2.0,1.0,Tverskoe,3987800
46,,3.0,17.0,,1.0,1.0,Poselenie Pervomajskoe,3238860
35,18.0,9.0,12.0,1971.0,1.0,9.0,Rjazanskij,5450000
74,45.0,1.0,17.0,1996.0,3.0,10.0,Mar'ino,9300000
27,12.0,2.0,9.0,1972.0,1.0,5.0,Ochakovo-Matveevskoe,5800000
57,32.0,14.0,17.0,1990.0,2.0,10.0,Mar'ino,8200000
33,19.0,3.0,9.0,1971.0,1.0,6.0,Veshnjaki,990000
39,18.0,2.0,17.0,2006.0,1.0,10.0,Krjukovo,3000000
80,41.0,2.0,14.0,0.0,3.0,10.0,Tverskoe,8150000
79,52.0,3.0,12.0,1978.0,4.0,8.0,Otradnoe,11100000
81,36.0,17.0,1.0,2006.0,2.0,1.0,Fili Davydkovo,22600000
41,25.0,2.0,5.0,1961.0,2.0,5.0,Lefortovo,6125000
32,19.0,8.0,,,,,Gol'janovo,4750000
39,21.0,2.0,12.0,1978.0,1.0,8.0,Novokosino,4550000
44,,15.0,15.0,2014.0,1.0,1.0,Poselenie Filimonkovskoe,4983720
45,29.0,8.0,9.0,1972.0,2.0,6.0,Kon'kovo,8400000
44,28.0,3.0,5.0,1971.0,2.0,5.0,Koptevo,6450000
42,19.0,15.0,17.0,2008.0,1.0,8.0,Juzhnoe Butovo,5522000
47,46.0,3.0,3.0,2015.0,2.0,0.0,Poselenie Filimonkovskoe,3581969
37,,3.0,19.0,2014.0,1.0,1.0,Poselenie Shherbinka,3211391
77,46.0,8.0,17.0,2011.0,3.0,9.0,Nekrasovka,7645000
43,29.0,5.0,5.0,1961.0,2.0,5.0,Moskvorech'e-Saburovo,6500000
82,48.0,9.0,14.0,1988.0,3.0,8.0,Mar'ino,11700000
38,38.0,7.0,17.0,2015.0,1.0,1.0,Poselenie Vnukovskoe,4879106
101,101.0,6.0,6.0,2016.0,3.0,1.0,Poselenie Sosenskoe,7782560
56,37.0,11.0,24.0,2016.0,2.0,10.0,Nagatinskij Zaton,12251080
32,18.0,5.0,,,,,Severnoe Medvedkovo,5450000
60,42.0,2.0,9.0,1975.0,3.0,6.0,Vostochnoe Degunino,7500000
51,,2.0,1.0,2014.0,2.0,1.0,Tverskoe,5687000
54,32.0,16.0,17.0,1998.0,2.0,9.0,Mar'ino,2300000
41,26.0,3.0,9.0,1966.0,2.0,5.0,Jakimanka,2000000
50,30.0,2.0,16.0,1983.0,2.0,8.0,Zjablikovo,8000000
47,30.0,10.0,12.0,1973.0,2.0,7.0,Teplyj Stan,2000000
41,25.0,2.0,16.0,1970.0,2.0,6.0,Nagatinskij Zaton,7700000
73,42.0,11.0,11.0,1997.0,3.0,10.0,Mitino,11000000
44,28.0,3.0,5.0,1966.0,2.0,5.0,Severnoe Tushino,7000000
55,31.0,13.0,22.0,2007.0,2.0,10.0,Kon'kovo,14000000
82,82.0,19.0,1.0,2013.0,3.0,1.0,Strogino,14703000
74,74.0,8.0,9.0,2014.0,3.0,1.0,Nagornoe,15245116
32,18.0,1.0,9.0,1976.0,1.0,6.0,Jasenevo,5250000
79,,16.0,17.0,,3.0,1.0,Nekrasovka,7721200
94,71.0,5.0,5.0,1957.0,4.0,10.0,Filevskij Park,18900000
42,19.0,10.0,24.0,2007.0,1.0,10.0,Kosino-Uhtomskoe,5300000
34,33.0,20.0,22.0,2002.0,1.0,10.0,Moskvorech'e-Saburovo,6600000
83,52.0,23.0,24.0,2010.0,3.0,8.0,Severnoe Butovo,990000
64,43.0,4.0,12.0,1974.0,3.0,7.0,Orehovo-Borisovo Juzhnoe,8900000
69,31.0,1.0,0.0,2014.0,2.0,0.0,Poselenie Voskresenskoe,6210540
27,27.0,21.0,22.0,2015.0,1.0,10.0,Mitino,4715000
39,,11.0,,,,,Strogino,6331792
43,27.0,2.0,5.0,1967.0,2.0,5.0,Golovinskoe,7000000
77,45.0,14.0,17.0,1984.0,3.0,10.0,Zjablikovo,11300000
43,,19.0,22.0,2014.0,1.0,1.0,Tverskoe,5411262
46,1.0,2.0,25.0,1.0,1.0,1.0,Mitino,6112746
45,19.0,6.0,12.0,1972.0,1.0,13.0,Koptevo,7900000
64,44.0,11.0,12.0,1972.0,3.0,9.0,Perovo,10900000
78,46.0,10.0,22.0,1995.0,3.0,10.0,Juzhnoe Butovo,10500000
48,31.0,7.0,12.0,1967.0,2.0,8.0,Ostankinskoe,10800000
32,18.0,6.0,9.0,1969.0,1.0,6.0,Pechatniki,5200000
48,48.0,5.0,1.0,2015.0,1.0,1.0,Pokrovskoe Streshnevo,10417498
45,24.0,2.0,9.0,1966.0,2.0,7.0,Savelki,6000000
74,43.0,6.0,17.0,1993.0,3.0,10.0,Mitino,10400000
58,30.0,16.0,17.0,2012.0,2.0,11.0,Poselenie Vnukovskoe,4000000
60,36.0,2.0,1.0,1.0,2.0,1.0,Poselenie Voskresenskoe,5897125
30,18.0,1.0,5.0,1960.0,1.0,5.0,Timirjazevskoe,4100000
70,43.0,3.0,25.0,2005.0,2.0,5.0,Mitino,13250000
54,32.0,11.0,16.0,1981.0,2.0,9.0,Bibirevo,1000000
59,38.0,2.0,9.0,1975.0,3.0,8.0,Orehovo-Borisovo Juzhnoe,9000000
73,44.0,6.0,,,,,Jasenevo,10300000
58,37.0,3.0,9.0,1968.0,3.0,6.0,Novogireevo,9300000
52,30.0,6.0,6.0,1989.0,2.0,8.0,Severnoe Tushino,8950000
38,19.0,17.0,17.0,2001.0,1.0,7.0,Vostochnoe Degunino,3700000
32,21.0,9.0,9.0,1963.0,1.0,5.0,Rostokino,990000
64,39.0,5.0,9.0,1975.0,3.0,8.0,Kuncevo,13600000
50,30.0,11.0,17.0,1994.0,2.0,8.0,Mitino,9100000
66,45.0,11.0,17.0,1969.0,3.0,7.0,Akademicheskoe,12900000
63,38.0,2.0,9.0,1975.0,3.0,8.0,Kuncevo,12300000
30,18.0,2.0,5.0,1960.0,1.0,5.0,Koptevo,5400000
55,32.0,14.0,16.0,1978.0,2.0,8.0,Lianozovo,8500000
48,28.0,12.0,12.0,1967.0,2.0,8.0,Matushkino,5800000
30,18.0,2.0,8.0,1961.0,0.0,6.0,Akademicheskoe,1000000
59,33.0,2.0,15.0,2008.0,2.0,12.0,Juzhnoe Butovo,7500000
38,19.0,7.0,12.0,2000.0,1.0,8.0,Juzhnoe Butovo,5850000
49,49.0,3.0,17.0,2013.0,2.0,10.0,Poselenie Shherbinka,4169363
5326,22.0,13.0,,,,,Birjulevo Vostochnoe,6868818
42,31.0,5.0,,,,,Izmajlovo,6980000
39,35.0,17.0,20.0,2014.0,1.0,1.0,Tekstil'shhiki,6095313
42,20.0,5.0,17.0,2000.0,1.0,11.0,Nizhegorodskoe,7900000
32,18.0,2.0,9.0,1969.0,1.0,6.0,Gol'janovo,4800000
77,45.0,16.0,22.0,1988.0,3.0,10.0,Moskvorech'e-Saburovo,12000000
64,39.0,1.0,12.0,1976.0,3.0,8.0,Otradnoe,8450000
63,63.0,17.0,17.0,0.0,2.0,1.0,Poselenie Vnukovskoe,7006116
40,,14.0,17.0,0.0,1.0,1.0,Poselenie Vnukovskoe,5044341
40,19.0,10.0,17.0,2012.0,1.0,9.0,Poselenie Vnukovskoe,2272032
77,43.0,6.0,14.0,2007.0,3.0,12.0,Severnoe Medvedkovo,14250000
55,21.0,23.0,16.0,2005.0,1.0,12.0,Akademicheskoe,15000000
46,30.0,4.0,5.0,1963.0,2.0,5.0,Nagornoe,6600000
53,30.0,11.0,14.0,1991.0,2.0,8.0,Novokosino,8250000
32,16.0,8.0,,,,,Chertanovo Severnoe,1800000
91,91.0,1.0,1.0,,2.0,12.0,Troickij okrug,4101416
36,21.0,9.0,9.0,1979.0,1.0,6.0,Otradnoe,2000000
37,18.0,6.0,17.0,1984.0,1.0,8.0,Losinoostrovskoe,7250000
55,41.0,6.0,9.0,1973.0,3.0,5.0,Presnenskoe,10500000
44,28.0,4.0,9.0,1975.0,2.0,6.0,Otradnoe,7300000
55,37.0,5.0,3.0,1958.0,3.0,6.0,Perovo,4000000
28,17.0,4.0,4.0,1964.0,1.0,5.0,Kotlovka,5500000
72,1.0,3.0,1.0,1.0,3.0,1.0,Krjukovo,7624400
50,34.0,6.0,9.0,1969.0,3.0,10.0,Golovinskoe,7650000
26,12.0,11.0,16.0,1973.0,1.0,7.0,Sviblovo,5100000
49,29.0,2.0,12.0,1976.0,2.0,9.0,Mar'ina Roshha,9600000
44,29.0,2.0,5.0,1961.0,2.0,5.0,Kotlovka,6900000
105,78.0,3.0,5.0,1940.0,5.0,8.0,Shhukino,11000000
60,,19.0,1.0,1.0,2.0,1.0,Poselenie Vnukovskoe,5391556
75,44.0,17.0,22.0,1984.0,3.0,9.0,Filevskij Park,15000000
49,,3.0,15.0,2015.0,1.0,1.0,Izmajlovo,6697272
43,43.0,3.0,9.0,2014.0,1.0,0.0,Poselenie Sosenskoe,4155840
77,45.0,5.0,16.0,1982.0,3.0,10.0,Chertanovo Central'noe,12500000
110,,8.0,8.0,2014.0,1.0,1.0,Tverskoe,16081900
51,31.0,2.0,12.0,1974.0,2.0,9.0,Kon'kovo,8650000
55,34.0,4.0,8.0,1958.0,2.0,8.0,Lomonosovskoe,13500000
43,28.0,2.0,5.0,1962.0,2.0,5.0,Juzhnoe Tushino,7500000
39,20.0,10.0,22.0,1987.0,1.0,10.0,Jasenevo,8350000
39,20.0,11.0,,,,,Juzhnoe Medvedkovo,5900000
61,34.0,17.0,17.0,1993.0,2.0,10.0,Cheremushki,5000000
52,,16.0,25.0,,2.0,1.0,Nekrasovka,5580410
102,,4.0,9.0,,3.0,1.0,Poselenie Pervomajskoe,7088275
30,18.0,7.0,9.0,1969.0,1.0,5.0,Dmitrovskoe,5200000
165,124.0,18.0,28.0,2009.0,1.0,30.0,Izmajlovo,13000000
38,17.0,7.0,12.0,2005.0,1.0,9.0,Savelki,4750000
51,30.0,5.0,17.0,2010.0,2.0,9.0,Nekrasovka,3000000
76,73.0,14.0,17.0,2014.0,3.0,1.0,Nekrasovka,7401100
32,18.0,2.0,9.0,1970.0,1.0,6.0,Veshnjaki,4000000
38,,1.0,1.0,1.0,1.0,1.0,Poselenie Desjonovskoe,3681724
43,29.0,2.0,5.0,1960.0,2.0,5.0,Novogireevo,6200000
64,43.0,2.0,9.0,1968.0,3.0,7.0,Severnoe Medvedkovo,8850000
54,,24.0,0.0,0.0,0.0,0.0,Mitino,8383079
74,74.0,11.0,17.0,2014.0,2.0,1.0,Poselenie Sosenskoe,6008800
62,44.0,12.0,12.0,1975.0,3.0,6.0,Orehovo-Borisovo Severnoe,9150000
38,23.0,10.0,12.0,1970.0,2.0,6.0,Presnenskoe,7500000
38,,9.0,,,,,Nekrasovka,4384594
78,45.0,8.0,14.0,1995.0,3.0,10.0,Mar'ino,10500000
80,47.0,13.0,14.0,1989.0,3.0,8.0,Krjukovo,8000000
89,,7.0,0.0,,3.0,0.0,Danilovskoe,21116364
64,40.0,2.0,5.0,1926.0,3.0,6.0,Krasnosel'skoe,11300000
96,51.0,8.0,14.0,2004.0,3.0,11.0,Vojkovskoe,19500000
53,32.0,16.0,16.0,1980.0,2.0,9.0,Mar'ina Roshha,11000000
51,30.0,16.0,17.0,2000.0,2.0,9.0,Nagornoe,11000000
62,38.0,3.0,9.0,1970.0,3.0,8.0,Gol'janovo,8300000
79,1.0,3.0,17.0,2015.0,3.0,1.0,Poselenie Vnukovskoe,9014972
41,26.0,1.0,5.0,1965.0,2.0,5.0,Zjuzino,6250000
73,44.0,7.0,22.0,1984.0,3.0,10.0,Filevskij Park,15200000
37,19.0,2.0,14.0,1970.0,1.0,9.0,Rjazanskij,6500000
76,,4.0,19.0,2014.0,3.0,12.0,Poselenie Shherbinka,5876152
54,32.0,17.0,17.0,1985.0,2.0,9.0,Juzhnoe Tushino,2000000
60,43.0,2.0,9.0,1975.0,3.0,6.0,Ivanovskoe,9750000
33,17.0,7.0,12.0,1969.0,1.0,9.0,Hamovniki,9500000
41,20.0,5.0,12.0,1981.0,1.0,8.0,Kapotnja,4600000
43,27.0,5.0,5.0,1961.0,2.0,5.0,Severnoe Izmajlovo,6800000
39,17.0,3.0,15.0,2008.0,1.0,8.0,Timirjazevskoe,3000000
40,21.0,3.0,12.0,1974.0,1.0,8.0,Otradnoe,6600000
82,1.0,1.0,1.0,1.0,1.0,1.0,Poselenie Voskresenskoe,8593170
31,20.0,9.0,9.0,1964.0,1.0,5.0,Donskoe,7000000
78,43.0,16.0,1.0,2014.0,3.0,12.0,Nekrasovka,7575700
47,30.0,8.0,9.0,1969.0,2.0,6.0,Kapotnja,5700000
36,18.0,5.0,5.0,1976.0,1.0,7.0,Pechatniki,4600000
60,,9.0,,,,,Nekrasovka,5835520
32,20.0,3.0,5.0,1963.0,1.0,5.0,Severnoe Izmajlovo,5000000
54,37.0,3.0,9.0,1974.0,3.0,5.0,Mozhajskoe,2000000
42,27.0,3.0,5.0,1967.0,2.0,5.0,Golovinskoe,6600000
42,28.0,3.0,5.0,1960.0,2.0,5.0,Pokrovskoe Streshnevo,6100000
38,20.0,2.0,12.0,1988.0,1.0,8.0,Tekstil'shhiki,6000000
62,,12.0,20.0,,2.0,1.0,Poselenie Vnukovskoe,7003016
45,29.0,8.0,8.0,1961.0,2.0,7.0,Juzhnoportovoe,7850000
38,,4.0,4.0,2014.0,1.0,1.0,Poselenie Filimonkovskoe,2533790
37,18.0,1.0,17.0,1984.0,1.0,8.0,Losinoostrovskoe,6200000
66,45.0,10.0,16.0,1984.0,3.0,8.0,Cheremushki,12350000
39,25.0,4.0,,,,,Golovinskoe,5700000
35,19.0,8.0,9.0,1980.0,1.0,6.0,Gol'janovo,5500000
89,53.0,4.0,4.0,2005.0,3.0,15.0,Poselenie Rjazanovskoe,5200000
127,69.0,5.0,26.0,2004.0,4.0,11.0,Koptevo,24500000
72,45.0,5.0,5.0,1956.0,3.0,8.0,Mozhajskoe,10900000
123,1.0,2.0,1.0,2016.0,3.0,1.0,Horoshevo-Mnevniki,21512174
45,22.0,7.0,17.0,2011.0,1.0,10.0,Poselenie Sosenskoe,2500000
58,43.0,3.0,9.0,1974.0,3.0,6.0,Caricyno,8600000
43,43.0,10.0,22.0,2015.0,1.0,1.0,Poselenie Shherbinka,3929964
37,19.0,2.0,16.0,1980.0,1.0,9.0,Vojkovskoe,7900000
53,32.0,8.0,17.0,1993.0,2.0,9.0,Mitino,8450000
50,33.0,2.0,12.0,1972.0,2.0,6.0,Zjuzino,8150000
59,13.0,7.0,30.0,2011.0,1.0,21.0,Sokol,2000000
42,26.0,1.0,5.0,1961.0,2.0,5.0,Cheremushki,6850000
46,44.0,7.0,9.0,2015.0,1.0,1.0,Zapadnoe Degunino,3411777
38,38.0,6.0,17.0,2016.0,1.0,1.0,Poselenie Desjonovskoe,3933500
39,18.0,16.0,17.0,2013.0,1.0,9.0,Nekrasovka,4346500
73,43.0,10.0,17.0,1999.0,3.0,9.0,Mar'ino,11800000
31,15.0,2.0,4.0,1953.0,1.0,7.0,Kuncevo,5900000
45,27.0,5.0,9.0,1974.0,2.0,6.0,Novogireevo,7550000
71,71.0,6.0,0.0,2015.0,2.0,0.0,Nagornoe,13064550
77,46.0,9.0,12.0,2003.0,3.0,12.0,Ljublino,10700000
58,32.0,8.0,22.0,2002.0,2.0,10.0,Moskvorech'e-Saburovo,11000000
104,73.0,6.0,14.0,1985.0,3.0,7.0,Krylatskoe,23700000
38,38.0,4.0,24.0,2016.0,1.0,1.0,Nagatinskij Zaton,7658450
73,73.0,13.0,17.0,2015.0,2.0,0.0,Poselenie Sosenskoe,7171180
37,17.0,3.0,25.0,1983.0,1.0,8.0,Tverskoe,7100000
46,28.0,4.0,,,,,Lefortovo,6350000
35,20.0,3.0,12.0,,1.0,9.0,Izmajlovo,6550000
41,41.0,7.0,12.0,2013.0,2.0,10.0,Poselenie Sosenskoe,4173067
35,20.0,12.0,12.0,1970.0,1.0,9.0,Perovo,5250000
32,18.0,6.0,,,,,Severnoe Tushino,5150000
38,19.0,14.0,,,,,Kosino-Uhtomskoe,5750000
38,19.0,12.0,14.0,1975.0,1.0,9.0,Ochakovo-Matveevskoe,6900000
73,45.0,9.0,17.0,1985.0,3.0,10.0,Krylatskoe,17500000
77,44.0,20.0,22.0,2008.0,3.0,10.0,Kon'kovo,16500000
53,32.0,2.0,9.0,1967.0,2.0,7.0,Matushkino,5700000
60,37.0,2.0,,,,,Ochakovo-Matveevskoe,12000000
57,42.0,7.0,9.0,1976.0,3.0,6.0,Birjulevo Zapadnoe,1000000
54,29.0,11.0,12.0,1979.0,2.0,7.0,Babushkinskoe,8200000
61,,14.0,,,,,Strogino,10381987
49,28.0,5.0,5.0,1983.0,2.0,7.0,Mitino,6500000
44,27.0,4.0,5.0,1962.0,2.0,5.0,Zjuzino,7600000
32,16.0,7.0,1.0,2017.0,1.0,8.0,Mar'ina Roshha,2803416
64,38.0,3.0,12.0,1986.0,3.0,8.0,Silino,8150000
37,17.0,3.0,24.0,2012.0,1.0,10.0,Juzhnoe Butovo,3298412
37,18.0,4.0,16.0,1973.0,1.0,9.0,Hovrino,6300000
49,28.0,1.0,6.0,1940.0,2.0,5.0,Danilovskoe,9250000
48,48.0,4.0,,,,,Poselenie Sosenskoe,3928500
75,43.0,9.0,14.0,2008.0,3.0,10.0,Zapadnoe Degunino,13000000
58,37.0,8.0,9.0,1977.0,3.0,6.0,Jasenevo,8100000
71,34.0,19.0,24.0,2015.0,2.0,18.0,Ramenki,12598860
65,39.0,12.0,12.0,1982.0,3.0,7.0,Nagatinskij Zaton,11000000
59,43.0,8.0,9.0,1976.0,3.0,8.0,Bibirevo,9700000
51,,6.0,,,,,Nekrasovka,5014900
45,45.0,18.0,25.0,,3.0,0.0,Poselenie Sosenskoe,4777500
39,23.0,7.0,14.0,1970.0,2.0,6.0,Novogireevo,7000000
40,40.0,3.0,4.0,2015.0,1.0,10.0,Filevskij Park,2970036
54,32.0,6.0,17.0,1989.0,2.0,9.0,Taganskoe,13500000
64,33.0,17.0,17.0,2012.0,2.0,12.0,Poselenie Sosenskoe,5740000
40,25.0,6.0,9.0,1967.0,2.0,6.0,Gol'janovo,6300000
45,27.0,9.0,9.0,1974.0,2.0,5.0,Bibirevo,7850000
36,20.0,3.0,12.0,1966.0,1.0,10.0,Koptevo,1000000
53,53.0,1.0,,,,,Poselenie Filimonkovskoe,3019420
58,30.0,10.0,12.0,2004.0,2.0,12.0,Kosino-Uhtomskoe,8400000
61,,11.0,17.0,2014.0,2.0,10.0,Solncevo,5645948
77,43.0,14.0,22.0,2016.0,2.0,1.0,Levoberezhnoe,11904651
0,77.0,4.0,17.0,0.0,3.0,0.0,Poselenie Vnukovskoe,8167508
68,43.0,5.0,5.0,1959.0,3.0,7.0,Bogorodskoe,1000000
38,19.0,6.0,22.0,1989.0,1.0,10.0,Novo-Peredelkino,5100000
66,33.0,5.0,9.0,2015.0,2.0,12.0,Poselenie Sosenskoe,5642295
54,32.0,12.0,16.0,1988.0,2.0,9.0,Horoshevo-Mnevniki,10550000
59,41.0,8.0,9.0,1971.0,3.0,5.0,Veshnjaki,8800000
54,31.0,2.0,16.0,1981.0,2.0,8.0,Bibirevo,8220000
46,30.0,8.0,9.0,1973.0,2.0,6.0,Birjulevo Vostochnoe,5700000
63,37.0,12.0,17.0,1979.0,3.0,8.0,Lianozovo,10400000
51,,9.0,1.0,,1.0,1.0,Poselenie Sosenskoe,4921000
70,43.0,12.0,17.0,2006.0,3.0,9.0,Lomonosovskoe,21300000
41,26.0,4.0,5.0,1963.0,2.0,5.0,Timirjazevskoe,7700000
16,11.0,5.0,5.0,1952.0,1.0,1.0,Vostochnoe Izmajlovo,2050000
40,,19.0,22.0,1.0,1.0,1.0,Poselenie Vnukovskoe,5115054
34,12.0,17.0,25.0,2014.0,1.0,13.0,Kon'kovo,3800000
43,28.0,6.0,9.0,1968.0,2.0,5.0,Golovinskoe,7500000
35,19.0,12.0,12.0,1967.0,1.0,10.0,Matushkino,5500000
38,24.0,8.0,9.0,1970.0,2.0,6.0,Taganskoe,7700000
45,29.0,5.0,9.0,1974.0,2.0,6.0,Orehovo-Borisovo Juzhnoe,7500000
41,20.0,8.0,,,,,Chertanovo Juzhnoe,6000000
74,43.0,11.0,17.0,1983.0,3.0,10.0,Birjulevo Vostochnoe,10200000
52,30.0,11.0,12.0,1976.0,2.0,9.0,Bibirevo,7900000
52,30.0,2.0,14.0,1.0,2.0,8.0,Brateevo,7700000
44,30.0,1.0,5.0,1963.0,2.0,5.0,Juzhnoe Tushino,6000000
40,1.0,11.0,17.0,2016.0,1.0,1.0,Nekrasovka,4400000
53,32.0,6.0,16.0,1982.0,2.0,9.0,Troparevo-Nikulino,10000000
107,1.0,6.0,1.0,215.0,3.0,1.0,Ramenki,19420850
46,22.0,19.0,19.0,2014.0,1.0,1.0,Danilovskoe,3059472
99,61.0,2.0,22.0,2010.0,4.0,10.0,Chertanovo Juzhnoe,17000000
52,31.0,7.0,16.0,1976.0,2.0,7.0,Savelovskoe,13050000
109,56.0,16.0,25.0,2012.0,3.0,11.0,Troparevo-Nikulino,13792422
48,24.0,8.0,12.0,2008.0,2.0,9.0,Krjukovo,2500000
83,83.0,14.0,17.0,0.0,3.0,0.0,Solncevo,7052078
43,26.0,5.0,5.0,1964.0,2.0,5.0,Rostokino,7500000
58,32.0,6.0,22.0,2004.0,2.0,10.0,Obruchevskoe,11700000
90,38.0,1.0,2.0,2016.0,3.0,22.0,Danilovskoe,5535810
38,,15.0,17.0,0.0,1.0,10.0,Poselenie Vnukovskoe,5281611
26,18.0,4.0,5.0,1960.0,1.0,4.0,Severnoe Izmajlovo,4400000
40,16.0,8.0,12.0,1974.0,1.0,8.0,Sokol'niki,7600000
39,16.0,3.0,12.0,1983.0,1.0,11.0,Taganskoe,11500000
45,28.0,5.0,5.0,1963.0,2.0,5.0,Poselenie Sosenskoe,4900000
51,30.0,17.0,17.0,1983.0,2.0,9.0,Birjulevo Vostochnoe,5850000
44,29.0,1.0,5.0,1964.0,2.0,5.0,Preobrazhenskoe,6000000
79,52.0,7.0,,,,,Solncevo,6300000
43,29.0,3.0,5.0,1963.0,2.0,5.0,Bogorodskoe,6850000
45,28.0,6.0,9.0,1978.0,2.0,6.0,Otradnoe,2000000
41,26.0,1.0,5.0,1962.0,2.0,5.0,Ostankinskoe,3100000
55,33.0,2.0,5.0,1955.0,2.0,7.0,Sviblovo,6423000
47,46.0,9.0,17.0,2014.0,2.0,1.0,Poselenie Filimonkovskoe,3404915
99,63.0,9.0,22.0,1994.0,4.0,9.0,Juzhnoe Butovo,13200000
39,19.0,5.0,17.0,2003.0,1.0,11.0,Strogino,8400000
44,28.0,4.0,5.0,1959.0,2.0,5.0,Severnoe Izmajlovo,7050000
45,28.0,11.0,12.0,1967.0,2.0,5.0,Dmitrovskoe,7300000
56,51.0,19.0,19.0,2017.0,2.0,1.0,Sviblovo,10262010
53,32.0,11.0,17.0,1985.0,2.0,9.0,Krylatskoe,3200000
96,58.0,2.0,14.0,2003.0,4.0,10.0,Kotlovka,21000000
38,,5.0,22.0,2014.0,1.0,1.0,Nagatinskij Zaton,6988390
45,30.0,3.0,5.0,1963.0,2.0,5.0,Kuz'minki,1100000
59,31.0,4.0,5.0,1957.0,2.0,7.0,Akademicheskoe,11000000
41,20.0,9.0,14.0,2002.0,1.0,8.0,Kuncevo,7600000
41,20.0,12.0,12.0,1976.0,1.0,8.0,Lianozovo,1500000
43,27.0,5.0,5.0,1959.0,2.0,5.0,Hamovniki,7100000
61,38.0,8.0,12.0,1983.0,3.0,8.0,Otradnoe,11000000
100,96.0,5.0,17.0,1999.0,4.0,10.0,Mar'ino,14650000
57,,5.0,19.0,,2.0,0.0,Poselenie Shherbinka,4997535
38,20.0,14.0,14.0,2003.0,1.0,8.0,Juzhnoe Butovo,6450000
32,18.0,3.0,9.0,1975.0,1.0,6.0,Orehovo-Borisovo Severnoe,5000000
72,43.0,1.0,17.0,1999.0,3.0,10.0,Zjuzino,11100000
45,29.0,2.0,9.0,1978.0,2.0,5.0,Otradnoe,2000000
51,30.0,12.0,17.0,1993.0,2.0,8.0,Mitino,2000000
40,20.0,3.0,14.0,2004.0,1.0,8.0,Zjuzino,6800000
45,33.0,5.0,5.0,1962.0,2.0,5.0,Kuz'minki,5400000
56,32.0,11.0,17.0,1988.0,2.0,10.0,Horoshevo-Mnevniki,11700000
32,18.0,7.0,9.0,1974.0,1.0,6.0,Birjulevo Zapadnoe,4450000
43,43.0,2.0,0.0,0.0,1.0,0.0,Poselenie Sosenskoe,3888640
66,43.0,6.0,6.0,1967.0,2.0,7.0,Zamoskvorech'e,11500000
48,31.0,8.0,14.0,1974.0,2.0,8.0,Dmitrovskoe,6450000
44,29.0,4.0,5.0,1962.0,2.0,5.0,Ljublino,6800000
37,18.0,12.0,14.0,1968.0,1.0,8.0,Taganskoe,2000000
54,30.0,5.0,5.0,1957.0,2.0,8.0,Izmajlovo,8600000
34,20.0,8.0,9.0,1970.0,1.0,6.0,Kuncevo,6700000
37,19.0,10.0,17.0,2002.0,1.0,7.0,Zapadnoe Degunino,6600000
64,46.0,1.0,9.0,1969.0,4.0,5.0,Solncevo,2000000
59,44.0,6.0,9.0,1971.0,3.0,5.0,Birjulevo Vostochnoe,8100000
60,39.0,8.0,9.0,1970.0,3.0,7.0,Chertanovo Central'noe,8800000
83,44.0,8.0,16.0,1980.0,3.0,10.0,Gol'janovo,10320000
54,38.0,4.0,5.0,1959.0,3.0,5.0,Ostankinskoe,9200000
77,46.0,9.0,14.0,1994.0,3.0,10.0,Mitino,11300000
56,33.0,8.0,12.0,1956.0,2.0,6.0,Sokol'niki,10900000
50,29.0,1.0,12.0,1975.0,2.0,8.0,Orehovo-Borisovo Juzhnoe,8125000
51,30.0,11.0,14.0,1987.0,2.0,8.0,Tekstil'shhiki,8500000
29,14.0,3.0,12.0,1975.0,1.0,6.0,Orehovo-Borisovo Severnoe,5900000
59,38.0,5.0,9.0,1971.0,3.0,7.0,Chertanovo Juzhnoe,8600000
38,20.0,2.0,14.0,1985.0,1.0,8.0,Birjulevo Zapadnoe,4950000
38,19.0,12.0,17.0,1999.0,1.0,8.0,Sviblovo,8200000
53,29.0,6.0,,,,,Juzhnoe Butovo,7400000
33,33.0,2.0,3.0,0.0,1.0,1.0,Poselenie Novofedorovskoe,2258508
60,,6.0,18.0,1.0,2.0,1.0,Krjukovo,6090300
53,33.0,9.0,9.0,1968.0,3.0,6.0,Juzhnoportovoe,6300000
59,38.0,4.0,5.0,1962.0,3.0,5.0,Metrogorodok,2000000
63,63.0,10.0,17.0,1.0,2.0,1.0,Poselenie Vnukovskoe,6449555
43,,19.0,1.0,2014.0,1.0,1.0,Mitino,6600879
65,26.0,1.0,4.0,2014.0,2.0,1.0,Poselenie Desjonovskoe,6296110
44,,14.0,24.0,1.0,1.0,1.0,Ramenki,7420050
45,30.0,1.0,5.0,1965.0,2.0,5.0,Nagatinskij Zaton,7000000
52,28.0,14.0,16.0,1981.0,2.0,11.0,Kapotnja,6600000
74,45.0,16.0,16.0,1987.0,3.0,9.0,Sokol'niki,21000000
38,,17.0,,,,,Nekrasovka,4015800
36,18.0,5.0,17.0,1992.0,1.0,7.0,Vyhino-Zhulebino,5500000
34,34.0,2.0,2.0,0.0,1.0,1.0,Poselenie Novofedorovskoe,1983000
37,19.0,11.0,12.0,1981.0,1.0,8.0,Bibirevo,3700000
61,34.0,2.0,9.0,1962.0,2.0,8.0,Kuz'minki,8930000
46,27.0,5.0,9.0,1974.0,2.0,5.0,Orehovo-Borisovo Juzhnoe,6850000
36,1.0,11.0,15.0,2017.0,1.0,1.0,Poselenie Sosenskoe,3610000
59,44.0,1.0,9.0,1970.0,3.0,6.0,Veshnjaki,3200000
39,,6.0,20.0,2016.0,1.0,10.0,Solncevo,4620233
61,31.0,14.0,14.0,2006.0,2.0,12.0,Severnoe,8700000
35,17.0,1.0,12.0,1980.0,1.0,9.0,Severnoe Medvedkovo,5920000
57,57.0,7.0,17.0,2016.0,1.0,10.0,Poselenie Desjonovskoe,6090800
74,51.0,4.0,5.0,1957.0,4.0,8.0,Danilovskoe,11000000
39,19.0,17.0,19.0,1998.0,1.0,8.0,Mar'ino,6300000
32,18.0,1.0,9.0,1972.0,1.0,6.0,Chertanovo Juzhnoe,995000
122,53.0,17.0,22.0,2003.0,3.0,20.0,Donskoe,28500000
49,32.0,3.0,12.0,1972.0,2.0,6.0,Matushkino,5850000
75,72.0,23.0,23.0,2015.0,2.0,1.0,Mitino,14964120
45,28.0,1.0,,,,,Jaroslavskoe,2000000
65,44.0,7.0,12.0,1971.0,3.0,9.0,Severnoe Medvedkovo,11500000
37,17.0,6.0,16.0,2003.0,1.0,8.0,Birjulevo Vostochnoe,5000000
34,17.0,1.0,5.0,1957.0,1.0,6.0,Presnenskoe,990000
36,21.0,3.0,9.0,1973.0,1.0,6.0,Mozhajskoe,6200000
77,,8.0,25.0,,3.0,1.0,Poselenie Moskovskij,6682663
40,38.0,9.0,17.0,2014.0,1.0,1.0,Nekrasovka,4400000
63,33.0,17.0,17.0,2003.0,2.0,12.0,Chertanovo Juzhnoe,1000000
51,31.0,4.0,12.0,1973.0,2.0,9.0,Teplyj Stan,8250000
61,36.0,4.0,6.0,1955.0,2.0,8.0,Severnoe Izmajlovo,11000000
78,77.0,8.0,8.0,2014.0,3.0,1.0,Nagatinskij Zaton,11400098
42,20.0,13.0,14.0,2012.0,1.0,10.0,Poselenie Voronovskoe,2400000
83,83.0,6.0,10.0,2015.0,2.0,1.0,Presnenskoe,25502712
38,19.0,9.0,16.0,1979.0,1.0,8.0,Horoshevskoe,7600000
45,30.0,2.0,9.0,1965.0,2.0,5.0,Hamovniki,11300000
44,28.0,4.0,12.0,1970.0,2.0,6.0,Jaroslavskoe,6690000
38,24.0,4.0,9.0,1965.0,2.0,5.0,Sokol,4500000
49,18.0,12.0,12.0,2014.0,1.0,1.0,Poselenie Voskresenskoe,4927650
38,20.0,18.0,22.0,2000.0,1.0,10.0,Mar'ino,6500000
42,42.0,1.0,7.0,2014.0,1.0,10.0,Poselenie Desjonovskoe,4425290
35,20.0,6.0,12.0,1969.0,1.0,9.0,Presnenskoe,8470000
67,,8.0,17.0,2016.0,2.0,1.0,Poselenie Sosenskoe,7743461
84,84.0,3.0,17.0,1.0,3.0,1.0,Zapadnoe Degunino,8403938
51,51.0,12.0,1.0,2014.0,1.0,1.0,Poselenie Sosenskoe,5098080
34,19.0,8.0,,,,,Veshnjaki,4950000
52,52.0,4.0,17.0,0.0,1.0,0.0,Poselenie Vnukovskoe,5688536
32,20.0,4.0,5.0,1963.0,1.0,5.0,Kuz'minki,5800000
38,19.0,10.0,16.0,1976.0,1.0,9.0,Bogorodskoe,1000000
49,31.0,6.0,12.0,1969.0,2.0,8.0,Vyhino-Zhulebino,6990000
33,17.0,2.0,5.0,1960.0,1.0,8.0,Timirjazevskoe,5500000
34,19.0,6.0,22.0,1991.0,1.0,7.0,Silino,4600000
39,20.0,1.0,12.0,1981.0,1.0,8.0,Strogino,6900000
81,,7.0,17.0,2016.0,3.0,1.0,Mitino,12534364
52,29.0,4.0,14.0,1984.0,2.0,8.0,Pokrovskoe Streshnevo,8700000
41,21.0,13.0,14.0,1988.0,1.0,8.0,Novo-Peredelkino,5650000
44,28.0,2.0,5.0,1963.0,2.0,5.0,Fili Davydkovo,6750000
44,27.0,1.0,9.0,1971.0,2.0,6.0,Mar'ina Roshha,7200000
37,37.0,7.0,17.0,2016.0,1.0,6.0,Solncevo,3870334
40,40.0,16.0,17.0,0.0,1.0,10.0,Solncevo,3971080
61,29.0,12.0,1.0,2014.0,2.0,10.0,Poselenie Voskresenskoe,5294700
70,46.0,5.0,5.0,1896.0,2.0,8.0,Danilovskoe,11000000
31,16.0,12.0,12.0,1972.0,1.0,7.0,Teplyj Stan,6300000
48,48.0,5.0,17.0,,1.0,1.0,Poselenie Sosenskoe,5924808
41,18.0,15.0,17.0,2013.0,1.0,9.0,Poselenie Vnukovskoe,3273560
53,53.0,8.0,10.0,2014.0,1.0,1.0,Izmajlovo,11011032
44,29.0,7.0,9.0,1971.0,2.0,6.0,Veshnjaki,6400000
44,28.0,4.0,9.0,1971.0,2.0,6.0,Vostochnoe Degunino,6550000
18,14.0,5.0,5.0,1970.0,1.0,1.0,Solncevo,1000000
55,28.0,9.0,14.0,2009.0,2.0,9.0,Savelki,7900000
32,18.0,1.0,9.0,1974.0,1.0,6.0,Teplyj Stan,5170000
39,,9.0,,,,,Nekrasovka,3831500
57,41.0,8.0,9.0,1963.0,3.0,6.0,Nagatino-Sadovniki,7970000
36,20.0,4.0,9.0,1972.0,1.0,5.0,Preobrazhenskoe,1500000
78,42.0,5.0,22.0,2013.0,2.0,10.0,Juzhnoe Tushino,7250000
64,41.0,2.0,6.0,1926.0,2.0,6.0,Mar'ina Roshha,11000000
72,72.0,9.0,12.0,2016.0,3.0,1.0,Poselenie Desjonovskoe,5870065
85,,5.0,,,,,Poselenie Moskovskij,8740561
36,18.0,7.0,,,,,Bogorodskoe,1000000
39,20.0,12.0,12.0,1984.0,1.0,8.0,Obruchevskoe,7500000
63,35.0,12.0,14.0,2006.0,2.0,13.0,Krjukovo,9800000
32,20.0,4.0,5.0,1967.0,1.0,5.0,Kon'kovo,6100000
67,35.0,8.0,25.0,2014.0,2.0,9.0,Poselenie Vnukovskoe,4798582
40,22.0,2.0,14.0,1974.0,2.0,6.0,Zjuzino,6650000
41,37.0,10.0,,,,,Poselenie Voskresenskoe,4186080
37,22.0,8.0,9.0,1962.0,2.0,7.0,Matushkino,5000000
51,31.0,6.0,10.0,1994.0,2.0,8.0,Juzhnoe Butovo,8800000
49,29.0,2.0,12.0,1981.0,2.0,7.0,Strogino,2000000
36,21.0,3.0,9.0,1975.0,1.0,6.0,Orehovo-Borisovo Juzhnoe,5950000
38,38.0,5.0,17.0,2016.0,1.0,10.0,Poselenie Desjonovskoe,4423526
42,26.0,5.0,,,,,Metrogorodok,5800000
54,27.0,2.0,4.0,2015.0,2.0,6.0,Poselenie Filimonkovskoe,3260544
52,52.0,17.0,17.0,2015.0,2.0,1.0,Tverskoe,5112656
81,81.0,1.0,10.0,2013.0,3.0,10.0,Poselenie Desjonovskoe,6674145
90,48.0,18.0,25.0,2010.0,2.0,15.0,Poselenie Moskovskij,5200000
64,45.0,5.0,12.0,1974.0,3.0,6.0,Vojkovskoe,1000000
45,31.0,8.0,9.0,1962.0,2.0,5.0,Horoshevo-Mnevniki,7550000
82,82.0,8.0,12.0,2014.0,3.0,1.0,Poselenie Sosenskoe,6905120
43,28.0,5.0,5.0,1960.0,2.0,5.0,Pokrovskoe Streshnevo,6600000
42,26.0,5.0,5.0,1961.0,2.0,5.0,Babushkinskoe,5200000
40,27.0,6.0,9.0,1965.0,2.0,5.0,Nagatinskij Zaton,7500000
69,41.0,5.0,12.0,1970.0,3.0,8.0,Hamovniki,19850000
34,18.0,2.0,14.0,1974.0,1.0,7.0,Pokrovskoe Streshnevo,6900000
54,41.0,2.0,5.0,1960.0,3.0,5.0,Koptevo,8700000
37,18.0,17.0,,,,,Krylatskoe,7800000
50,32.0,12.0,14.0,1966.0,2.0,7.0,Arbat,6000000
66,1.0,7.0,1.0,,2.0,1.0,Zapadnoe Degunino,5007450
82,44.0,14.0,17.0,1989.0,3.0,10.0,Solncevo,10500000
86,44.0,3.0,15.0,1980.0,3.0,10.0,Tverskoe,15500000
78,43.0,3.0,14.0,2000.0,3.0,12.0,Nagatino-Sadovniki,12200000
59,59.0,25.0,19.0,2015.0,2.0,1.0,Nekrasovka,6264600
88,85.0,3.0,21.0,2014.0,2.0,1.0,Kuncevo,6223000
44,28.0,3.0,12.0,1972.0,2.0,6.0,Chertanovo Juzhnoe,7200000
48,29.0,10.0,13.0,1969.0,2.0,7.0,Danilovskoe,9000000
63,30.0,10.0,12.0,2014.0,2.0,1.0,Poselenie Voskresenskoe,6298240
78,,17.0,17.0,2015.0,3.0,10.0,Poselenie Vnukovskoe,8122791
82,82.0,3.0,,,,,Poselenie Desjonovskoe,6236918
45,28.0,12.0,14.0,1973.0,2.0,5.0,Izmajlovo,6800000
34,19.0,5.0,4.0,1959.0,1.0,8.0,Koptevo,2000000
45,45.0,25.0,1.0,2013.0,3.0,1.0,Poselenie Sosenskoe,5278356
38,19.0,7.0,,,,,Novokosino,6100000
65,35.0,5.0,7.0,1950.0,2.0,7.0,Juzhnoportovoe,10500000
32,18.0,8.0,9.0,1971.0,1.0,6.0,Birjulevo Vostochnoe,5000000
41,,21.0,25.0,,1.0,1.0,Poselenie Moskovskij,4007536
41,16.0,14.0,25.0,2013.0,1.0,11.0,Ivanovskoe,2790189
65,65.0,6.0,1.0,2016.0,2.0,1.0,Tverskoe,7270038
51,29.0,1.0,14.0,1984.0,2.0,8.0,Pokrovskoe Streshnevo,2000000
72,46.0,2.0,8.0,1960.0,3.0,7.0,Ajeroport,12000000
52,,6.0,9.0,2014.0,1.0,1.0,Zapadnoe Degunino,3611262
37,17.0,4.0,24.0,2004.0,1.0,10.0,Zjuzino,7900000
62,25.0,5.0,18.0,2007.0,2.0,20.0,Mozhajskoe,13100000
44,28.0,5.0,5.0,1966.0,2.0,5.0,Severnoe Tushino,6800000
61,,18.0,22.0,2016.0,2.0,10.0,Poselenie Vnukovskoe,6996537
41,25.0,5.0,5.0,1960.0,2.0,5.0,Nagornoe,7800000
36,20.0,8.0,9.0,1975.0,1.0,5.0,Danilovskoe,7650000
55,32.0,2.0,16.0,1973.0,2.0,8.0,Prospekt Vernadskogo,11000000
52,1.0,9.0,1.0,2016.0,2.0,1.0,Poselenie Vnukovskoe,6457582
31,18.0,7.0,9.0,1964.0,1.0,5.0,Danilovskoe,6300000
48,44.0,9.0,9.0,2015.0,1.0,14.0,Zapadnoe Degunino,3519703
100,,9.0,1.0,1.0,2.0,1.0,Poselenie Sosenskoe,12100300
75,46.0,12.0,16.0,1981.0,3.0,10.0,Teplyj Stan,7500000
57,41.0,3.0,9.0,1971.0,3.0,5.0,Presnenskoe,11700000
41,26.0,5.0,,,,,Zjuzino,2500000
56,,5.0,22.0,2014.0,2.0,1.0,Nagatinskij Zaton,10634392
76,45.0,12.0,17.0,2001.0,3.0,10.0,Golovinskoe,11150000
31,30.0,3.0,5.0,1962.0,1.0,5.0,Kuncevo,5550000
34,17.0,12.0,12.0,1971.0,1.0,6.0,Birjulevo Vostochnoe,5100000
42,24.0,3.0,9.0,1982.0,2.0,7.0,Poselenie Shherbinka,3000000
53,31.0,11.0,16.0,1976.0,2.0,9.0,Zjablikovo,9300000
74,44.0,1.0,16.0,1982.0,3.0,10.0,Dmitrovskoe,8700000
56,40.0,9.0,9.0,1968.0,3.0,5.0,Alekseevskoe,5500000
37,19.0,15.0,16.0,1976.0,1.0,8.0,Levoberezhnoe,6600000
65,44.0,6.0,12.0,1971.0,3.0,7.0,Kon'kovo,14400000
73,42.0,9.0,22.0,1984.0,3.0,8.0,Ramenki,13350000
58,51.0,4.0,22.0,1981.0,2.0,8.0,Silino,2100000
45,30.0,2.0,5.0,1963.0,2.0,5.0,Kuz'minki,6650000
41,20.0,12.0,14.0,1984.0,1.0,8.0,Dmitrovskoe,5600000
78,45.0,5.0,17.0,2000.0,3.0,12.0,Hovrino,13400000
50,30.0,10.0,16.0,1981.0,2.0,8.0,Strogino,10000000
78,,6.0,12.0,2015.0,2.0,0.0,Poselenie Sosenskoe,6419820
54,32.0,5.0,16.0,1978.0,2.0,9.0,Troparevo-Nikulino,2000000
47,30.0,7.0,9.0,1977.0,2.0,6.0,Mozhajskoe,8907000
73,73.0,4.0,17.0,1996.0,3.0,10.0,Brateevo,5000000
81,,3.0,1.0,1.0,3.0,1.0,Mitino,11090281
96,68.0,3.0,5.0,1959.0,4.0,8.0,Perovo,1000000
37,,16.0,17.0,,1.0,1.0,Poselenie Vnukovskoe,4536719
32,20.0,1.0,5.0,1966.0,1.0,5.0,Perovo,4650000
159,115.0,2.0,4.0,1904.0,8.0,14.0,Basmannoe,35000000
46,,1.0,1.0,1.0,1.0,1.0,Poselenie Filimonkovskoe,5112684
116,67.0,3.0,14.0,1999.0,5.0,10.0,Vostochnoe Degunino,17600000
42,26.0,4.0,5.0,1961.0,2.0,5.0,Severnoe Izmajlovo,6300000
96,57.0,8.0,15.0,2012.0,3.0,9.0,Birjulevo Vostochnoe,8370000
35,14.0,18.0,22.0,2001.0,1.0,10.0,Moskvorech'e-Saburovo,6800000
38,37.0,15.0,17.0,2012.0,1.0,7.0,Juzhnoe Tushino,6332700
59,,18.0,25.0,2015.0,2.0,1.0,Nekrasovka,6087300
61,0.0,9.0,17.0,0.0,2.0,0.0,Poselenie Moskovskij,5849049
44,20.0,9.0,17.0,2013.0,1.0,9.0,Tverskoe,5481371
31,17.0,5.0,5.0,1969.0,1.0,5.0,Perovo,4850000
79,45.0,5.0,17.0,2010.0,3.0,12.0,Taganskoe,18550000
45,29.0,4.0,5.0,1961.0,2.0,5.0,Ljublino,6350000
43,31.0,3.0,5.0,1961.0,2.0,6.0,Vostochnoe Izmajlovo,6100000
50,29.0,2.0,12.0,1975.0,2.0,8.0,Chertanovo Juzhnoe,7050000
35,20.0,4.0,12.0,71.0,1.0,9.0,Troickij okrug,4200000
59,36.0,4.0,5.0,1960.0,2.0,7.0,Timirjazevskoe,10000000
39,23.0,2.0,14.0,1973.0,2.0,6.0,Ochakovo-Matveevskoe,6600000
37,37.0,14.0,17.0,0.0,1.0,1.0,Poselenie Vnukovskoe,5213641
56,,2.0,12.0,,2.0,1.0,Poselenie Desjonovskoe,4668188
74,51.0,3.0,12.0,1978.0,4.0,8.0,Hovrino,12500000
44,28.0,8.0,9.0,1979.0,2.0,6.0,Strogino,8625000
73,49.0,3.0,5.0,1954.0,3.0,8.0,Shhukino,14800000
54,28.0,17.0,17.0,2008.0,2.0,9.0,Timirjazevskoe,8200000
119,119.0,8.0,0.0,0.0,3.0,0.0,Presnenskoe,32652930
72,42.0,13.0,14.0,1999.0,3.0,10.0,Kapotnja,7700000
39,17.0,14.0,17.0,2008.0,1.0,8.0,Timirjazevskoe,5600000
83,45.0,9.0,24.0,2010.0,2.0,11.0,Chertanovo Severnoe,10363980
41,22.0,1.0,14.0,1978.0,2.0,6.0,Ivanovskoe,1000000
26,10.0,4.0,4.0,1967.0,1.0,6.0,Savelki,4250000
56,37.0,2.0,5.0,1966.0,3.0,6.0,Gol'janovo,6700000
38,,7.0,,,,,Nekrasovka,4134140
39,23.0,12.0,12.0,1966.0,2.0,6.0,Gol'janovo,6700000
39,23.0,12.0,,,,,Vyhino-Zhulebino,6300000
41,25.0,5.0,5.0,1962.0,2.0,5.0,Horoshevo-Mnevniki,6250000
37,18.0,1.0,17.0,2001.0,1.0,7.0,Severnoe Medvedkovo,5700000
38,18.0,5.0,17.0,2008.0,1.0,7.0,Juzhnoe Butovo,4600000
78,44.0,9.0,9.0,2007.0,3.0,11.0,Juzhnoe Butovo,10500000
39,23.0,9.0,12.0,1967.0,2.0,6.0,Severnoe Medvedkovo,6900000
42,21.0,12.0,12.0,1981.0,1.0,8.0,Babushkinskoe,6250000
54,32.0,7.0,14.0,2003.0,2.0,9.0,Donskoe,11000000
42,19.0,13.0,14.0,2006.0,1.0,8.0,Kosino-Uhtomskoe,6050000
50,30.0,1.0,14.0,1993.0,2.0,8.0,Mitino,8500000
38,23.0,4.0,14.0,1970.0,2.0,6.0,Losinoostrovskoe,5000000
63,36.0,8.0,1.0,2014.0,2.0,1.0,Poselenie Voskresenskoe,6700000
71,,1.0,17.0,,2.0,1.0,Poselenie Pervomajskoe,4515210
52,33.0,6.0,9.0,1974.0,3.0,6.0,Ljublino,7300000
44,30.0,1.0,5.0,1961.0,2.0,5.0,Sokolinaja Gora,5800000
54,32.0,2.0,17.0,2004.0,2.0,9.0,Severnoe Tushino,11500000
78,78.0,14.0,14.0,2015.0,3.0,10.0,Poselenie Sosenskoe,7949783
60,43.0,5.0,9.0,1968.0,3.0,5.0,Rjazanskij,5000000
59,36.0,5.0,9.0,1952.0,2.0,8.0,Sokol,3000000
60,27.0,3.0,3.0,2013.0,2.0,17.0,Veshnjaki,3299400
44,43.0,3.0,10.0,2013.0,1.0,10.0,Poselenie Filimonkovskoe,4098362
62,,2.0,20.0,0.0,2.0,1.0,Poselenie Vnukovskoe,6746700
54,32.0,11.0,16.0,2002.0,2.0,9.0,Juzhnoe Butovo,9300000
64,38.0,9.0,12.0,1979.0,3.0,8.0,Bibirevo,10050000
35,19.0,3.0,9.0,1974.0,1.0,6.0,Otradnoe,5600000
54,32.0,3.0,16.0,1982.0,2.0,9.0,Troparevo-Nikulino,11300000
42,21.0,5.0,12.0,1977.0,1.0,9.0,Ivanovskoe,5300000
72,49.0,3.0,4.0,1926.0,3.0,9.0,Hamovniki,18200000
54,32.0,3.0,5.0,1958.0,2.0,8.0,Perovo,8200000
58,30.0,6.0,12.0,2004.0,2.0,11.0,Kosino-Uhtomskoe,7750000
53,,3.0,,,,,Poselenie Filimonkovskoe,2859202
44,30.0,1.0,5.0,1964.0,2.0,5.0,Savelovskoe,5800000
46,30.0,4.0,12.0,1982.0,2.0,6.0,Poselenie Marushkinskoe,4250000
60,33.0,3.0,16.0,1982.0,2.0,10.0,Zapadnoe Degunino,2000000
100,63.0,4.0,22.0,2000.0,4.0,10.0,Brateevo,2000000
75,44.0,3.0,17.0,1988.0,3.0,10.0,Novo-Peredelkino,10400000
61,61.0,9.0,9.0,2015.0,1.0,1.0,Nekrasovka,6036800
38,19.0,13.0,16.0,1978.0,1.0,10.0,Gol'janovo,5300000
109,54.0,9.0,14.0,2001.0,3.0,11.0,Juzhnoe Butovo,13050000
59,34.0,4.0,22.0,2010.0,2.0,10.0,Marfino,12800000
51,28.0,5.0,12.0,1987.0,2.0,8.0,Izmajlovo,990000
52,52.0,15.0,17.0,1.0,2.0,1.0,Poselenie Moskovskij,5805038
81,41.0,16.0,18.0,2005.0,3.0,11.0,Severnoe Butovo,15600000
52,24.0,14.0,14.0,2009.0,2.0,11.0,Matushkino,2000000
46,46.0,4.0,25.0,2016.0,1.0,8.0,Mitino,7305887
39,21.0,14.0,14.0,1993.0,1.0,8.0,Birjulevo Zapadnoe,5200000
45,30.0,2.0,5.0,1962.0,2.0,5.0,Kuz'minki,7100000
38,19.0,12.0,12.0,2005.0,1.0,7.0,Kosino-Uhtomskoe,1000000
42,25.0,5.0,5.0,1962.0,2.0,5.0,Sokol'niki,7300000
51,30.0,17.0,17.0,2004.0,2.0,12.0,Juzhnoe Butovo,8200000
66,44.0,7.0,,,,,Teplyj Stan,990000
56,29.0,6.0,25.0,1979.0,2.0,8.0,Horoshevo-Mnevniki,1000000
90,90.0,3.0,8.0,1954.0,4.0,8.0,Gagarinskoe,29000000
51,51.0,3.0,17.0,2013.0,2.0,1.0,Nekrasovka,5115198
71,44.0,2.0,9.0,1983.0,3.0,9.0,Begovoe,16600000
45,18.0,9.0,17.0,2012.0,1.0,11.0,Poselenie Sosenskoe,2366410
46,28.0,5.0,5.0,1962.0,2.0,5.0,Kuz'minki,5000000
77,77.0,4.0,25.0,1.0,3.0,1.0,Poselenie Moskovskij,6404363
39,16.0,12.0,14.0,2009.0,1.0,8.0,Timirjazevskoe,5600000
76,45.0,17.0,17.0,1988.0,3.0,10.0,Mar'ino,10600000
80,47.0,9.0,14.0,1995.0,3.0,8.0,Vyhino-Zhulebino,11700000
91,58.0,6.0,25.0,1990.0,4.0,8.0,Kon'kovo,16000000
41,41.0,18.0,18.0,2014.0,1.0,1.0,Chertanovo Juzhnoe,7866595
59,,1.0,1.0,2014.0,2.0,1.0,Tverskoe,5722730
53,30.0,3.0,12.0,1983.0,2.0,8.0,Birjulevo Vostochnoe,7200000
38,19.0,9.0,17.0,2001.0,1.0,7.0,Severnoe Medvedkovo,6700000
51,30.0,14.0,17.0,1995.0,2.0,8.0,Mozhajskoe,8700000
51,30.0,7.0,16.0,1982.0,2.0,8.0,Babushkinskoe,11000000
32,18.0,6.0,9.0,1970.0,1.0,6.0,Chertanovo Central'noe,5400000
42,27.0,6.0,9.0,1976.0,2.0,6.0,Zjablikovo,1000000
54,31.0,3.0,9.0,1987.0,2.0,8.0,Poselenie Voskresenskoe,6100000
31,18.0,5.0,5.0,1963.0,1.0,5.0,Koptevo,1000000
37,15.0,9.0,9.0,1987.0,1.0,7.0,Dmitrovskoe,5450000
58,30.0,13.0,16.0,1998.0,2.0,12.0,Matushkino,7300000
42,27.0,3.0,5.0,1959.0,2.0,5.0,Ramenki,8500000
74,45.0,12.0,16.0,1981.0,3.0,10.0,Solncevo,9100000
57,37.0,6.0,9.0,1959.0,2.0,9.0,Vojkovskoe,3000000
58,43.0,1.0,9.0,1966.0,3.0,5.0,Severnoe Medvedkovo,8100000
61,,24.0,,,,,Mitino,8425690
53,30.0,6.0,12.0,1990.0,2.0,8.0,Nagatino-Sadovniki,10000000
46,18.0,17.0,17.0,2012.0,1.0,11.0,Poselenie Sosenskoe,5189000
52,30.0,3.0,12.0,1984.0,2.0,8.0,Birjulevo Vostochnoe,6625010
80,48.0,2.0,4.0,1927.0,3.0,6.0,Hamovniki,34800000
42,42.0,3.0,17.0,2015.0,1.0,10.0,Poselenie Sosenskoe,3667930
33,20.0,7.0,9.0,1971.0,1.0,5.0,Bogorodskoe,6350000
37,20.0,2.0,17.0,2015.0,1.0,10.0,Poselenie Desjonovskoe,3812055
72,43.0,5.0,14.0,1995.0,3.0,10.0,Novokosino,11000000
112,112.0,4.0,9.0,2017.0,3.0,1.0,Presnenskoe,35725920
45,17.0,10.0,19.0,2010.0,1.0,10.0,Izmajlovo,3371225
53,30.0,7.0,14.0,1995.0,2.0,8.0,Pechatniki,8200000
53,30.0,6.0,14.0,1996.0,2.0,8.0,Butyrskoe,3000000
35,20.0,6.0,9.0,1975.0,1.0,6.0,Otradnoe,6200000
42,42.0,9.0,,,,,Poselenie Moskovskij,3597271
56,42.0,4.0,5.0,1959.0,3.0,5.0,Akademicheskoe,8700000
40,25.0,5.0,5.0,1967.0,2.0,5.0,Ochakovo-Matveevskoe,6500000
60,34.0,16.0,17.0,1991.0,2.0,10.0,Horoshevskoe,12500000
43,27.0,3.0,5.0,1962.0,2.0,5.0,Shhukino,8100000
43,28.0,7.0,9.0,1970.0,2.0,6.0,Horoshevo-Mnevniki,8400000
38,19.0,2.0,17.0,1990.0,1.0,8.0,Mar'ino,7000000
32,18.0,4.0,9.0,1968.0,1.0,6.0,Hovrino,5800000
79,76.0,19.0,25.0,2015.0,1.0,1.0,Nekrasovka,7562000
35,35.0,3.0,15.0,2014.0,1.0,1.0,Poselenie Desjonovskoe,4392215
41,,15.0,17.0,,1.0,1.0,Tverskoe,4486500
39,38.0,23.0,23.0,2015.0,1.0,1.0,Nagornoe,10214398
38,,14.0,1.0,2013.0,1.0,1.0,Nekrasovka,4064688
48,28.0,4.0,9.0,1975.0,2.0,6.0,Staroe Krjukovo,2000000
64,46.0,12.0,12.0,1984.0,3.0,7.0,Butyrskoe,10300000
63,63.0,4.0,4.0,1.0,2.0,1.0,Poselenie Sosenskoe,6944889
32,,4.0,,,,,Tverskoe,3133100
31,16.0,5.0,5.0,1961.0,1.0,5.0,Rjazanskij,2000000
34,19.0,7.0,9.0,1977.0,1.0,6.0,Gol'janovo,5050000
51,,5.0,5.0,,2.0,1.0,Poselenie Shherbinka,4445576
40,23.0,7.0,12.0,1967.0,2.0,6.0,Nagatinskij Zaton,7400000
44,27.0,3.0,9.0,1975.0,2.0,6.0,Losinoostrovskoe,7250000
78,45.0,17.0,17.0,2005.0,3.0,10.0,Cheremushki,17700000
60,43.0,8.0,9.0,1971.0,3.0,6.0,Veshnjaki,7400000
64,36.0,3.0,5.0,1957.0,2.0,6.0,Perovo,9000000
70,,3.0,,,,,Poselenie Sosenskoe,5564090
74,46.0,12.0,24.0,2004.0,3.0,9.0,Juzhnoe Medvedkovo,12100000
35,19.0,2.0,9.0,1973.0,1.0,9.0,Horoshevskoe,7080000
56,35.0,6.0,6.0,1940.0,2.0,6.0,Ajeroport,12800000
77,47.0,16.0,33.0,2012.0,3.0,6.0,Nagatino-Sadovniki,11844000
59,34.0,9.0,17.0,1990.0,2.0,10.0,Mar'ino,9300000
61,33.0,5.0,17.0,2010.0,2.0,11.0,Obruchevskoe,12800000
167,,1.0,3.0,2015.0,3.0,10.0,Poselenie Rogovskoe,7923741
38,19.0,6.0,16.0,1981.0,1.0,8.0,Chertanovo Central'noe,5700000
64,29.0,12.0,17.0,2008.0,2.0,9.0,Izmajlovo,7000000
76,44.0,13.0,16.0,1981.0,3.0,10.0,Teplyj Stan,11900000
40,18.0,19.0,24.0,2010.0,1.0,10.0,Kosino-Uhtomskoe,1000000
38,,15.0,17.0,0.0,1.0,1.0,Tverskoe,4982595
46,46.0,11.0,20.0,,1.0,10.0,Poselenie Vnukovskoe,4303526
49,48.0,4.0,12.0,1973.0,2.0,5.0,Presnenskoe,10900000
79,44.0,2.0,16.0,1976.0,3.0,10.0,Jasenevo,14625000
66,,10.0,16.0,2015.0,2.0,1.0,Poselenie Sosenskoe,5489410
80,46.0,10.0,17.0,2004.0,3.0,11.0,Otradnoe,16800000
83,49.0,22.0,23.0,2008.0,3.0,9.0,Juzhnoe Medvedkovo,7361625
44,29.0,7.0,9.0,1974.0,2.0,6.0,Pechatniki,6500000
116,69.0,10.0,17.0,2006.0,3.0,14.0,Ramenki,43000000
45,28.0,9.0,6.0,1972.0,2.0,6.0,Vostochnoe Degunino,6000000
62,37.0,5.0,5.0,1961.0,2.0,8.0,Rostokino,8700000
38,,4.0,,,,,Nekrasovka,3921225
30,17.0,2.0,5.0,1966.0,1.0,5.0,Timirjazevskoe,1000000
38,20.0,7.0,14.0,1992.0,1.0,8.0,Severnoe Butovo,5800000
75,44.0,6.0,16.0,1975.0,3.0,10.0,Otradnoe,11850000
63,63.0,1.0,24.0,0.0,2.0,1.0,Tverskoe,6478000
59,59.0,6.0,22.0,2016.0,2.0,10.0,Poselenie Sosenskoe,6347240
39,19.0,9.0,17.0,1999.0,1.0,8.0,Zjuzino,2000000
79,41.0,4.0,21.0,2013.0,2.0,11.0,Izmajlovo,6400000
54,,3.0,18.0,2014.0,1.0,1.0,Poselenie Sosenskoe,4739280
30,19.0,1.0,5.0,1963.0,1.0,5.0,Zjuzino,5450000
55,39.0,1.0,9.0,1972.0,3.0,5.0,Shhukino,9000000
72,,5.0,0.0,,2.0,0.0,Poselenie Moskovskij,7993361
75,41.0,14.0,14.0,1997.0,3.0,8.0,Koptevo,12245000
47,47.0,18.0,1.0,2014.0,1.0,1.0,Nekrasovka,3853203
35,16.0,7.0,9.0,1974.0,1.0,9.0,Vyhino-Zhulebino,5100000
38,,17.0,,,,,Nekrasovka,3888500
53,32.0,5.0,17.0,1995.0,2.0,9.0,Vyhino-Zhulebino,7800000
45,29.0,3.0,5.0,1967.0,2.0,5.0,Ivanovskoe,5900000
82,82.0,13.0,20.0,2015.0,3.0,1.0,Poselenie Sosenskoe,9375982
39,21.0,1.0,12.0,1984.0,1.0,8.0,Birjulevo Vostochnoe,4850000
61,29.0,8.0,25.0,2013.0,2.0,12.0,Poselenie Voskresenskoe,6147735
44,30.0,2.0,5.0,1963.0,2.0,5.0,Shhukino,8100000
70,40.0,1.0,19.0,2012.0,2.0,11.0,Izmajlovo,6000000
40,24.0,18.0,19.0,1967.0,2.0,6.0,Prospekt Vernadskogo,7850000
93,,3.0,3.0,,3.0,1.0,Poselenie Sosenskoe,7782647
65,37.0,3.0,5.0,1954.0,2.0,8.0,Ochakovo-Matveevskoe,9900000
47,47.0,19.0,25.0,2014.0,1.0,1.0,Tverskoe,4935000
26,10.0,4.0,9.0,1970.0,1.0,1.0,Caricyno,4400000
52,30.0,6.0,12.0,1997.0,2.0,1.0,Mar'ino,7900000
32,21.0,6.0,9.0,1963.0,1.0,5.0,Kuz'minki,5250000
77,48.0,4.0,4.0,1958.0,3.0,8.0,Altuf'evskoe,9050000
84,80.0,12.0,17.0,2010.0,3.0,9.0,Nekrasovka,1100000
44,31.0,3.0,5.0,1963.0,2.0,5.0,Filevskij Park,8300000
57,40.0,2.0,,,,,Vojkovskoe,6850000
38,23.0,7.0,9.0,1965.0,2.0,6.0,Tekstil'shhiki,6000000
60,32.0,16.0,17.0,2014.0,2.0,12.0,Juzhnoe Medvedkovo,2000000
39,19.0,6.0,10.0,1995.0,1.0,8.0,Vyhino-Zhulebino,5800000
71,41.0,10.0,12.0,1982.0,3.0,8.0,Butyrskoe,2000000
45,28.0,5.0,5.0,1959.0,2.0,6.0,Fili Davydkovo,7000000
104,65.0,5.0,19.0,2011.0,3.0,12.0,Ajeroport,14191417
42,26.0,1.0,9.0,1969.0,2.0,6.0,Severnoe Tushino,2000000
60,34.0,6.0,22.0,1995.0,2.0,10.0,Juzhnoe Butovo,8250000
63,63.0,8.0,17.0,2016.0,2.0,9.0,Poselenie Vnukovskoe,7265822
41,26.0,7.0,9.0,1966.0,2.0,5.0,Sokol,7800000
32,18.0,2.0,9.0,1969.0,1.0,6.0,Pechatniki,5200000
52,30.0,12.0,,,,,Birjulevo Vostochnoe,6900000
38,19.0,13.0,17.0,1984.0,1.0,8.0,Losinoostrovskoe,7700000
35,18.0,1.0,12.0,1977.0,1.0,6.0,Altuf'evskoe,5400000
44,28.0,6.0,9.0,1969.0,2.0,6.0,Pechatniki,3700000
45,29.0,3.0,9.0,1974.0,2.0,6.0,Otradnoe,8000000
81,48.0,9.0,14.0,1992.0,3.0,8.0,Severnoe Butovo,10600000
56,32.0,7.0,18.0,2003.0,2.0,10.0,Ljublino,8000000
48,48.0,3.0,3.0,2016.0,2.0,0.0,Poselenie Moskovskij,5323512
51,51.0,7.0,7.0,2016.0,2.0,1.0,Nekrasovka,7180323
64,,8.0,17.0,,2.0,10.0,Orehovo-Borisovo Severnoe,5517392
45,28.0,3.0,9.0,1969.0,2.0,6.0,Pechatniki,7150000
40,26.0,4.0,5.0,1966.0,2.0,5.0,Golovinskoe,7500000
54,30.0,4.0,14.0,1990.0,2.0,8.0,Krjukovo,6450000
40,27.0,5.0,9.0,1970.0,2.0,5.0,Filevskij Park,2000000
38,19.0,10.0,,,,,Otradnoe,990000
37,19.0,7.0,14.0,1978.0,1.0,9.0,Pechatniki,5500000
60,34.0,7.0,16.0,1981.0,2.0,10.0,Mar'ino,8650000
57,27.0,13.0,22.0,2006.0,2.0,9.0,Ivanovskoe,9200000
56,31.0,13.0,17.0,2006.0,2.0,8.0,Lianozovo,3000000
80,40.0,7.0,24.0,2009.0,3.0,9.0,Lomonosovskoe,18500000
45,28.0,5.0,5.0,1961.0,2.0,5.0,Ajeroport,6500000
35,18.0,6.0,12.0,1975.0,1.0,6.0,Bibirevo,1000000
38,19.0,16.0,17.0,2009.0,1.0,7.0,Pechatniki,2000000
52,30.0,12.0,17.0,2009.0,2.0,9.0,Nekrasovka,6750000
31,21.0,8.0,9.0,1964.0,1.0,5.0,Nagornoe,6050000
35,35.0,22.0,,,,,Poselenie Sosenskoe,4009600
69,38.0,7.0,10.0,2001.0,2.0,11.0,Juzhnoe Butovo,9500000
38,,14.0,17.0,,1.0,1.0,Nekrasovka,4064688
27,14.0,1.0,12.0,1999.0,1.0,5.0,Mitino,4600000
63,46.0,2.0,9.0,1971.0,4.0,5.0,Chertanovo Juzhnoe,8200000
58,34.0,10.0,22.0,1989.0,2.0,10.0,Shhukino,11350000
37,17.0,14.0,17.0,2012.0,1.0,10.0,Poselenie Desjonovskoe,2800000
57,34.0,10.0,10.0,1983.0,2.0,10.0,Mar'ina Roshha,3000000
57,,3.0,17.0,,2.0,1.0,Poselenie Moskovskij,6218599
32,18.0,7.0,9.0,1977.0,1.0,5.0,Zjablikovo,1000000
38,22.0,5.0,9.0,1963.0,2.0,7.0,Savelovskoe,6850000
43,27.0,3.0,5.0,1958.0,3.0,5.0,Fili Davydkovo,6100000
35,14.0,1.0,,,,,Juzhnoe Butovo,5200000
37,23.0,3.0,9.0,1964.0,2.0,7.0,Presnenskoe,9000000
85,,4.0,22.0,0.0,3.0,1.0,Poselenie Vnukovskoe,9467081
31,21.0,2.0,9.0,1963.0,1.0,5.0,Kuz'minki,5700000
60,46.0,3.0,,,,,Beskudnikovskoe,6900000
64,63.0,7.0,7.0,2015.0,3.0,0.0,Poselenie Filimonkovskoe,4120038
78,46.0,7.0,16.0,1976.0,3.0,10.0,Zjablikovo,11950000
56,,4.0,1.0,2013.0,2.0,1.0,Mitino,8857447
38,19.0,5.0,,,,,Severnoe Medvedkovo,6120000
55,39.0,2.0,4.0,1959.0,2.0,6.0,Sviblovo,9500000
77,40.0,16.0,,,,,Poselenie Voskresenskoe,6355450
53,32.0,2.0,8.0,1958.0,2.0,8.0,Hamovniki,14000000
46,28.0,6.0,9.0,1971.0,2.0,6.0,Pechatniki,2000000
38,19.0,6.0,10.0,1995.0,1.0,8.0,Vyhino-Zhulebino,6250000
81,39.0,0.0,12.0,2008.0,2.0,15.0,Poselenie Rjazanovskoe,7650000
34,18.0,5.0,12.0,1971.0,1.0,9.0,Tekstil'shhiki,5850000
37,19.0,2.0,16.0,1995.0,1.0,9.0,Dmitrovskoe,5400000
37,37.0,1.0,16.0,1979.0,1.0,8.0,Strogino,6700000
66,66.0,3.0,9.0,2015.0,2.0,1.0,Sviblovo,10098000
35,35.0,17.0,25.0,0.0,1.0,0.0,Poselenie Sosenskoe,4117000
60,33.0,12.0,,,,,Golovinskoe,10600000
68,46.0,4.0,16.0,1975.0,3.0,7.0,Otradnoe,11700000
34,19.0,2.0,12.0,1967.0,1.0,9.0,Fili Davydkovo,6750000
38,19.0,9.0,17.0,1985.0,1.0,8.0,Ramenki,7900000
30,18.0,5.0,5.0,1965.0,1.0,5.0,Ljublino,5000000
39,23.0,7.0,12.0,1967.0,2.0,6.0,Golovinskoe,7100000
77,,5.0,1.0,1.0,3.0,1.0,Krjukovo,7837600
79,79.0,5.0,5.0,,2.0,1.0,Poselenie Moskovskij,8222823
49,28.0,1.0,9.0,1975.0,2.0,8.0,Orehovo-Borisovo Juzhnoe,6700000
53,32.0,12.0,17.0,2011.0,2.0,8.0,Nekrasovka,6500000
58,33.0,12.0,14.0,2012.0,2.0,11.0,Poselenie Voskresenskoe,5450000
78,55.0,2.0,5.0,1958.0,3.0,8.0,Danilovskoe,11150000
93,56.0,2.0,5.0,1929.0,3.0,12.0,Meshhanskoe,21600000
76,45.0,10.0,17.0,1970.0,3.0,10.0,Ramenki,14400000
45,28.0,1.0,9.0,1968.0,2.0,6.0,Kon'kovo,7300000
31,17.0,5.0,5.0,1969.0,1.0,5.0,Poselenie Moskovskij,4350000
61,42.0,5.0,12.0,1976.0,3.0,6.0,Ljublino,7500000
32,21.0,3.0,9.0,1966.0,1.0,5.0,Vyhino-Zhulebino,1200000
31,17.0,2.0,4.0,1962.0,1.0,5.0,Juzhnoe Tushino,4880000
58,41.0,3.0,9.0,1971.0,3.0,6.0,Veshnjaki,7800000
76,42.0,6.0,18.0,2009.0,3.0,11.0,Kuncevo,2000000
61,58.0,19.0,1.0,2015.0,2.0,1.0,Mitino,9924470
68,41.0,16.0,16.0,1979.0,3.0,8.0,Lianozovo,10700000
42,28.0,5.0,5.0,1960.0,2.0,5.0,Zjuzino,6250000
59,44.0,9.0,9.0,1967.0,3.0,6.0,Severnoe Izmajlovo,7900000
59,42.0,7.0,9.0,1974.0,3.0,5.0,Staroe Krjukovo,6950000
61,32.0,8.0,17.0,2012.0,2.0,13.0,Nekrasovka,6150880
50,25.0,14.0,17.0,2000.0,2.0,10.0,Horoshevo-Mnevniki,11000000
64,33.0,13.0,14.0,2008.0,2.0,12.0,Beskudnikovskoe,10300000
36,19.0,14.0,16.0,1978.0,1.0,8.0,Lianozovo,6100000
54,32.0,6.0,16.0,1982.0,2.0,9.0,Troparevo-Nikulino,10500000
38,37.0,6.0,17.0,2006.0,1.0,7.0,Kosino-Uhtomskoe,5500000
118,71.0,15.0,17.0,2001.0,4.0,10.0,Levoberezhnoe,21900000
61,31.0,6.0,14.0,2006.0,2.0,9.0,Kosino-Uhtomskoe,9300000
86,50.0,15.0,16.0,2002.0,3.0,10.0,Mar'ino,12500000
60,34.0,2.0,,,,,Kurkino,8500000
32,18.0,5.0,9.0,1975.0,1.0,6.0,Otradnoe,2000000
72,43.0,9.0,17.0,1986.0,3.0,10.0,Orehovo-Borisovo Juzhnoe,9470000
35,20.0,1.0,12.0,1979.0,1.0,9.0,Orehovo-Borisovo Juzhnoe,4800000
39,19.0,7.0,17.0,1983.0,1.0,8.0,Birjulevo Vostochnoe,2000000
30,18.0,3.0,,,,,Ljublino,4450000
38,23.0,14.0,14.0,1971.0,2.0,6.0,Akademicheskoe,8000000
29,15.0,1.0,4.0,1968.0,1.0,7.0,Poselenie Krasnopahorskoe,3050000
43,28.0,5.0,9.0,1966.0,2.0,5.0,Perovo,2000000
57,53.0,23.0,25.0,2015.0,2.0,9.0,Mitino,9638376
40,20.0,12.0,12.0,1975.0,1.0,8.0,Ivanovskoe,4600000
59,57.0,10.0,,,,,Poselenie Desjonovskoe,4535599
58,37.0,5.0,9.0,1974.0,3.0,5.0,Staroe Krjukovo,7300000
62,38.0,8.0,9.0,1974.0,3.0,8.0,Teplyj Stan,3000000
27,14.0,4.0,,,,,Severnoe Tushino,4900000
38,19.0,5.0,12.0,1988.0,1.0,8.0,Troickij okrug,4450000
38,38.0,11.0,17.0,2015.0,1.0,8.0,Nekrasovka,4268000
36,19.0,10.0,25.0,2001.0,1.0,8.0,Novokosino,6300000
35,20.0,10.0,12.0,1968.0,1.0,9.0,Severnoe Izmajlovo,5750000
37,22.0,8.0,9.0,1964.0,2.0,7.0,Hamovniki,9300000
42,26.0,2.0,5.0,1961.0,2.0,5.0,Bogorodskoe,6200000
34,19.0,7.0,12.0,1968.0,1.0,9.0,Gol'janovo,6000000
30,18.0,1.0,5.0,1962.0,1.0,6.0,Losinoostrovskoe,1000000
45,29.0,9.0,9.0,1970.0,2.0,6.0,Veshnjaki,7700000
33,,6.0,17.0,,1.0,1.0,Poselenie Moskovskij,4452282
48,33.0,3.0,5.0,1977.0,2.0,5.0,Poselenie Mihajlovo-Jarcevskoe,3480000
61,1.0,13.0,17.0,2014.0,2.0,1.0,Nekrasovka,6304515
32,18.0,3.0,9.0,1975.0,1.0,6.0,Otradnoe,5700000
107,60.0,10.0,17.0,2006.0,4.0,13.0,Butyrskoe,8000000
117,67.0,5.0,14.0,2011.0,3.0,11.0,Jakimanka,14700000
38,19.0,5.0,17.0,1990.0,1.0,8.0,Severnoe Butovo,6150000
88,58.0,5.0,8.0,1958.0,3.0,10.0,Lomonosovskoe,22500000
79,35.0,11.0,24.0,2006.0,2.0,12.0,Chertanovo Central'noe,15900000
38,19.0,7.0,14.0,1974.0,1.0,9.0,Hovrino,5550000
38,20.0,2.0,12.0,1982.0,1.0,8.0,Tverskoe,6700000
117,,5.0,1.0,2014.0,3.0,1.0,Zamoskvorech'e,37038840
54,32.0,5.0,16.0,1977.0,2.0,9.0,Lianozovo,8500000
137,89.0,1.0,3.0,2013.0,2.0,42.0,Poselenie Pervomajskoe,5301000
54,32.0,12.0,16.0,1977.0,2.0,9.0,Jasenevo,9990000
65,46.0,7.0,,,,,Teplyj Stan,10300000
211,162.0,5.0,5.0,1914.0,6.0,19.0,Presnenskoe,70000000
45,27.0,5.0,12.0,1972.0,2.0,6.0,Teplyj Stan,1000000
37,1.0,1.0,1.0,1.0,1.0,1.0,Nekrasovka,5005000
43,42.0,12.0,,,,,Kosino-Uhtomskoe,5800000
39,25.0,1.0,5.0,1964.0,2.0,5.0,Marfino,6400000
39,19.0,6.0,14.0,1977.0,1.0,9.0,Otradnoe,6700000
60,,4.0,,,,,Poselenie Voskresenskoe,5119725
48,43.0,2.0,1.0,1.0,2.0,1.0,Krjukovo,5023200
32,21.0,9.0,9.0,1964.0,1.0,5.0,Danilovskoe,6250000
37,19.0,16.0,17.0,2009.0,1.0,7.0,Pechatniki,6650000
36,15.0,14.0,22.0,2013.0,1.0,9.0,Birjulevo Vostochnoe,5625900
37,19.0,7.0,16.0,1978.0,1.0,9.0,Ljublino,6390000
44,44.0,3.0,9.0,1966.0,2.0,6.0,Koptevo,7150000
39,20.0,1.0,12.0,1984.0,1.0,8.0,Otradnoe,6250000
56,37.0,2.0,9.0,1977.0,3.0,6.0,Severnoe Butovo,7700000
107,58.0,13.0,17.0,1984.0,4.0,10.0,Krylatskoe,29000000
43,39.0,2.0,25.0,2015.0,1.0,0.0,Mitino,7246612
28,17.0,2.0,5.0,1964.0,1.0,5.0,Rjazanskij,5450000
38,20.0,8.0,10.0,2003.0,1.0,8.0,Matushkino,5000000
64,64.0,8.0,17.0,0.0,2.0,10.0,Solncevo,5892160
51,51.0,7.0,17.0,0.0,2.0,1.0,Poselenie Vnukovskoe,6314860
42,28.0,4.0,5.0,1965.0,2.0,5.0,Beskudnikovskoe,6400000
59,31.0,18.0,18.0,2009.0,2.0,8.0,Lomonosovskoe,18500000
31,19.0,9.0,9.0,1963.0,1.0,5.0,Nagatino-Sadovniki,6200000
63,45.0,16.0,,,,,Krjukovo,6200000
76,45.0,2.0,17.0,2000.0,3.0,10.0,Vostochnoe Degunino,2000000
55,31.0,4.0,,,,,Ochakovo-Matveevskoe,11113200
59,44.0,3.0,9.0,1967.0,3.0,5.0,Kuz'minki,8600000
48,30.0,7.0,9.0,1973.0,2.0,5.0,Staroe Krjukovo,1000000
37,36.0,7.0,,,,,Poselenie Sosenskoe,3691660
32,20.0,5.0,5.0,1962.0,1.0,5.0,Sokolinaja Gora,2000000
47,,9.0,0.0,,1.0,0.0,Poselenie Voskresenskoe,5000550
37,22.0,9.0,9.0,1964.0,2.0,6.0,Sviblovo,6950000
35,14.0,4.0,12.0,1999.0,1.0,10.0,Juzhnoe Butovo,6100000
31,18.0,1.0,8.0,1959.0,1.0,5.0,Juzhnoportovoe,4800000
31,18.0,2.0,5.0,1960.0,1.0,5.0,Moskvorech'e-Saburovo,5500000
59,43.0,1.0,4.0,1926.0,2.0,2.0,Presnenskoe,12700000
64,40.0,3.0,16.0,1976.0,3.0,8.0,Bibirevo,11730000
75,43.0,5.0,16.0,1983.0,3.0,10.0,Babushkinskoe,12500000
33,16.0,4.0,5.0,1951.0,1.0,8.0,Basmannoe,5800000
52,,2.0,1.0,1.0,1.0,1.0,Poselenie Vnukovskoe,5637377
45,1.0,3.0,3.0,2015.0,1.0,1.0,Zapadnoe Degunino,3707340
53,30.0,3.0,14.0,1994.0,2.0,8.0,Teplyj Stan,9750000
79,,6.0,17.0,,3.0,1.0,Poselenie Moskovskij,7363352
63,43.0,8.0,9.0,1969.0,3.0,7.0,Vojkovskoe,10500000
76,43.0,14.0,22.0,1993.0,3.0,10.0,Krjukovo,10070000
49,37.0,4.0,4.0,1957.0,3.0,4.0,Akademicheskoe,11400000
44,26.0,3.0,,,,,Zjablikovo,5900000
40,27.0,1.0,5.0,1964.0,2.0,4.0,Dmitrovskoe,5500000
37,22.0,3.0,9.0,1966.0,2.0,7.0,Donskoe,6800000
40,23.0,2.0,9.0,1962.0,2.0,6.0,Alekseevskoe,8200000
74,74.0,0.0,0.0,2015.0,2.0,0.0,Poselenie Sosenskoe,5802830
38,23.0,9.0,12.0,1970.0,2.0,6.0,Ajeroport,7800000
17,13.0,5.0,5.0,1962.0,1.0,0.0,Vostochnoe Izmajlovo,3200000
64,44.0,14.0,14.0,1973.0,3.0,9.0,Ochakovo-Matveevskoe,10800000
30,18.0,7.0,9.0,1969.0,1.0,5.0,Dmitrovskoe,4650000
58,37.0,8.0,9.0,1976.0,3.0,7.0,Pokrovskoe Streshnevo,10400000
38,20.0,6.0,14.0,1992.0,1.0,8.0,Mitino,6850000
52,30.0,17.0,17.0,2004.0,2.0,9.0,Taganskoe,12400000
75,,6.0,17.0,,3.0,0.0,Nekrasovka,6750000
37,19.0,3.0,16.0,1985.0,1.0,9.0,Vostochnoe Izmajlovo,5750000
41,24.0,6.0,,,,,Krasnosel'skoe,7000000
79,53.0,5.0,8.0,1958.0,3.0,8.0,Timirjazevskoe,16800000
57,33.0,15.0,17.0,2005.0,2.0,10.0,Krjukovo,6650000
40,38.0,17.0,17.0,2014.0,1.0,1.0,Nekrasovka,4800000
58,35.0,2.0,,,,,Juzhnoportovoe,10500000
38,19.0,17.0,17.0,2010.0,1.0,7.0,Zjuzino,5199000
19,13.0,2.0,5.0,1961.0,1.0,0.0,Sokolinaja Gora,3670000
40,20.0,14.0,14.0,1986.0,1.0,8.0,Ljublino,6100000
39,24.0,4.0,5.0,1963.0,2.0,5.0,Ljublino,5950000
84,54.0,2.0,3.0,1931.0,3.0,11.0,Danilovskoe,14000000
62,34.0,2.0,17.0,2013.0,2.0,9.0,Poselenie Shherbinka,3943445
27,,19.0,,,,,Poselenie Sosenskoe,2910400
55,32.0,7.0,8.0,1962.0,2.0,8.0,Presnenskoe,13900000
78,,3.0,3.0,2015.0,3.0,10.0,Tverskoe,6600000
30,18.0,3.0,5.0,1960.0,1.0,5.0,Perovo,5040000
51,30.0,12.0,17.0,2001.0,2.0,8.0,Zapadnoe Degunino,8200000
61,1.0,13.0,17.0,2014.0,2.0,1.0,Nekrasovka,6036800
57,33.0,22.0,25.0,2013.0,2.0,1.0,Ochakovo-Matveevskoe,11135145
60,33.0,15.0,17.0,1997.0,2.0,10.0,Mitino,10000000
38,30.0,6.0,10.0,1983.0,2.0,0.0,Birjulevo Zapadnoe,2700000
36,19.0,2.0,4.0,1958.0,1.0,7.0,Fili Davydkovo,6000000
38,19.0,10.0,22.0,2010.0,1.0,10.0,Marfino,8990000
96,56.0,3.0,5.0,1957.0,3.0,8.0,Vojkovskoe,14630000
33,19.0,8.0,9.0,1974.0,1.0,7.0,Teplyj Stan,3000000
54,28.0,6.0,15.0,2007.0,2.0,9.0,Krjukovo,7400000
48,28.0,4.0,5.0,1.0,2.0,5.0,Chertanovo Central'noe,5100000
79,79.0,11.0,17.0,,3.0,1.0,Poselenie Filimonkovskoe,6925847
46,28.0,12.0,12.0,1975.0,2.0,6.0,Bibirevo,2000000
31,18.0,5.0,8.0,1962.0,1.0,6.0,Sokolinaja Gora,6200000
38,38.0,11.0,17.0,2015.0,1.0,1.0,Poselenie Vnukovskoe,4564326
49,21.0,11.0,19.0,2008.0,1.0,10.0,Chertanovo Central'noe,6000000
52,52.0,14.0,17.0,1.0,2.0,1.0,Poselenie Vnukovskoe,7156605
75,45.0,14.0,16.0,2009.0,3.0,10.0,Juzhnoe Medvedkovo,990000
53,,1.0,3.0,1.0,2.0,1.0,Poselenie Novofedorovskoe,3121872
68,37.0,5.0,5.0,1957.0,3.0,7.0,Filevskij Park,12300000
83,41.0,4.0,1.0,2011.0,2.0,16.0,Zjuzino,17516236
47,30.0,7.0,9.0,1968.0,2.0,6.0,Timirjazevskoe,8500000
39,21.0,4.0,14.0,1989.0,1.0,8.0,Silino,4700000
79,,4.0,17.0,2016.0,3.0,10.0,Solncevo,7047521
75,48.0,5.0,5.0,1957.0,3.0,8.0,Danilovskoe,11500000
79,45.0,4.0,22.0,2003.0,3.0,10.0,Obruchevskoe,15500000
74,46.0,3.0,16.0,1977.0,3.0,10.0,Jasenevo,5000000
54,32.0,10.0,12.0,1997.0,2.0,9.0,Mar'ino,8500000
40,,2.0,22.0,,1.0,1.0,Poselenie Vnukovskoe,5699463
69,,8.0,,,,,Izmajlovo,12581315
60,28.0,7.0,7.0,2013.0,2.0,10.0,Krjukovo,6292000
62,,5.0,5.0,2014.0,2.0,1.0,Tekstil'shhiki,6334200
63,,3.0,1.0,2013.0,2.0,1.0,Poselenie Voskresenskoe,6175000
41,41.0,9.0,17.0,,1.0,1.0,Poselenie Moskovskij,4485481
82,82.0,3.0,6.0,2013.0,2.0,10.0,Troickij okrug,3502000
38,20.0,2.0,14.0,1988.0,1.0,8.0,Novo-Peredelkino,5900000
79,42.0,5.0,22.0,2009.0,3.0,10.0,Otradnoe,12200000
44,27.0,3.0,9.0,1975.0,2.0,6.0,Teplyj Stan,8300000
45,28.0,2.0,5.0,1967.0,2.0,5.0,Ljublino,5800000
158,158.0,4.0,,,,,Izmajlovo,36613500
62,32.0,8.0,14.0,2007.0,2.0,11.0,Staroe Krjukovo,7600000
55,31.0,5.0,12.0,1990.0,2.0,8.0,Basmannoe,2000000
41,25.0,4.0,5.0,1961.0,2.0,5.0,Timirjazevskoe,6300000
37,19.0,16.0,17.0,2013.0,1.0,7.0,Nekrasovka,3800000
46,40.0,30.0,32.0,2006.0,1.0,0.0,Beskudnikovskoe,3200000
55,31.0,2.0,14.0,1973.0,2.0,8.0,Nagatinskij Zaton,10400000
32,18.0,1.0,9.0,1975.0,1.0,6.0,Otradnoe,5100000
45,19.0,19.0,24.0,2014.0,1.0,1.0,Levoberezhnoe,8170200
77,45.0,9.0,14.0,1996.0,3.0,10.0,Mar'ino,12300000
38,20.0,10.0,12.0,1985.0,1.0,8.0,Perovo,1000000
35,35.0,7.0,9.0,1971.0,1.0,6.0,Vostochnoe Degunino,5100000
35,20.0,5.0,9.0,1980.0,1.0,6.0,Orehovo-Borisovo Juzhnoe,6200000
32,18.0,4.0,9.0,1971.0,1.0,6.0,Beskudnikovskoe,4900000
32,18.0,9.0,9.0,1968.0,1.0,6.0,Nagatinskij Zaton,6450000
30,12.0,1.0,5.0,1963.0,1.0,8.0,Akademicheskoe,6700000
63,,2.0,17.0,,2.0,1.0,Nekrasovka,6530200
53,30.0,9.0,16.0,1978.0,2.0,8.0,Ljublino,8500000
32,18.0,3.0,9.0,1975.0,1.0,6.0,Otradnoe,7000000
38,38.0,2.0,17.0,2014.0,1.0,1.0,Poselenie Desjonovskoe,3512067
44,30.0,1.0,5.0,1963.0,2.0,5.0,Zjuzino,6150000
102,80.0,5.0,25.0,2016.0,1.0,20.0,Hovrino,12900000
56,37.0,2.0,5.0,1964.0,3.0,6.0,Caricyno,8200000
39,38.0,14.0,22.0,1954.0,1.0,10.0,Golovinskoe,6700000
38,19.0,9.0,16.0,1980.0,1.0,8.0,Mar'ino,5800000
56,30.0,16.0,22.0,2007.0,2.0,10.0,Bogorodskoe,11300000
34,19.0,1.0,7.0,1969.0,1.0,9.0,Ochakovo-Matveevskoe,5100000
42,27.0,2.0,,,,,Akademicheskoe,7950000
51,29.0,12.0,12.0,1977.0,2.0,8.0,Ivanovskoe,7250000
38,20.0,15.0,22.0,1992.0,1.0,10.0,Chertanovo Central'noe,7600000
78,,3.0,16.0,2015.0,2.0,1.0,Poselenie Sosenskoe,6807472
72,43.0,14.0,17.0,1994.0,3.0,10.0,Juzhnoe Butovo,10750000
38,,8.0,1.0,2013.0,1.0,1.0,Tverskoe,4107950
56,30.0,16.0,20.0,1997.0,2.0,11.0,Kuncevo,13000000
60,43.0,3.0,9.0,1966.0,3.0,6.0,Hovrino,8350000
60,60.0,1.0,1.0,1.0,1.0,1.0,Nekrasovka,6720000
74,74.0,10.0,,,,,Poselenie Moskovskij,6066703
32,20.0,9.0,9.0,1968.0,1.0,5.0,Dmitrovskoe,5600000
84,52.0,6.0,14.0,2001.0,3.0,10.0,Beskudnikovskoe,16000000
65,65.0,2.0,12.0,0.0,2.0,0.0,Zapadnoe Degunino,5275332
74,45.0,7.0,17.0,1992.0,3.0,10.0,Severnoe Butovo,11900000
55,,18.0,25.0,,3.0,0.0,Poselenie Sosenskoe,6127000
42,27.0,3.0,5.0,1965.0,2.0,5.0,Preobrazhenskoe,6750000
51,29.0,7.0,14.0,1993.0,2.0,8.0,Severnoe Butovo,8800000
62,38.0,6.0,,,,,Strogino,2000000
37,22.0,9.0,9.0,1967.0,2.0,7.0,Presnenskoe,6400000
35,20.0,4.0,12.0,1970.0,1.0,9.0,Perovo,6200000
53,30.0,5.0,14.0,1994.0,2.0,8.0,Mitino,8900000
37,19.0,16.0,16.0,1982.0,1.0,8.0,Kuncevo,8150000
85,85.0,6.0,20.0,0.0,3.0,0.0,Poselenie Vnukovskoe,9266284
154,82.0,24.0,24.0,2004.0,4.0,25.0,Mozhajskoe,30000000
33,18.0,12.0,14.0,1970.0,1.0,8.0,Juzhnoe Medvedkovo,6250000
51,30.0,2.0,12.0,1981.0,2.0,8.0,Kuncevo,1000000
48,19.0,7.0,,,,,Nizhegorodskoe,5750000
79,1.0,11.0,18.0,1.0,3.0,1.0,Krjukovo,8485100
64,23.0,1.0,8.0,1960.0,2.0,7.0,Sokol,11900000
36,20.0,10.0,12.0,1968.0,1.0,9.0,Zapadnoe Degunino,5900000
37,18.0,7.0,,,,,Severnoe Medvedkovo,3500000
39,38.0,4.0,15.0,2006.0,1.0,8.0,Krjukovo,4900000
51,28.0,10.0,16.0,1982.0,2.0,11.0,Sokolinaja Gora,8650000
53,34.0,4.0,5.0,1896.0,3.0,6.0,Danilovskoe,9700000
56,35.0,4.0,5.0,1960.0,2.0,9.0,Lomonosovskoe,13300000
40,23.0,8.0,14.0,1973.0,2.0,6.0,Ochakovo-Matveevskoe,7100000
97,45.0,11.0,34.0,2008.0,2.0,34.0,Ajeroport,27700000
32,18.0,6.0,9.0,1973.0,1.0,6.0,Bogorodskoe,6200000
50,34.0,2.0,9.0,1971.0,3.0,5.0,Mar'ina Roshha,9500000
106,72.0,4.0,4.0,1917.0,5.0,8.0,Presnenskoe,22800000
52,28.0,21.0,25.0,1998.0,2.0,8.0,Ramenki,9550000
56,,7.0,17.0,2014.0,2.0,1.0,Tverskoe,4668821
35,17.0,5.0,9.0,1975.0,1.0,7.0,Rostokino,6500000
41,25.0,3.0,5.0,1960.0,2.0,5.0,Izmajlovo,8100000
45,30.0,5.0,5.0,1962.0,2.0,5.0,Vostochnoe Izmajlovo,6300000
56,33.0,7.0,17.0,2006.0,2.0,8.0,Krjukovo,7050000
35,19.0,11.0,12.0,1973.0,1.0,7.0,Veshnjaki,5200000
50,28.0,6.0,9.0,1973.0,2.0,8.0,Izmajlovo,10600000
91,52.0,4.0,18.0,2007.0,3.0,11.0,Hovrino,2400000
45,29.0,8.0,9.0,1968.0,2.0,6.0,Chertanovo Severnoe,7800000
51,30.0,7.0,17.0,1984.0,2.0,8.0,Krylatskoe,11500000
63,,15.0,,,,,Nekrasovka,5288828
88,49.0,23.0,25.0,2010.0,2.0,14.0,Poselenie Moskovskij,7850000
52,30.0,10.0,12.0,2005.0,2.0,9.0,Kosino-Uhtomskoe,8100000
37,36.0,3.0,17.0,2015.0,1.0,1.0,Nekrasovka,3824904
74,41.0,14.0,14.0,1996.0,3.0,8.0,Juzhnoe Butovo,7500000
34,14.0,3.0,,,,,Hovrino,4700000
53,32.0,11.0,16.0,1975.0,2.0,9.0,Orehovo-Borisovo Severnoe,8500000
86,,9.0,1.0,1.0,3.0,1.0,Poselenie Sosenskoe,7370193
61,58.0,13.0,17.0,2014.0,2.0,1.0,Nekrasovka,6344800
39,17.0,9.0,12.0,2003.0,1.0,8.0,Ljublino,5600000
40,20.0,3.0,,,,,Kotlovka,6900000
58,30.0,3.0,17.0,2015.0,2.0,11.0,Poselenie Sosenskoe,5167800
78,,8.0,17.0,,2.0,1.0,Poselenie Moskovskij,7930048
62,33.0,16.0,17.0,2005.0,2.0,12.0,Severnoe Izmajlovo,11500000
73,44.0,14.0,22.0,1988.0,3.0,9.0,Mozhajskoe,10200000
54,32.0,6.0,17.0,1983.0,2.0,9.0,Birjulevo Vostochnoe,6800000
60,44.0,2.0,9.0,1968.0,3.0,6.0,Hovrino,2000000
120,,8.0,0.0,,3.0,0.0,Poselenie Vnukovskoe,13820168
40,25.0,1.0,5.0,1960.0,2.0,5.0,Tekstil'shhiki,5400000
59,,2.0,1.0,,2.0,1.0,Krjukovo,6265350
73,38.0,26.0,26.0,2014.0,2.0,1.0,Levoberezhnoe,11622900
64,,5.0,17.0,,2.0,1.0,Nekrasovka,9000871
64,64.0,17.0,17.0,2013.0,2.0,1.0,Ochakovo-Matveevskoe,5428864
38,19.0,8.0,14.0,2005.0,1.0,7.0,Kosino-Uhtomskoe,6400000
56,36.0,2.0,5.0,1961.0,3.0,5.0,Severnoe Izmajlovo,990000
49,32.0,7.0,,,,,Ostankinskoe,9200000
45,28.0,8.0,,,,,Ochakovo-Matveevskoe,6500000
75,45.0,2.0,7.0,1950.0,3.0,10.0,Mozhajskoe,14250000
57,33.0,16.0,22.0,2004.0,2.0,10.0,Kon'kovo,12700000
45,,2.0,25.0,,1.0,0.0,Nekrasovka,4626900
34,20.0,9.0,,,,,Chertanovo Juzhnoe,5280000
61,58.0,13.0,17.0,0.0,2.0,0.0,Nekrasovka,5896242
48,42.0,15.0,25.0,2015.0,1.0,1.0,Nekrasovka,5335000
54,32.0,3.0,17.0,2013.0,2.0,8.0,Nekrasovka,6264300
52,30.0,5.0,12.0,1977.0,2.0,8.0,Orehovo-Borisovo Severnoe,7200000
43,29.0,3.0,9.0,1966.0,2.0,5.0,Rostokino,1000000
69,1.0,3.0,3.0,2017.0,3.0,1.0,Poselenie Novofedorovskoe,3683706
85,,12.0,22.0,1.0,3.0,1.0,Orehovo-Borisovo Severnoe,8363713
34,19.0,1.0,22.0,1988.0,1.0,9.0,Silino,4500000
44,28.0,1.0,5.0,1966.0,2.0,5.0,Vyhino-Zhulebino,6200000
46,29.0,1.0,9.0,1975.0,2.0,5.0,Otradnoe,6600000
74,46.0,8.0,17.0,1986.0,3.0,10.0,Troparevo-Nikulino,13500000
64,37.0,19.0,,,,,Kon'kovo,2500000
56,29.0,2.0,14.0,2008.0,2.0,12.0,Staroe Krjukovo,6500000
40,19.0,21.0,25.0,2001.0,1.0,9.0,Brateevo,7200000
48,31.0,12.0,12.0,1975.0,2.0,7.0,Troickij okrug,2500000
63,32.0,11.0,23.0,2005.0,2.0,10.0,Rjazanskij,11650000
119,67.0,8.0,18.0,2011.0,3.0,11.0,Jakimanka,16431250
27,,4.0,17.0,2014.0,1.0,1.0,Tverskoe,2254821
29,17.0,4.0,9.0,1965.0,1.0,5.0,Shhukino,7000000
73,,4.0,1.0,,2.0,1.0,Poselenie Moskovskij,8788769
49,22.0,12.0,22.0,1980.0,2.0,15.0,Silino,7700000
43,18.0,4.0,23.0,2005.0,1.0,9.0,Rjazanskij,8400000
110,59.0,18.0,33.0,2007.0,3.0,12.0,Ramenki,5078000
43,28.0,5.0,5.0,1960.0,2.0,6.0,Timirjazevskoe,7250000
33,19.0,3.0,9.0,1971.0,1.0,7.0,Veshnjaki,5500000
61,31.0,5.0,17.0,2013.0,2.0,12.0,Poselenie Vnukovskoe,4591578
34,19.0,8.0,16.0,1975.0,1.0,9.0,Birjulevo Zapadnoe,5400000
110,78.0,7.0,10.0,1957.0,4.0,8.0,Gagarinskoe,32000000
53,30.0,11.0,14.0,1987.0,2.0,8.0,Zjablikovo,7850000
37,19.0,1.0,17.0,1993.0,1.0,8.0,Vostochnoe Degunino,5450000
37,,3.0,,,,,Mitino,4978190
37,22.0,9.0,9.0,1961.0,2.0,7.0,Ajeroport,8000000
76,44.0,2.0,12.0,2000.0,3.0,10.0,Juzhnoe Butovo,10250000
39,18.0,15.0,15.0,1972.0,1.0,8.0,Caricyno,7900000
78,78.0,16.0,17.0,0.0,3.0,1.0,Poselenie Vnukovskoe,8845316
36,19.0,1.0,17.0,1991.0,1.0,7.0,Severnoe Butovo,5900000
38,20.0,4.0,16.0,1976.0,1.0,8.0,Caricyno,6300000
41,26.0,3.0,5.0,1959.0,2.0,5.0,Koptevo,3000000
62,62.0,24.0,24.0,,2.0,1.0,Poselenie Vnukovskoe,7361760
38,38.0,14.0,17.0,2014.0,1.0,1.0,Nekrasovka,4462000
97,1.0,23.0,1.0,2015.0,1.0,1.0,Rostokino,15470484
37,18.0,1.0,1.0,1.0,1.0,1.0,Poselenie Voskresenskoe,4425000
31,18.0,8.0,10.0,1967.0,1.0,6.0,Ramenki,4000000
92,,4.0,17.0,2014.0,2.0,1.0,Tverskoe,14551800
38,19.0,6.0,14.0,1997.0,1.0,9.0,Tekstil'shhiki,7500000
44,27.0,5.0,12.0,1959.0,2.0,6.0,Zamoskvorech'e,10100000
59,43.0,6.0,9.0,1979.0,3.0,5.0,Strogino,1000000
63,33.0,13.0,17.0,2012.0,2.0,12.0,Kuncevo,3000000
35,20.0,5.0,9.0,1977.0,1.0,9.0,Orehovo-Borisovo Juzhnoe,5800000
30,18.0,4.0,5.0,1964.0,1.0,5.0,Ljublino,5300000
69,1.0,2.0,1.0,2016.0,3.0,1.0,Poselenie Novofedorovskoe,3748680
60,33.0,5.0,23.0,2005.0,2.0,9.0,Savelki,8550000
30,11.0,1.0,17.0,2011.0,1.0,8.0,Poselenie Vnukovskoe,4200000
38,19.0,13.0,17.0,1987.0,1.0,8.0,Krylatskoe,8500000
36,21.0,6.0,9.0,1978.0,1.0,6.0,Bibirevo,5930000
52,34.0,3.0,9.0,1975.0,3.0,6.0,Otradnoe,8000000
37,0.0,18.0,19.0,2016.0,1.0,0.0,Poselenie Shherbinka,3116696
58,36.0,8.0,9.0,1968.0,3.0,6.0,Nagatino-Sadovniki,9600000
74,74.0,11.0,17.0,0.0,3.0,0.0,Poselenie Moskovskij,6770479
103,57.0,20.0,,,,,Kuncevo,8800000
36,19.0,9.0,16.0,1981.0,1.0,8.0,Novogireevo,6100000
41,20.0,10.0,12.0,1983.0,1.0,8.0,Severnoe Tushino,6850000
82,50.0,3.0,17.0,1.0,3.0,11.0,Pokrovskoe Streshnevo,7176060
31,17.0,4.0,5.0,1966.0,1.0,5.0,Bogorodskoe,4700000
29,16.0,7.0,12.0,1964.0,1.0,4.0,Begovoe,6900000
57,54.0,13.0,1.0,2015.0,2.0,1.0,Mitino,9828691
42,21.0,12.0,14.0,1992.0,1.0,8.0,Severnoe Butovo,6050000
55,30.0,6.0,17.0,2015.0,2.0,12.0,Poselenie Desjonovskoe,5366850
64,44.0,17.0,17.0,2015.0,2.0,9.0,Poselenie Moskovskij,5929795
99,48.0,20.0,37.0,2011.0,3.0,20.0,Izmajlovo,4267000
86,56.0,6.0,8.0,1955.0,3.0,11.0,Sokol,3450000
76,45.0,5.0,,,,,Marfino,8300000
45,45.0,3.0,3.0,2013.0,1.0,1.0,Zapadnoe Degunino,3690050
35,20.0,3.0,9.0,1974.0,1.0,5.0,Birjulevo Vostochnoe,4550000
37,19.0,7.0,16.0,1987.0,1.0,9.0,Altuf'evskoe,6150000
52,51.0,11.0,17.0,2015.0,2.0,0.0,Nekrasovka,5909900
58,31.0,4.0,,,,,Beskudnikovskoe,9000000
76,38.0,6.0,9.0,2010.0,2.0,17.0,Zjuzino,14378004
36,22.0,2.0,9.0,1963.0,2.0,7.0,Taganskoe,10080000
62,62.0,12.0,17.0,2016.0,2.0,1.0,Poselenie Moskovskij,5911237
81,51.0,12.0,14.0,2001.0,3.0,11.0,Nagornoe,5000000
63,63.0,17.0,17.0,0.0,2.0,1.0,Poselenie Vnukovskoe,7006116
56,,2.0,19.0,,2.0,0.0,Nagatinskij Zaton,10635120
54,32.0,12.0,17.0,1987.0,2.0,9.0,Novokosino,8725000
90,56.0,5.0,12.0,1985.0,4.0,8.0,Novogireevo,1000000
33,19.0,3.0,3.0,1962.0,1.0,6.0,Troickij okrug,3550000
82,,5.0,1.0,2014.0,3.0,1.0,Poselenie Voskresenskoe,8271930
43,27.0,1.0,5.0,1961.0,2.0,5.0,Shhukino,7000000
76,45.0,16.0,17.0,1983.0,3.0,10.0,Zjablikovo,3000000
29,17.0,4.0,9.0,1971.0,1.0,5.0,Ivanovskoe,5000000
38,19.0,17.0,,,,,Otradnoe,6800000
64,,13.0,1.0,2013.0,2.0,1.0,Nekrasovka,5959680
55,1.0,10.0,17.0,2016.0,2.0,1.0,Poselenie Desjonovskoe,4829736
74,43.0,5.0,14.0,1994.0,3.0,10.0,Mar'ino,7200000
38,19.0,13.0,16.0,1978.0,1.0,9.0,Golovinskoe,4000000
44,29.0,1.0,5.0,1964.0,2.0,5.0,Severnoe Izmajlovo,5400000
34,20.0,9.0,12.0,1967.0,1.0,7.0,Golovinskoe,6800000
38,19.0,6.0,14.0,1997.0,1.0,8.0,Novokosino,5700000
47,27.0,5.0,9.0,1972.0,2.0,6.0,Jaroslavskoe,6500000
60,,6.0,1.0,2014.0,2.0,1.0,Mar'ina Roshha,7141134
64,,5.0,17.0,,2.0,1.0,Nekrasovka,6592000
36,20.0,11.0,12.0,1971.0,1.0,9.0,Sokolinaja Gora,7100000
110,110.0,1.0,,,,,Poselenie Filimonkovskoe,6970000
74,43.0,22.0,22.0,2015.0,3.0,1.0,Nagornoe,16852976
37,18.0,4.0,17.0,2005.0,1.0,7.0,Solncevo,6000000
30,18.0,3.0,5.0,1960.0,1.0,5.0,Izmajlovo,1000000
59,31.0,18.0,24.0,2009.0,2.0,8.0,Severnoe,7900000
44,32.0,4.0,9.0,1962.0,2.0,5.0,Horoshevo-Mnevniki,1100000
44,27.0,5.0,12.0,1974.0,2.0,6.0,Orehovo-Borisovo Severnoe,1000000
57,,18.0,26.0,2013.0,2.0,10.0,Mitino,8407969
33,18.0,3.0,9.0,1968.0,1.0,6.0,Kon'kovo,7200000
32,15.0,1.0,9.0,1977.0,1.0,6.0,Jasenevo,5650000
48,30.0,5.0,9.0,1972.0,2.0,6.0,Kuz'minki,6200000
58,58.0,5.0,,,,,Obruchevskoe,12000000
45,27.0,6.0,9.0,1970.0,2.0,6.0,Severnoe Butovo,7750000
44,28.0,4.0,5.0,1965.0,2.0,5.0,Golovinskoe,2000000
54,54.0,6.0,14.0,1994.0,2.0,9.0,Mar'ino,8500000
59,,6.0,,,,,Krjukovo,6114900
57,39.0,5.0,,,,,Vostochnoe Izmajlovo,7800000
62,58.0,7.0,17.0,2014.0,2.0,1.0,Nekrasovka,6396300
61,38.0,1.0,9.0,1974.0,3.0,8.0,Horoshevo-Mnevniki,11500000
44,29.0,3.0,9.0,1969.0,2.0,6.0,Tekstil'shhiki,7100000
46,29.0,4.0,9.0,1975.0,2.0,6.0,Otradnoe,6800000
38,,3.0,3.0,2014.0,1.0,1.0,Zapadnoe Degunino,3813607
77,45.0,13.0,16.0,1980.0,3.0,10.0,Otradnoe,17750000
60,32.0,18.0,18.0,2013.0,1.0,1.0,Levoberezhnoe,6497700
57,30.0,13.0,14.0,1988.0,2.0,10.0,Shhukino,11200000
76,44.0,9.0,17.0,1976.0,3.0,10.0,Zjuzino,13850000
32,18.0,6.0,9.0,1971.0,1.0,6.0,Metrogorodok,4000000
50,30.0,4.0,12.0,1980.0,2.0,9.0,Basmannoe,11100000
36,18.0,6.0,16.0,2007.0,1.0,8.0,Tverskoe,5550000
51,30.0,16.0,17.0,2003.0,2.0,9.0,Nagornoe,11600000
34,34.0,1.0,1.0,2015.0,1.0,10.0,Tverskoe,1585170
70,,6.0,,,,,Poselenie Sosenskoe,5180390
58,43.0,3.0,9.0,1975.0,3.0,6.0,Orehovo-Borisovo Severnoe,8300000
38,19.0,7.0,17.0,1992.0,1.0,8.0,Mitino,6200000
48,1.0,20.0,25.0,2015.0,1.0,1.0,Nekrasovka,5092500
75,46.0,15.0,17.0,1992.0,3.0,10.0,Mitino,11300000
88,71.0,34.0,,,,,Jakimanka,10608000
38,20.0,18.0,22.0,2008.0,1.0,10.0,Mozhajskoe,1000000
56,44.0,1.0,5.0,1964.0,3.0,5.0,Kuz'minki,6800000
64,46.0,8.0,16.0,1973.0,3.0,7.0,Taganskoe,13500000
40,40.0,14.0,17.0,2015.0,2.0,10.0,Poselenie Sosenskoe,4576500
42,42.0,11.0,19.0,2014.0,1.0,1.0,Poselenie Sosenskoe,4130200
36,19.0,13.0,17.0,2004.0,1.0,7.0,Taganskoe,7980000
30,18.0,1.0,5.0,1963.0,1.0,5.0,Metrogorodok,4300000
37,19.0,4.0,16.0,1982.0,1.0,8.0,Dmitrovskoe,5800000
33,19.0,3.0,9.0,1970.0,1.0,7.0,Veshnjaki,5150000
1,47.0,11.0,17.0,2014.0,1.0,1.0,Presnenskoe,14923206
37,,13.0,17.0,,1.0,1.0,Poselenie Vnukovskoe,4319588
83,44.0,9.0,17.0,1985.0,3.0,10.0,Krylatskoe,17000000
46,46.0,24.0,25.0,2015.0,1.0,10.0,Levoberezhnoe,7854000
37,18.0,4.0,,,,,Brateevo,2000000
44,28.0,7.0,9.0,1966.0,2.0,5.0,Dmitrovskoe,6300000
55,40.0,3.0,5.0,1964.0,3.0,5.0,Kotlovka,8500000
52,52.0,16.0,17.0,0.0,2.0,1.0,Poselenie Vnukovskoe,6255454
72,42.0,4.0,14.0,1995.0,3.0,10.0,Novokosino,9600000
56,55.0,10.0,19.0,2016.0,2.0,1.0,Nagatinskij Zaton,8752470
45,25.0,10.0,17.0,2006.0,2.0,7.0,Matushkino,6300000
73,,8.0,17.0,,3.0,1.0,Poselenie Vnukovskoe,7561851
41,25.0,5.0,5.0,1960.0,2.0,5.0,Sokol,1000000
69,43.0,3.0,8.0,1955.0,3.0,13.0,Alekseevskoe,18500000
46,29.0,5.0,5.0,1959.0,2.0,6.0,Horoshevo-Mnevniki,6800000
30,18.0,4.0,,,,,Taganskoe,6800000
33,19.0,7.0,9.0,1969.0,1.0,5.0,Severnoe Tushino,1500000
55,28.0,14.0,14.0,1988.0,2.0,8.0,Zamoskvorech'e,11100000
74,37.0,6.0,17.0,2005.0,2.0,11.0,Mitino,8900000
37,19.0,6.0,,,,,Orehovo-Borisovo Juzhnoe,5700000
46,26.0,7.0,14.0,1972.0,2.0,5.0,Ljublino,7000000
93,61.0,17.0,3.0,2005.0,4.0,10.0,Nagornoe,15800000
32,16.0,6.0,9.0,1970.0,1.0,7.0,Chertanovo Central'noe,6090000
34,34.0,7.0,9.0,1973.0,3.0,6.0,Gol'janovo,6500000
82,,3.0,3.0,,3.0,1.0,Poselenie Filimonkovskoe,6500162
52,30.0,11.0,17.0,1986.0,2.0,8.0,Kon'kovo,11800000
106,66.0,4.0,9.0,1939.0,4.0,14.0,Juzhnoportovoe,17000000
74,43.0,3.0,14.0,1999.0,3.0,10.0,Mar'ina Roshha,16500000
38,18.0,17.0,17.0,1988.0,1.0,8.0,Solncevo,5700000
28,15.0,4.0,9.0,1964.0,1.0,7.0,Shhukino,7400000
60,44.0,4.0,9.0,1968.0,3.0,6.0,Hovrino,6000000
57,35.0,6.0,14.0,1996.0,2.0,8.0,Krjukovo,7000000
45,27.0,9.0,9.0,1973.0,2.0,6.0,Staroe Krjukovo,5300000
42,24.0,12.0,14.0,1995.0,2.0,8.0,Vyhino-Zhulebino,4000000
44,28.0,3.0,8.0,1965.0,2.0,5.0,Juzhnoe Medvedkovo,6900000
45,29.0,7.0,,,,,Orehovo-Borisovo Severnoe,7100000
40,17.0,15.0,24.0,2011.0,1.0,10.0,Birjulevo Vostochnoe,1990000
52,35.0,4.0,9.0,1975.0,3.0,6.0,Orehovo-Borisovo Juzhnoe,8190000
39,18.0,17.0,25.0,2007.0,1.0,8.0,Lianozovo,6900000
79,44.0,17.0,17.0,2006.0,3.0,12.0,Juzhnoe Medvedkovo,12500000
32,20.0,4.0,5.0,1962.0,1.0,5.0,Horoshevo-Mnevniki,5600000
38,20.0,11.0,12.0,1981.0,1.0,8.0,Strogino,1200000
62,39.0,8.0,12.0,1979.0,3.0,8.0,Strogino,10300000
30,18.0,2.0,9.0,1966.0,1.0,5.0,Dmitrovskoe,4200000
32,18.0,8.0,,,,,Jaroslavskoe,4645109
59,,22.0,,,,,Mitino,8548697
40,20.0,8.0,12.0,1995.0,1.0,8.0,Mar'ino,6600000
37,19.0,10.0,16.0,1981.0,1.0,8.0,Strogino,7800000
41,20.0,5.0,12.0,1984.0,1.0,8.0,Obruchevskoe,6900000
55,31.0,3.0,17.0,1987.0,2.0,10.0,Fili Davydkovo,2000000
49,27.0,4.0,5.0,1932.0,2.0,8.0,Mozhajskoe,7300000
34,19.0,10.0,12.0,1973.0,1.0,9.0,Chertanovo Juzhnoe,5850000
42,27.0,3.0,5.0,1958.0,2.0,5.0,Marfino,7300000
75,44.0,8.0,,,,,Horoshevskoe,15000000
30,18.0,6.0,9.0,1967.0,1.0,6.0,Bogorodskoe,1000000
89,56.0,4.0,9.0,1957.0,3.0,9.0,Juzhnoportovoe,13200000
62,32.0,4.0,12.0,2012.0,2.0,12.0,Dmitrovskoe,1000000
74,53.0,2.0,5.0,1957.0,4.0,6.0,Perovo,11000000
45,45.0,2.0,10.0,2014.0,1.0,1.0,Poselenie Sosenskoe,5201617
45,28.0,8.0,12.0,1966.0,2.0,5.0,Basmannoe,8700000
86,50.0,6.0,17.0,2009.0,3.0,10.0,Marfino,19800000
37,19.0,4.0,,,,,Bibirevo,5750000
70,46.0,8.0,9.0,1959.0,3.0,8.0,Danilovskoe,12900000
59,44.0,1.0,5.0,1963.0,3.0,5.0,Cheremushki,8200000
53,30.0,11.0,12.0,1984.0,2.0,8.0,Zapadnoe Degunino,9500000
65,39.0,44.0,48.0,2000.0,2.0,5.0,Jakimanka,8857680
49,49.0,1.0,3.0,2014.0,1.0,1.0,Poselenie Filimonkovskoe,4781500
102,76.0,24.0,36.0,2011.0,1.0,19.0,Izmajlovo,12000000
48,30.0,9.0,9.0,1973.0,2.0,7.0,Nagatinskij Zaton,9000000
44,27.0,3.0,9.0,1978.0,2.0,6.0,Teplyj Stan,7100000
39,19.0,14.0,,,,,Krjukovo,4600000
41,27.0,4.0,5.0,1965.0,2.0,5.0,Izmajlovo,6450000
43,29.0,5.0,9.0,1970.0,2.0,5.0,Mozhajskoe,2100000
72,42.0,13.0,17.0,1973.0,3.0,6.0,Hovrino,13100000
88,47.0,10.0,29.0,2012.0,3.0,11.0,Bogorodskoe,16100000
80,44.0,15.0,,,,,Ajeroport,22000000
52,25.0,5.0,7.0,1978.0,2.0,8.0,Nagatino-Sadovniki,2000000
40,38.0,5.0,17.0,2014.0,1.0,1.0,Nekrasovka,4400000
32,19.0,2.0,5.0,1963.0,1.0,5.0,Metrogorodok,5600000
37,22.0,7.0,9.0,1966.0,2.0,7.0,Ramenki,8450000
27,,7.0,,,,,Poselenie Sosenskoe,3197000
58,37.0,6.0,8.0,1960.0,2.0,9.0,Presnenskoe,13700000
58,34.0,14.0,16.0,2001.0,2.0,9.0,Tekstil'shhiki,11150000
61,33.0,9.0,22.0,2009.0,2.0,9.0,Bibirevo,4000000
79,46.0,3.0,5.0,1958.0,3.0,8.0,Tekstil'shhiki,10500000
79,77.0,8.0,1.0,2013.0,3.0,1.0,Nekrasovka,7257928
44,24.0,4.0,10.0,1964.0,2.0,6.0,Hamovniki,13300000
56,29.0,5.0,16.0,1987.0,2.0,10.0,Horoshevo-Mnevniki,10400000
43,29.0,9.0,,,,,Mozhajskoe,7900000
83,,12.0,17.0,,3.0,1.0,Poselenie Vnukovskoe,10555405
57,33.0,16.0,17.0,1986.0,2.0,10.0,Brateevo,9400000
37,0.0,6.0,17.0,2013.0,1.0,0.0,Nekrasovka,3824904
42,,8.0,1.0,1.0,1.0,1.0,Tverskoe,4368000
59,28.0,6.0,24.0,2007.0,2.0,8.0,Orehovo-Borisovo Juzhnoe,8400000
60,44.0,5.0,9.0,1968.0,3.0,6.0,Hovrino,8700000
60,60.0,5.0,17.0,2014.0,2.0,9.0,Nekrasovka,6400000
48,,14.0,14.0,2014.0,1.0,1.0,Levoberezhnoe,8055810
68,48.0,2.0,8.0,1957.0,3.0,8.0,Alekseevskoe,15500000
36,18.0,21.0,22.0,1985.0,1.0,9.0,Zjablikovo,6600000
35,19.0,2.0,12.0,1974.0,1.0,10.0,Pechatniki,5750000
60,44.0,3.0,9.0,1971.0,3.0,6.0,Beskudnikovskoe,9700000
24,16.0,1.0,5.0,1965.0,1.0,3.0,Caricyno,3725000
79,,15.0,17.0,0.0,3.0,1.0,Poselenie Vnukovskoe,9360387
40,1.0,12.0,17.0,,1.0,1.0,Tverskoe,4400000
40,38.0,3.0,4.0,2015.0,1.0,1.0,Poselenie Filimonkovskoe,3372579
38,,3.0,17.0,2015.0,1.0,1.0,Zapadnoe Degunino,4133322
35,14.0,4.0,16.0,2002.0,1.0,9.0,Juzhnoe Butovo,6250000
43,27.0,6.0,9.0,1972.0,2.0,5.0,Jaroslavskoe,2000000
55,36.0,3.0,5.0,1962.0,3.0,5.0,Nizhegorodskoe,7500000
46,29.0,4.0,9.0,1975.0,2.0,6.0,Orehovo-Borisovo Severnoe,7800000
51,30.0,12.0,14.0,1994.0,2.0,8.0,Mar'ino,7700000
38,20.0,15.0,22.0,1996.0,1.0,10.0,Mar'ino,6100000
42,17.0,4.0,17.0,1998.0,1.0,13.0,Ramenki,9450000
123,67.0,2.0,30.0,2012.0,3.0,10.0,Sokol,12500000
71,49.0,3.0,9.0,1977.0,3.0,6.0,Jasenevo,2000000
76,73.0,10.0,17.0,2015.0,3.0,1.0,Nekrasovka,7401100
58,32.0,8.0,16.0,1982.0,2.0,10.0,Chertanovo Juzhnoe,10900000
45,32.0,3.0,9.0,1966.0,2.0,5.0,Timirjazevskoe,6200000
62,33.0,8.0,14.0,2006.0,2.0,11.0,Kosino-Uhtomskoe,3000000
53,32.0,14.0,17.0,1988.0,2.0,9.0,Moskvorech'e-Saburovo,8500000
45,28.0,4.0,5.0,1965.0,2.0,5.0,Caricyno,6450000
56,34.0,7.0,8.0,1956.0,2.0,8.0,Filevskij Park,13000000
38,20.0,6.0,,,,,Kosino-Uhtomskoe,2500000
33,17.0,10.0,12.0,1962.0,1.0,7.0,Alekseevskoe,7750000
47,31.0,1.0,14.0,1970.0,2.0,9.0,Rostokino,7500000
56,31.0,2.0,,,,,Timirjazevskoe,1000000
63,,6.0,1.0,,2.0,12.0,Nekrasovka,5903808
51,,5.0,17.0,1.0,2.0,1.0,Poselenie Vnukovskoe,5488063
75,51.0,2.0,5.0,1959.0,3.0,7.0,Rjazanskij,9500000
57,34.0,3.0,5.0,1958.0,2.0,8.0,Ochakovo-Matveevskoe,3000000
60,1.0,23.0,1.0,2013.0,2.0,1.0,Strogino,11340000
39,22.0,6.0,12.0,1965.0,2.0,7.0,Gagarinskoe,10500000
37,37.0,9.0,9.0,2013.0,1.0,1.0,Severnoe Tushino,7879212
40,19.0,18.0,24.0,2006.0,1.0,10.0,Kosino-Uhtomskoe,6300000
30,15.0,8.0,12.0,1972.0,1.0,6.0,Chertanovo Juzhnoe,4900000
32,16.0,3.0,9.0,1971.0,1.0,7.0,Chertanovo Central'noe,3000000
32,17.0,10.0,12.0,1969.0,1.0,9.0,Troickij okrug,3850000
72,43.0,12.0,17.0,1992.0,3.0,10.0,Juzhnoe Tushino,10900000
61,,6.0,20.0,0.0,2.0,1.0,Poselenie Vnukovskoe,8093879
32,20.0,2.0,5.0,1964.0,1.0,5.0,Zjuzino,5100000
58,38.0,6.0,9.0,1975.0,3.0,5.0,Ljublino,1000000
56,32.0,5.0,14.0,1994.0,2.0,10.0,Juzhnoe Butovo,8700000
73,44.0,12.0,16.0,1977.0,3.0,10.0,Orehovo-Borisovo Severnoe,11700000
64,46.0,7.0,9.0,1975.0,4.0,6.0,Otradnoe,10300000
59,44.0,9.0,9.0,1970.0,3.0,5.0,Kuncevo,10400000
57,38.0,5.0,5.0,1961.0,3.0,5.0,Horoshevo-Mnevniki,4500000
32,16.0,1.0,,,,,Basmannoe,4800000
84,45.0,11.0,16.0,1999.0,3.0,10.0,Juzhnoe Tushino,11800000
76,46.0,14.0,17.0,1986.0,3.0,10.0,Ramenki,4000000
42,28.0,3.0,4.0,1960.0,2.0,6.0,Babushkinskoe,7250000
43,30.0,3.0,,,,,Ramenki,1000000
56,31.0,10.0,17.0,1983.0,2.0,10.0,Birjulevo Vostochnoe,3000000
53,30.0,6.0,12.0,1980.0,2.0,8.0,Mar'ino,7700000
38,19.0,6.0,16.0,1981.0,1.0,8.0,Sokol'niki,7000000
41,21.0,6.0,12.0,1975.0,1.0,8.0,Bibirevo,7000000
103,34.0,3.0,40.0,2012.0,2.0,32.0,Akademicheskoe,22052872
37,19.0,13.0,14.0,1970.0,1.0,9.0,Horoshevo-Mnevniki,7850000
75,44.0,14.0,17.0,1988.0,3.0,10.0,Golovinskoe,1000000
53,30.0,8.0,12.0,1983.0,2.0,8.0,Juzhnoe Medvedkovo,9500000
63,63.0,3.0,17.0,2015.0,2.0,10.0,Poselenie Vnukovskoe,7912673
25,10.0,,,,,,Golovinskoe,2000000
48,1.0,13.0,25.0,2014.0,1.0,1.0,Mar'ina Roshha,5335000
75,45.0,5.0,16.0,1981.0,3.0,10.0,Strogino,2000000
39,39.0,3.0,3.0,2015.0,1.0,1.0,Poselenie Pervomajskoe,4008200
81,48.0,6.0,14.0,1994.0,3.0,8.0,Vyhino-Zhulebino,11300000
51,29.0,4.0,22.0,1984.0,2.0,8.0,Orehovo-Borisovo Severnoe,8300000
55,22.0,17.0,22.0,2012.0,1.0,14.0,Alekseevskoe,3752800
30,18.0,1.0,5.0,1961.0,1.0,5.0,Zamoskvorech'e,8700000
35,17.0,1.0,,,,,Chertanovo Severnoe,5250000
37,16.0,19.0,21.0,2007.0,1.0,9.0,Obruchevskoe,8900000
67,40.0,9.0,16.0,1983.0,3.0,8.0,Kotlovka,12100000
30,17.0,3.0,9.0,1966.0,1.0,6.0,Kon'kovo,7000000
38,38.0,14.0,17.0,0.0,1.0,0.0,Solncevo,3856022
78,46.0,3.0,16.0,1977.0,3.0,10.0,Lianozovo,12800000
61,21.0,2.0,,,,,Juzhnoe Tushino,7038000
39,16.0,2.0,9.0,2008.0,1.0,8.0,Juzhnoe Butovo,2070000
32,21.0,7.0,9.0,1963.0,1.0,5.0,Cheremushki,7200000
55,55.0,2.0,2.0,1.0,2.0,1.0,Tverskoe,4582197
60,44.0,7.0,9.0,1972.0,3.0,6.0,Akademicheskoe,8500000
78,46.0,14.0,22.0,1987.0,3.0,10.0,Kon'kovo,15250000
76,45.0,7.0,,,,,Mar'ino,10800000
15,11.0,5.0,5.0,1962.0,1.0,1.0,Vostochnoe Izmajlovo,2000000
70,37.0,3.0,32.0,2012.0,2.0,11.0,Bogorodskoe,5200000
42,18.0,13.0,24.0,2007.0,1.0,10.0,Kosino-Uhtomskoe,7000000
127,68.0,6.0,27.0,2011.0,4.0,10.0,Horoshevo-Mnevniki,9840000
54,37.0,6.0,,,,,Danilovskoe,9000000
38,22.0,7.0,9.0,1965.0,2.0,7.0,Bogorodskoe,6200000
52,30.0,7.0,12.0,1980.0,2.0,8.0,Strogino,10550000
56,34.0,3.0,10.0,1958.0,2.0,8.0,Dorogomilovo,11900000
43,1.0,8.0,17.0,2014.0,1.0,1.0,Poselenie Moskovskij,5396660
41,20.0,8.0,12.0,1986.0,1.0,8.0,Metrogorodok,5600000
41,21.0,5.0,12.0,1974.0,1.0,8.0,Orehovo-Borisovo Severnoe,6900000
39,17.0,17.0,17.0,2008.0,1.0,8.0,Severnoe,1200000
34,17.0,11.0,12.0,1981.0,1.0,6.0,Zapadnoe Degunino,4000000
45,27.0,6.0,12.0,1972.0,2.0,6.0,Sokol'niki,10270000
32,18.0,1.0,9.0,1973.0,1.0,6.0,Pechatniki,4500000
40,40.0,9.0,,,,,Poselenie Shherbinka,3180200
42,20.0,9.0,18.0,2015.0,1.0,10.0,Chertanovo Severnoe,6461184
60,,7.0,,,,,Nekrasovka,5760000
35,19.0,5.0,5.0,1958.0,1.0,8.0,Sokolinaja Gora,6000000
100,100.0,20.0,20.0,2014.0,3.0,0.0,Ramenki,16743420
69,69.0,11.0,11.0,0.0,2.0,1.0,Poselenie Sosenskoe,5786550
51,51.0,2.0,17.0,2014.0,2.0,1.0,Nekrasovka,5687000
76,45.0,8.0,17.0,1990.0,3.0,10.0,Juzhnoportovoe,13900000
98,63.0,8.0,18.0,1982.0,4.0,10.0,Lomonosovskoe,19850000
32,19.0,5.0,9.0,1980.0,1.0,5.0,Otradnoe,6000000
38,37.0,7.0,,,,,Nekrasovka,3797986
37,,8.0,17.0,2017.0,1.0,1.0,Novo-Peredelkino,3623354
43,27.0,6.0,,,,,Horoshevo-Mnevniki,1000000
57,33.0,11.0,22.0,1979.0,2.0,10.0,Silino,2000000
117,66.0,1.0,2.0,2015.0,4.0,1.0,Tverskoe,7872108
76,,16.0,16.0,2014.0,3.0,1.0,Poselenie Voskresenskoe,7514340
125,67.0,16.0,16.0,2009.0,3.0,15.0,Troparevo-Nikulino,17810560
39,,17.0,17.0,0.0,1.0,1.0,Poselenie Moskovskij,3559870
75,71.0,3.0,17.0,2014.0,3.0,1.0,Nekrasovka,6750000
56,35.0,4.0,14.0,1958.0,2.0,7.0,Hamovniki,17000000
41,41.0,7.0,10.0,0.0,1.0,1.0,Poselenie Sosenskoe,4051730
74,,2.0,,,,,Poselenie Moskovskij,7004333
48,30.0,9.0,12.0,1976.0,2.0,7.0,Troickij okrug,4000000
39,37.0,2.0,9.0,2015.0,1.0,1.0,Poselenie Filimonkovskoe,3020626
54,32.0,5.0,17.0,2007.0,2.0,9.0,Levoberezhnoe,9700000
30,16.0,3.0,8.0,1960.0,1.0,7.0,Izmajlovo,5600000
52,27.0,5.0,16.0,1993.0,2.0,11.0,Ivanovskoe,8800000
58,34.0,7.0,17.0,1998.0,2.0,10.0,Mar'ino,8000000
52,30.0,12.0,11.0,1974.0,2.0,8.0,Bibirevo,8500000
31,21.0,2.0,,,,,Koptevo,5400000
44,28.0,3.0,,,,,Kuncevo,8450000
45,28.0,5.0,5.0,1966.0,2.0,5.0,Babushkinskoe,6950000
54,28.0,13.0,16.0,2009.0,2.0,8.0,Juzhnoe Butovo,7250000
60,31.0,10.0,17.0,2013.0,2.0,9.0,Prospekt Vernadskogo,3000000
32,18.0,1.0,9.0,1970.0,1.0,6.0,Chertanovo Central'noe,5600000
121,121.0,20.0,1.0,2014.0,4.0,1.0,Prospekt Vernadskogo,20724700
40,,1.0,1.0,,1.0,1.0,Poselenie Pervomajskoe,2400600
44,29.0,2.0,5.0,1964.0,2.0,5.0,Gol'janovo,3000000
32,19.0,3.0,9.0,1969.0,1.0,6.0,Pechatniki,990000
38,19.0,5.0,12.0,2005.0,1.0,7.0,Kosino-Uhtomskoe,5750000
62,34.0,12.0,16.0,1971.0,2.0,9.0,Taganskoe,12700000
84,53.0,5.0,5.0,1931.0,3.0,9.0,Danilovskoe,11000000
44,28.0,1.0,9.0,1969.0,2.0,6.0,Gol'janovo,6200000
88,,17.0,,,,,Losinoostrovskoe,14122380
65,,7.0,7.0,2014.0,2.0,1.0,Poselenie Voskresenskoe,6796640
56,36.0,8.0,,,,,Horoshevo-Mnevniki,10300000
44,27.0,4.0,9.0,1972.0,2.0,6.0,Jaroslavskoe,3000000
60,38.0,9.0,9.0,1979.0,3.0,8.0,Vojkovskoe,12500000
37,18.0,2.0,17.0,2003.0,2.0,7.0,Nagatino-Sadovniki,7800000
45,21.0,,,,,,Mar'ina Roshha,10800000
91,64.0,1.0,5.0,1952.0,4.0,8.0,Izmajlovo,15300000
36,20.0,4.0,12.0,1969.0,1.0,9.0,Golovinskoe,6200000
43,,10.0,,,,,Poselenie Moskovskij,3793049
38,21.0,7.0,12.0,1971.0,2.0,7.0,Severnoe Tushino,6700000
46,30.0,4.0,5.0,1964.0,2.0,5.0,Zjuzino,6200000
74,45.0,3.0,,,,,Ramenki,1000000
36,21.0,3.0,,,,,Veshnjaki,5200000
75,75.0,2.0,1.0,2014.0,2.0,1.0,Izmajlovo,13949000
60,30.0,,,,,,Poselenie Voskresenskoe,5140640
75,35.0,14.0,20.0,2015.0,2.0,19.0,Krylatskoe,11603900
37,23.0,6.0,12.0,1969.0,2.0,6.0,Pechatniki,2000000
47,27.0,5.0,5.0,1952.0,2.0,7.0,Mozhajskoe,6700000
35,14.0,3.0,17.0,2002.0,1.0,9.0,Juzhnoe Butovo,6300000
34,14.0,10.0,14.0,1997.0,1.0,7.0,Savelki,4600000
38,37.0,14.0,21.0,2012.0,1.0,10.0,Staroe Krjukovo,2000000
39,20.0,2.0,,,,,Otradnoe,6000000
80,80.0,18.0,1.0,2014.0,2.0,1.0,Strogino,15124590
37,20.0,8.0,19.0,2016.0,1.0,10.0,Poselenie Shherbinka,3164585
65,1.0,6.0,1.0,1.0,2.0,1.0,Poselenie Voskresenskoe,6176000
59,59.0,2.0,,,,,Poselenie Vnukovskoe,5298657
65,64.0,3.0,1.0,2014.0,3.0,1.0,Poselenie Filimonkovskoe,4446269
47,30.0,10.0,12.0,1979.0,2.0,6.0,Altuf'evskoe,7800000
53,32.0,16.0,16.0,1976.0,2.0,9.0,Zjablikovo,9800000
74,74.0,3.0,,,,,Poselenie Moskovskij,5777460
51,30.0,5.0,14.0,2001.0,2.0,9.0,Mar'ino,3000000
153,145.0,25.0,31.0,2009.0,4.0,19.0,Kuncevo,29000000
49,34.0,8.0,9.0,1969.0,3.0,6.0,Severnoe Tushino,8000000
41,25.0,2.0,5.0,1969.0,2.0,5.0,Kon'kovo,7500000
35,17.0,2.0,12.0,1982.0,1.0,6.0,Lianozovo,5700000
63,,12.0,17.0,0.0,2.0,1.0,Poselenie Vnukovskoe,8067372
53,30.0,5.0,14.0,1986.0,2.0,8.0,Zjablikovo,7800000
44,30.0,1.0,5.0,1961.0,2.0,5.0,Kotlovka,3000000
67,40.0,6.0,12.0,2009.0,3.0,9.0,Krjukovo,6000000
61,33.0,8.0,17.0,2013.0,2.0,12.0,Solncevo,7523000
39,19.0,10.0,14.0,1975.0,1.0,9.0,Nagatino-Sadovniki,6900000
100,,9.0,24.0,,2.0,0.0,Ramenki,27415576
56,40.0,3.0,,,,,Vojkovskoe,8500000
48,28.0,5.0,9.0,1966.0,2.0,6.0,Severnoe Izmajlovo,2000000
80,80.0,4.0,1.0,2013.0,2.0,1.0,Strogino,13152320
73,47.0,1.0,3.0,2017.0,3.0,9.0,Poselenie Novofedorovskoe,3673706
54,32.0,10.0,12.0,1995.0,2.0,9.0,Mar'ino,8500000
53,28.0,16.0,,,,,Birjulevo Vostochnoe,7100000
43,29.0,2.0,5.0,1961.0,2.0,5.0,Presnenskoe,7000000
48,31.0,3.0,9.0,1968.0,2.0,6.0,Juzhnoe Tushino,7950000
55,51.0,6.0,6.0,2014.0,2.0,0.0,Tekstil'shhiki,10143000
81,47.0,4.0,12.0,2003.0,3.0,10.0,Juzhnoe Butovo,2000000
92,56.0,2.0,5.0,1958.0,3.0,7.0,Preobrazhenskoe,12500000
62,,7.0,1.0,1.0,2.0,1.0,Krjukovo,6514500
41,20.0,11.0,14.0,1989.0,1.0,8.0,Krjukovo,4600000
32,19.0,9.0,,,,,Bibirevo,5300000
80,80.0,15.0,15.0,2015.0,3.0,10.0,Mitino,11035006
90,54.0,2.0,16.0,2001.0,4.0,10.0,Juzhnoe Butovo,12500000
37,19.0,14.0,17.0,2003.0,1.0,1.0,Hovrino,7200000
45,30.0,2.0,5.0,1961.0,2.0,5.0,Perovo,6250000
61,,17.0,17.0,2015.0,2.0,10.0,Poselenie Vnukovskoe,5874275
34,34.0,16.0,,,,,Vojkovskoe,5900000
63,33.0,6.0,17.0,2008.0,2.0,12.0,Poselenie Moskovskij,3445000
32,21.0,6.0,9.0,1963.0,1.0,5.0,Bogorodskoe,3400000
31,19.0,8.0,,,,,Donskoe,5300000
59,38.0,9.0,9.0,1967.0,3.0,6.0,Kuz'minki,8300000
75,44.0,5.0,17.0,1992.0,3.0,10.0,Nagatino-Sadovniki,14500000
43,27.0,4.0,5.0,1963.0,2.0,5.0,Losinoostrovskoe,6300000
33,16.0,2.0,5.0,1960.0,1.0,6.0,Presnenskoe,6600000
17,10.0,5.0,5.0,1968.0,1.0,3.0,Perovo,1300000
38,18.0,9.0,12.0,1995.0,1.0,7.0,Otradnoe,7950000
72,43.0,7.0,19.0,2011.0,3.0,9.0,Koptevo,5000000
39,39.0,20.0,25.0,1.0,1.0,1.0,Nagornoe,8591319
91,63.0,2.0,8.0,1956.0,4.0,7.0,Gagarinskoe,8460000
60,60.0,2.0,25.0,2016.0,2.0,1.0,Nekrasovka,6699000
44,28.0,2.0,12.0,1975.0,2.0,6.0,Otradnoe,7200000
81,32.0,3.0,4.0,1978.0,1.0,29.0,Poselenie Pervomajskoe,7500000
47,47.0,17.0,17.0,2016.0,1.0,1.0,Filevskij Park,9232824
82,48.0,9.0,14.0,1988.0,3.0,8.0,Mar'ino,11700000
39,,7.0,17.0,0.0,1.0,0.0,Poselenie Vnukovskoe,5097804
71,44.0,1.0,17.0,2003.0,3.0,9.0,Vostochnoe Izmajlovo,10800000
76,45.0,7.0,17.0,1983.0,3.0,10.0,Severnoe Medvedkovo,12000000
54,55.0,5.0,9.0,2016.0,2.0,1.0,Nagatinskij Zaton,8586239
40,20.0,5.0,12.0,2003.0,1.0,8.0,Ljublino,6000000
75,43.0,8.0,10.0,1997.0,3.0,8.0,Mar'ino,11500000
35,13.0,8.0,13.0,2005.0,1.0,10.0,Meshhanskoe,10000000
83,57.0,4.0,8.0,1960.0,3.0,8.0,Danilovskoe,14200000
38,19.0,8.0,22.0,1994.0,1.0,10.0,Butyrskoe,7500000
22,14.0,7.0,9.0,1971.0,1.0,3.0,Severnoe Medvedkovo,3000000
33,17.0,4.0,5.0,1960.0,1.0,5.0,Caricyno,4650000
44,27.0,3.0,9.0,1970.0,2.0,6.0,Chertanovo Central'noe,7300000
37,19.0,13.0,16.0,1981.0,1.0,8.0,Bibirevo,6390000
109,78.0,4.0,17.0,1998.0,5.0,10.0,Zapadnoe Degunino,16500000
74,42.0,2.0,18.0,2012.0,3.0,9.0,Mozhajskoe,5590000
61,34.0,18.0,22.0,2011.0,2.0,10.0,Donskoe,5000000
35,14.0,5.0,14.0,2001.0,1.0,9.0,Juzhnoe Butovo,5800000
51,,11.0,17.0,0.0,2.0,1.0,Poselenie Desjonovskoe,5130400
41,20.0,5.0,12.0,1975.0,1.0,8.0,Otradnoe,7500000
46,29.0,5.0,9.0,1972.0,2.0,5.0,Chertanovo Juzhnoe,7900000
59,39.0,5.0,9.0,1976.0,3.0,5.0,Vojkovskoe,10900000
58,30.0,1.0,9.0,1981.0,2.0,9.0,Bogorodskoe,7900000
44,27.0,1.0,9.0,1968.0,2.0,5.0,Nagatinskij Zaton,7300000
47,,2.0,12.0,2015.0,2.0,1.0,Poselenie Filimonkovskoe,3371186
65,41.0,1.0,9.0,1967.0,3.0,1.0,Kon'kovo,9000000
52,,16.0,,,,,Nekrasovka,4768714
60,44.0,2.0,9.0,1970.0,3.0,6.0,Gol'janovo,7500000
41,,23.0,23.0,,1.0,1.0,Chertanovo Juzhnoe,8418948
46,31.0,2.0,9.0,1968.0,2.0,6.0,Novogireevo,7000000
65,1.0,10.0,1.0,2015.0,2.0,1.0,Sviblovo,11921000
34,15.0,7.0,14.0,2006.0,1.0,7.0,Ivanovskoe,6200000
38,19.0,8.0,17.0,1999.0,1.0,8.0,Ljublino,6100000
77,50.0,1.0,17.0,2001.0,3.0,9.0,Akademicheskoe,15500000
117,67.0,12.0,17.0,1998.0,5.0,11.0,Mar'ino,15300000
44,28.0,9.0,9.0,1973.0,2.0,6.0,Gol'janovo,6650000
32,18.0,6.0,9.0,1977.0,1.0,6.0,Teplyj Stan,5650000
43,29.0,3.0,5.0,1960.0,2.0,5.0,Nagornoe,6400000
53,30.0,12.0,12.0,1982.0,2.0,8.0,Nagatinskij Zaton,7500000
50,33.0,3.0,12.0,1974.0,2.0,6.0,Akademicheskoe,10400000
31,18.0,2.0,5.0,1968.0,1.0,5.0,Tekstil'shhiki,2990000
33,33.0,3.0,22.0,1985.0,1.0,9.0,Strogino,6500000
37,1.0,9.0,17.0,1.0,1.0,1.0,Poselenie Moskovskij,3782262
45,28.0,10.0,12.0,1969.0,2.0,5.0,Tekstil'shhiki,6790000
44,27.0,2.0,9.0,1974.0,2.0,6.0,Birjulevo Zapadnoe,5300000
72,38.0,15.0,16.0,2003.0,2.0,11.0,Troickij okrug,6400000
50,34.0,4.0,9.0,1974.0,3.0,6.0,Bibirevo,8100000
50,29.0,3.0,14.0,1989.0,2.0,7.0,Moskvorech'e-Saburovo,9300000
51,,13.0,17.0,2015.0,2.0,9.0,Mitino,6887174
117,70.0,12.0,17.0,1998.0,4.0,12.0,Sviblovo,20600000
38,19.0,10.0,10.0,1994.0,1.0,8.0,Mar'ino,4000000
64,39.0,4.0,9.0,1979.0,3.0,8.0,Otradnoe,9200000
41,26.0,4.0,,,,,Sokolinaja Gora,5400000
35,19.0,5.0,12.0,1966.0,1.0,9.0,Severnoe Medvedkovo,1000000
32,18.0,5.0,12.0,1969.0,1.0,6.0,Nagatino-Sadovniki,7100000
65,64.0,9.0,17.0,2015.0,3.0,1.0,Poselenie Filimonkovskoe,4446269
40,,2.0,1.0,1.0,1.0,1.0,Poselenie Pervomajskoe,3003750
34,19.0,3.0,,,,,Kapotnja,4250000
37,19.0,13.0,16.0,1860.0,1.0,9.0,Kuz'minki,6200000
76,44.0,6.0,12.0,2006.0,3.0,10.0,Donskoe,17200000
63,33.0,5.0,14.0,2010.0,2.0,12.0,Nekrasovka,1946935
56,38.0,9.0,9.0,1970.0,3.0,6.0,Chertanovo Severnoe,9200000
46,29.0,4.0,5.0,1967.0,2.0,5.0,Caricyno,5800000
73,43.0,3.0,9.0,2005.0,3.0,7.0,Krasnosel'skoe,16000000
77,77.0,14.0,17.0,1.0,3.0,1.0,Solncevo,6234844
41,26.0,2.0,5.0,1965.0,2.0,5.0,Novogireevo,6300000
56,38.0,4.0,5.0,1967.0,3.0,5.0,Caricyno,6600000
33,19.0,3.0,9.0,1974.0,1.0,6.0,Otradnoe,6600000
25,13.0,2.0,9.0,1973.0,1.0,5.0,Birjulevo Vostochnoe,3400000
44,28.0,2.0,5.0,1967.0,2.0,5.0,Golovinskoe,4235000
54,0.0,12.0,0.0,0.0,2.0,0.0,Mitino,8620336
39,23.0,8.0,12.0,1968.0,1.0,5.0,Perovo,7100000
34,34.0,3.0,17.0,0.0,1.0,1.0,Poselenie Novofedorovskoe,1983000
44,28.0,7.0,12.0,,2.0,5.0,Bogorodskoe,7500000
46,28.0,8.0,9.0,1976.0,2.0,6.0,Bibirevo,6650000
40,27.0,5.0,,,,,Gol'janovo,2300000
47,46.0,8.0,9.0,2015.0,2.0,1.0,Poselenie Filimonkovskoe,3837492
44,29.0,2.0,5.0,1961.0,2.0,5.0,Cheremushki,7900000
44,27.0,5.0,5.0,1962.0,2.0,5.0,Sokolinaja Gora,6800000
60,,15.0,,,,,Severnoe Tushino,11361610
84,38.0,12.0,16.0,1990.0,2.0,11.0,Kuncevo,15500000
39,,15.0,17.0,,1.0,1.0,Solncevo,4504859
62,,12.0,17.0,2014.0,2.0,10.0,Nekrasovka,6331487
38,38.0,3.0,,,,,Poselenie Sosenskoe,3176250
31,31.0,22.0,22.0,2014.0,1.0,9.0,Poselenie Sosenskoe,3657360
45,29.0,8.0,9.0,1968.0,2.0,6.0,Timirjazevskoe,8200000
79,50.0,10.0,10.0,1960.0,3.0,8.0,Timirjazevskoe,16400000
38,17.0,6.0,14.0,2006.0,1.0,8.0,Severnoe Tushino,7800000
45,28.0,3.0,5.0,1965.0,2.0,5.0,Severnoe Tushino,7375000
61,42.0,11.0,14.0,1971.0,3.0,8.0,Juzhnoe Medvedkovo,2000000
56,35.0,5.0,5.0,1958.0,2.0,7.0,Pokrovskoe Streshnevo,8150000
45,30.0,5.0,5.0,1967.0,2.0,5.0,Poselenie Sosenskoe,5350000
56,29.0,11.0,1.0,,2.0,7.0,Poselenie Voskresenskoe,6000660
38,17.0,4.0,24.0,2005.0,1.0,10.0,Fili Davydkovo,8400000
54,27.0,12.0,16.0,1979.0,2.0,12.0,Savelovskoe,11100000
32,17.0,8.0,,,,,Bibirevo,1000000
64,60.0,19.0,,,,,Mitino,7768453
61,,3.0,,,,,Mitino,9809910
51,30.0,13.0,17.0,2013.0,2.0,9.0,Nekrasovka,5400000
59,40.0,2.0,9.0,1973.0,3.0,6.0,Babushkinskoe,9300000
61,,1.0,1.0,2014.0,2.0,1.0,Tverskoe,2622250
46,44.0,2.0,9.0,2015.0,1.0,1.0,Zapadnoe Degunino,3721600
38,19.0,5.0,17.0,1985.0,1.0,8.0,Ramenki,9400000
37,18.0,1.0,17.0,2001.0,1.0,7.0,Solncevo,1000000
51,,4.0,12.0,,2.0,1.0,Poselenie Filimonkovskoe,3111347
44,29.0,4.0,5.0,1962.0,2.0,5.0,Kuncevo,6900000
50,30.0,18.0,22.0,1983.0,2.0,8.0,Teplyj Stan,10700000
53,30.0,3.0,12.0,1974.0,2.0,8.0,Ivanovskoe,8350000
54,32.0,11.0,17.0,2009.0,2.0,9.0,Novo-Peredelkino,8200000
52,31.0,15.0,16.0,1983.0,2.0,9.0,Chertanovo Juzhnoe,8990000
32,19.0,2.0,6.0,1960.0,1.0,6.0,Lefortovo,6500000
45,28.0,4.0,9.0,1968.0,2.0,6.0,Severnoe Medvedkovo,7000000
33,20.0,5.0,,,,,Donskoe,5750000
43,17.0,25.0,25.0,2002.0,1.0,9.0,Troparevo-Nikulino,5000000
35,17.0,21.0,22.0,1987.0,1.0,10.0,Zjablikovo,6200000
55,,1.0,3.0,2014.0,1.0,1.0,Poselenie Filimonkovskoe,4096566
42,26.0,5.0,5.0,1963.0,2.0,5.0,Kuz'minki,5950000
220,176.0,8.0,12.0,2007.0,2.0,12.0,Vojkovskoe,37325704
42,24.0,11.0,12.0,1970.0,2.0,6.0,Pokrovskoe Streshnevo,7550000
27,,10.0,16.0,2014.0,1.0,1.0,Poselenie Filimonkovskoe,2422315
39,17.0,3.0,15.0,2006.0,1.0,8.0,Krjukovo,5100000
63,31.0,10.0,22.0,1985.0,2.0,10.0,Jasenevo,10050000
42,27.0,4.0,9.0,1961.0,2.0,4.0,Akademicheskoe,6900000
94,59.0,5.0,14.0,1994.0,4.0,8.0,Krjukovo,9500000
63,44.0,6.0,12.0,1971.0,3.0,7.0,Kon'kovo,14400000
60,41.0,4.0,8.0,1962.0,2.0,6.0,Begovoe,12900000
70,40.0,16.0,16.0,1978.0,3.0,9.0,Teplyj Stan,13700000
44,28.0,4.0,12.0,1977.0,2.0,6.0,Orehovo-Borisovo Juzhnoe,1000000
47,,16.0,17.0,2016.0,1.0,7.0,Filevskij Park,9973868
54,32.0,15.0,16.0,1980.0,2.0,9.0,Mozhajskoe,8800000
38,,15.0,17.0,2013.0,1.0,1.0,Nekrasovka,4462000
35,19.0,10.0,14.0,1971.0,1.0,9.0,Sokolinaja Gora,6900000
56,37.0,8.0,9.0,1971.0,3.0,6.0,Veshnjaki,7500000
84,52.0,15.0,17.0,2012.0,3.0,10.0,Juzhnoe Tushino,12682500
33,18.0,1.0,9.0,1972.0,1.0,6.0,Akademicheskoe,5250000
38,23.0,12.0,12.0,1970.0,2.0,6.0,Solncevo,5700000
54,32.0,17.0,17.0,1986.0,2.0,9.0,Orehovo-Borisovo Juzhnoe,8050000
38,19.0,7.0,14.0,1972.0,1.0,9.0,Golovinskoe,6300000
106,106.0,7.0,1.0,2013.0,3.0,1.0,Izmajlovo,17386002
74,51.0,1.0,14.0,1989.0,4.0,8.0,Novo-Peredelkino,1000000
32,18.0,5.0,9.0,1974.0,1.0,6.0,Orehovo-Borisovo Juzhnoe,5800000
34,20.0,2.0,9.0,1974.0,2.0,6.0,Nagatino-Sadovniki,5870000
52,30.0,12.0,12.0,1981.0,2.0,8.0,Nekrasovka,6170000
67,40.0,12.0,12.0,2008.0,3.0,9.0,Krjukovo,3000000
68,47.0,5.0,5.0,1935.0,3.0,5.0,Donskoe,3000000
46,29.0,7.0,9.0,1973.0,2.0,5.0,Veshnjaki,7000000
50,30.0,3.0,17.0,2012.0,2.0,9.0,Vojkovskoe,6400000
52,,11.0,0.0,0.0,2.0,0.0,Nekrasovka,5174562
43,27.0,3.0,9.0,1970.0,2.0,6.0,Timirjazevskoe,7600000
40,40.0,9.0,22.0,0.0,1.0,0.0,Poselenie Vnukovskoe,5196766
53,30.0,10.0,12.0,1983.0,2.0,8.0,Tverskoe,13500000
37,19.0,7.0,16.0,1990.0,1.0,8.0,Mar'ina Roshha,7600000
57,33.0,8.0,22.0,2007.0,2.0,10.0,Severnoe,3000000
45,29.0,2.0,5.0,1965.0,2.0,5.0,Golovinskoe,6400000
47,30.0,8.0,12.0,1973.0,2.0,6.0,Birjulevo Zapadnoe,6000000
45,45.0,2.0,5.0,1962.0,2.0,5.0,Horoshevo-Mnevniki,6850000
53,32.0,8.0,,,,,Mozhajskoe,9300000
35,20.0,8.0,17.0,2003.0,1.0,9.0,Kon'kovo,7200000
38,19.0,4.0,17.0,1999.0,1.0,8.0,Mar'ino,6700000
64,,2.0,,,,,Poselenie Vnukovskoe,4892160
37,18.0,9.0,17.0,1985.0,1.0,8.0,Orehovo-Borisovo Juzhnoe,6450000
43,28.0,1.0,5.0,1963.0,2.0,6.0,Novogireevo,6100000
57,31.0,5.0,5.0,1934.0,2.0,5.0,Alekseevskoe,12500000
39,38.0,14.0,14.0,2015.0,1.0,1.0,Nagornoe,8611070
45,30.0,3.0,5.0,1964.0,2.0,5.0,Caricyno,6100000
42,25.0,3.0,6.0,1895.0,1.0,9.0,Krasnosel'skoe,2000000
77,77.0,4.0,20.0,2015.0,3.0,10.0,Mitino,11224479
103,58.0,11.0,25.0,2001.0,3.0,14.0,Perovo,20800000
37,19.0,16.0,16.0,1989.0,1.0,9.0,Severnoe Medvedkovo,6300000
33,16.0,8.0,12.0,1974.0,1.0,7.0,Losinoostrovskoe,6400000
82,,15.0,1.0,2014.0,3.0,1.0,Chertanovo Severnoe,14692393
51,30.0,6.0,17.0,2001.0,2.0,9.0,Solncevo,9100000
37,20.0,9.0,9.0,1973.0,1.0,6.0,Bogorodskoe,6070000
38,22.0,9.0,9.0,1965.0,2.0,7.0,Kuz'minki,6300000
46,46.0,9.0,22.0,2015.0,1.0,1.0,Levoberezhnoe,7884810
65,,9.0,1.0,2013.0,3.0,1.0,Tverskoe,3841298
35,19.0,6.0,12.0,1971.0,1.0,10.0,Ochakovo-Matveevskoe,4999000
54,27.0,14.0,25.0,2013.0,2.0,8.0,Beskudnikovskoe,3500000
37,19.0,12.0,16.0,1989.0,1.0,9.0,Rjazanskij,4000000
53,30.0,7.0,12.0,1975.0,2.0,8.0,Chertanovo Juzhnoe,7600000
38,22.0,1.0,12.0,1968.0,2.0,6.0,Sviblovo,2000000
35,19.0,12.0,12.0,1966.0,1.0,9.0,Golovinskoe,5950000
37,23.0,2.0,12.0,1968.0,2.0,6.0,Golovinskoe,6350000
43,27.0,5.0,5.0,1964.0,2.0,5.0,Dmitrovskoe,5500000
44,28.0,1.0,9.0,1979.0,2.0,6.0,Strogino,7200000
78,41.0,4.0,9.0,1954.0,2.0,9.0,Tverskoe,14600000
91,91.0,7.0,7.0,2013.0,3.0,0.0,Ramenki,15110700
32,18.0,2.0,9.0,1977.0,1.0,6.0,Kapotnja,4350000
39,,2.0,10.0,0.0,1.0,1.0,Juzhnoe Butovo,4615175
46,28.0,2.0,12.0,1968.0,2.0,5.0,Koptevo,7400000
32,32.0,15.0,,,,,Poselenie Sosenskoe,3425436
78,46.0,12.0,16.0,1975.0,3.0,10.0,Otradnoe,12950000
72,44.0,12.0,12.0,1981.0,3.0,8.0,Kapotnja,6300000
55,34.0,5.0,8.0,1961.0,2.0,8.0,Timirjazevskoe,10200000
38,19.0,17.0,17.0,2011.0,1.0,7.0,Poselenie Moskovskij,2717400
50,30.0,4.0,14.0,1994.0,2.0,8.0,Juzhnoe Butovo,8450000
51,49.0,3.0,12.0,2005.0,1.0,13.0,Horoshevskoe,15500000
38,19.0,12.0,16.0,1984.0,1.0,9.0,Orehovo-Borisovo Juzhnoe,6800000
40,20.0,6.0,12.0,2003.0,1.0,8.0,Ljublino,6450000
37,18.0,2.0,17.0,2000.0,1.0,7.0,Nagornoe,7700000
38,19.0,10.0,16.0,1977.0,1.0,10.0,Teplyj Stan,6400000
80,73.0,13.0,14.0,1969.0,3.0,9.0,Savelki,9300000
45,27.0,9.0,9.0,1972.0,2.0,6.0,Ivanovskoe,6000000
41,20.0,9.0,,,,,Nagornoe,7200000
47,17.0,25.0,25.0,2012.0,1.0,10.0,Poselenie Vnukovskoe,4325270
33,15.0,5.0,7.0,1999.0,1.0,7.0,Taganskoe,8700000
46,27.0,1.0,9.0,1979.0,2.0,6.0,Vostochnoe Degunino,6800000
76,45.0,6.0,16.0,2002.0,3.0,10.0,Mar'ino,12000000
41,19.0,16.0,24.0,2009.0,1.0,9.0,Levoberezhnoe,8300000
75,,15.0,,,,,Nekrasovka,6217200
40,40.0,14.0,17.0,0.0,1.0,0.0,Poselenie Moskovskij,3695680
50,14.0,9.0,9.0,2010.0,1.0,12.0,Kotlovka,9000000
37,19.0,7.0,16.0,1974.0,1.0,9.0,Birjulevo Zapadnoe,4750000
45,16.0,10.0,1.0,2014.0,1.0,1.0,Koptevo,8308300
91,91.0,2.0,12.0,2015.0,3.0,1.0,Zapadnoe Degunino,7731750
44,27.0,1.0,9.0,1970.0,2.0,6.0,Basmannoe,2000000
65,65.0,3.0,15.0,2015.0,3.0,1.0,Poselenie Filimonkovskoe,3841298
37,23.0,5.0,12.0,1967.0,2.0,6.0,Dmitrovskoe,5500000
68,44.0,9.0,14.0,1971.0,3.0,9.0,Taganskoe,17400000
81,30.0,25.0,25.0,2002.0,3.0,11.0,Prospekt Vernadskogo,25000000
53,32.0,3.0,14.0,1996.0,2.0,9.0,Mar'ino,7700000
41,17.0,7.0,24.0,2009.0,1.0,9.0,Cheremushki,11000000
44,28.0,4.0,5.0,1965.0,2.0,5.0,Caricyno,6800000
80,45.0,5.0,14.0,2002.0,3.0,12.0,Golovinskoe,16000000
45,29.0,3.0,5.0,1966.0,2.0,5.0,Golovinskoe,6400000
30,16.0,5.0,5.0,1960.0,1.0,5.0,Nizhegorodskoe,1000000
44,30.0,4.0,5.0,1959.0,2.0,5.0,Akademicheskoe,7800000
37,18.0,9.0,19.0,1976.0,1.0,10.0,Tekstil'shhiki,6700000
121,1.0,1.0,3.0,,1.0,1.0,Poselenie Sosenskoe,7904621
53,30.0,9.0,14.0,1995.0,2.0,8.0,Ochakovo-Matveevskoe,9050000
42,17.0,1.0,9.0,2016.0,1.0,12.0,Poselenie Vnukovskoe,4657415
39,21.0,14.0,14.0,1991.0,1.0,8.0,Severnoe Butovo,3000000
39,20.0,20.0,22.0,2003.0,1.0,10.0,Obruchevskoe,9000000
32,17.0,3.0,4.0,1950.0,1.0,6.0,Jaroslavskoe,4850000
53,28.0,5.0,16.0,1980.0,2.0,11.0,Fili Davydkovo,11550000
42,19.0,17.0,17.0,2008.0,1.0,8.0,Juzhnoe Butovo,1000000
83,48.0,11.0,17.0,1997.0,3.0,9.0,Caricyno,13200000
32,21.0,2.0,9.0,1962.0,1.0,5.0,Koptevo,4400000
65,43.0,2.0,9.0,1973.0,3.0,7.0,Izmajlovo,6300000
32,17.0,3.0,5.0,1957.0,1.0,6.0,Sokolinaja Gora,6800000
56,,15.0,,,,,Poselenie Shherbinka,3710221
32,18.0,2.0,9.0,1978.0,1.0,6.0,Vostochnoe Degunino,5900000
134,134.0,1.0,0.0,0.0,3.0,0.0,Poselenie Pervomajskoe,5798496
95,1.0,23.0,25.0,2014.0,3.0,1.0,Strogino,15976224
54,36.0,2.0,8.0,1963.0,3.0,5.0,Sokolinaja Gora,9100000
33,18.0,1.0,9.0,1970.0,1.0,6.0,Chertanovo Central'noe,4000000
46,27.0,1.0,9.0,1972.0,2.0,6.0,Ivanovskoe,6800000
55,32.0,2.0,5.0,1957.0,2.0,9.0,Tverskoe,19350000
101,52.0,9.0,27.0,2006.0,3.0,13.0,Akademicheskoe,26000000
37,1.0,19.0,1.0,2014.0,1.0,1.0,Strogino,7210040
60,60.0,11.0,0.0,0.0,2.0,0.0,Nekrasovka,6518400
45,18.0,3.0,1.0,1.0,1.0,1.0,Poselenie Voskresenskoe,4267000
46,28.0,2.0,12.0,1969.0,2.0,6.0,Novogireevo,1200000
58,41.0,5.0,5.0,1967.0,3.0,5.0,Golovinskoe,2000000
43,,16.0,24.0,,1.0,1.0,Poselenie Vnukovskoe,5521802
40,,10.0,17.0,1.0,1.0,1.0,Tverskoe,4258400
66,45.0,2.0,8.0,1960.0,3.0,7.0,Gagarinskoe,14420000
82,82.0,,,,,,Troickij okrug,3506250
38,20.0,13.0,16.0,1983.0,1.0,37.0,Juzhnoe Tushino,6900000
58,33.0,5.0,6.0,1958.0,2.0,8.0,Izmajlovo,2000000
80,44.0,7.0,21.0,1996.0,3.0,9.0,Mar'ino,12000000
30,18.0,1.0,5.0,1963.0,1.0,5.0,Juzhnoe Tushino,5100000
59,59.0,2.0,25.0,0.0,2.0,0.0,Poselenie Moskovskij,5098842
39,18.0,6.0,25.0,2001.0,1.0,9.0,Brateevo,6000000
51,30.0,11.0,17.0,1996.0,2.0,8.0,Moskvorech'e-Saburovo,8675000
34,21.0,6.0,12.0,1972.0,1.0,1.0,Matushkino,4500000
30,20.0,5.0,,,,,Presnenskoe,1000000
39,20.0,6.0,22.0,1996.0,1.0,10.0,Mar'ino,6300000
37,19.0,22.0,,,,,Kon'kovo,7500000
48,48.0,7.0,,,,,Poselenie Shherbinka,3267648
56,37.0,5.0,5.0,1964.0,3.0,5.0,Lefortovo,8600000
34,19.0,6.0,8.0,1979.0,1.0,9.0,Zjablikovo,2000000
58,33.0,22.0,22.0,2004.0,2.0,10.0,Zjuzino,13300000
50,30.0,13.0,17.0,1992.0,2.0,8.0,Mitino,9425000
44,30.0,5.0,5.0,1961.0,2.0,5.0,Basmannoe,6800000
48,31.0,8.0,14.0,1968.0,2.0,8.0,Kon'kovo,1000000
67,67.0,1.0,9.0,2014.0,3.0,0.0,Poselenie Novofedorovskoe,3561990
97,68.0,3.0,,,,,Bogorodskoe,12500000
72,43.0,10.0,17.0,2005.0,3.0,10.0,Taganskoe,17200000
46,29.0,4.0,9.0,1977.0,2.0,6.0,Orehovo-Borisovo Juzhnoe,7300000
77,77.0,3.0,3.0,2014.0,3.0,1.0,Poselenie Filimonkovskoe,6000000
37,,7.0,12.0,1.0,1.0,1.0,Poselenie Filimonkovskoe,2562205
35,18.0,3.0,24.0,2017.0,1.0,8.0,Nagatinskij Zaton,5813954
36,36.0,15.0,25.0,2014.0,1.0,1.0,Strogino,7702090
125,74.0,34.0,48.0,2011.0,3.0,17.0,Horoshevo-Mnevniki,16200000
43,27.0,5.0,5.0,1964.0,2.0,5.0,Preobrazhenskoe,6400000
44,28.0,4.0,9.0,1973.0,2.0,5.0,Beskudnikovskoe,7000000
63,44.0,1.0,12.0,1972.0,3.0,6.0,Chertanovo Juzhnoe,7400000
107,55.0,2.0,25.0,2007.0,3.0,13.0,Mitino,16250000
59,30.0,13.0,17.0,2016.0,2.0,10.0,Poselenie Desjonovskoe,6296600
65,65.0,2.0,,,,,Tverskoe,4418305
38,23.0,1.0,,,,,Izmajlovo,6150000
37,19.0,5.0,16.0,1979.0,1.0,8.0,Bibirevo,7000000
43,29.0,5.0,5.0,1965.0,2.0,5.0,Nagornoe,6750000
78,78.0,15.0,17.0,2015.0,3.0,0.0,Nagornoe,15307596
39,16.0,2.0,17.0,2006.0,1.0,10.0,Lomonosovskoe,3000000
100,53.0,11.0,12.0,2008.0,2.0,14.0,Troparevo-Nikulino,13300000
84,,8.0,0.0,,3.0,0.0,Poselenie Sosenskoe,7350340
74,72.0,3.0,1.0,2014.0,2.0,1.0,Poselenie Pervomajskoe,4583436
32,18.0,7.0,9.0,1974.0,1.0,6.0,Orehovo-Borisovo Severnoe,5250000
38,19.0,7.0,14.0,2006.0,1.0,7.0,Kosino-Uhtomskoe,5750000
41,18.0,4.0,1.0,1.0,1.0,1.0,Poselenie Voskresenskoe,4418640
31,,3.0,,,,,Poselenie Sosenskoe,3190000
36,,5.0,15.0,,1.0,1.0,Poselenie Sosenskoe,3526970
27,17.0,1.0,5.0,1966.0,1.0,4.0,Beskudnikovskoe,4300000
39,19.0,11.0,14.0,1971.0,1.0,9.0,Hovrino,6150000
44,27.0,5.0,,,,,Ochakovo-Matveevskoe,6300000
41,,22.0,25.0,,1.0,1.0,Chertanovo Severnoe,8193915
40,24.0,2.0,5.0,1959.0,2.0,5.0,Ajeroport,1000000
38,19.0,5.0,12.0,2003.0,1.0,10.0,Juzhnoe Butovo,6100000
34,,3.0,16.0,2015.0,1.0,1.0,Poselenie Novofedorovskoe,2394300
43,21.0,5.0,12.0,1978.0,1.0,8.0,Otradnoe,6500000
38,19.0,11.0,17.0,1986.0,1.0,8.0,Perovo,7450000
41,17.0,14.0,16.0,1978.0,1.0,10.0,Savelovskoe,5980000
48,31.0,7.0,12.0,1972.0,2.0,9.0,Vnukovo,5150000
15,10.0,4.0,5.0,1952.0,1.0,1.0,Vostochnoe Izmajlovo,2000000
75,45.0,12.0,17.0,1996.0,3.0,10.0,Brateevo,4000000
48,,16.0,1.0,2014.0,1.0,1.0,Nekrasovka,5335000
66,39.0,8.0,16.0,1983.0,3.0,8.0,Butyrskoe,11625000
80,45.0,4.0,12.0,2001.0,3.0,12.0,Mar'ino,12600000
48,33.0,3.0,,,,,Nizhegorodskoe,6600000
50,28.0,5.0,5.0,1951.0,2.0,8.0,Shhukino,1000000
30,19.0,1.0,5.0,1962.0,1.0,5.0,Kuz'minki,5500000
34,19.0,6.0,,,,,Nagornoe,5800000
38,19.0,4.0,17.0,1986.0,1.0,8.0,Kon'kovo,9000000
49,31.0,11.0,14.0,1975.0,2.0,8.0,Solncevo,6400000
98,61.0,7.0,9.0,1958.0,3.0,10.0,Vojkovskoe,17000000
65,45.0,1.0,9.0,1973.0,3.0,6.0,Nagatinskij Zaton,10100000
72,43.0,12.0,17.0,1992.0,3.0,10.0,Juzhnoe Tushino,10900000
32,21.0,1.0,,,,,Zjuzino,4815040
38,38.0,5.0,9.0,1968.0,2.0,6.0,Caricyno,6400000
36,20.0,4.0,12.0,1966.0,1.0,9.0,Kotlovka,2000000
38,24.0,1.0,,,,,Mozhajskoe,6300000
45,30.0,2.0,5.0,1963.0,2.0,5.0,Severnoe Izmajlovo,6000000
88,79.0,4.0,,,,,Severnoe Tushino,13583544
86,58.0,5.0,5.0,1955.0,3.0,8.0,Kuncevo,11300000
43,27.0,3.0,5.0,1965.0,2.0,5.0,Golovinskoe,2000000
62,43.0,11.0,12.0,1.0,2.0,14.0,Orehovo-Borisovo Severnoe,9000000
1,1.0,1.0,1.0,1.0,1.0,1.0,Nagornoe,11731927
42,17.0,15.0,,,,,Birjulevo Vostochnoe,5750000
55,33.0,8.0,8.0,1957.0,2.0,7.0,Shhukino,4000000
38,,2.0,17.0,2014.0,1.0,1.0,Poselenie Desjonovskoe,3512067
41,19.0,11.0,17.0,2006.0,1.0,8.0,Lianozovo,6250000
42,42.0,9.0,25.0,2014.0,1.0,1.0,Nekrasovka,5313000
43,41.0,9.0,17.0,2001.0,1.0,7.0,Juzhnoportovoe,9400000
66,44.0,6.0,12.0,1968.0,3.0,9.0,Juzhnoe Tushino,10100000
58,43.0,5.0,9.0,1967.0,3.0,5.0,Koptevo,9100000
58,38.0,3.0,9.0,1968.0,3.0,6.0,Ivanovskoe,8400000
40,15.0,1.0,10.0,2007.0,1.0,9.0,Shhukino,3000000
56,35.0,5.0,6.0,1960.0,2.0,7.0,Nagatino-Sadovniki,2000000
36,20.0,4.0,12.0,1967.0,1.0,10.0,Preobrazhenskoe,6950000
67,36.0,6.0,17.0,2014.0,2.0,16.0,Poselenie Sosenskoe,4660000
64,60.0,16.0,17.0,2014.0,2.0,1.0,Nekrasovka,6145920
44,28.0,5.0,9.0,1971.0,2.0,5.0,Veshnjaki,7750000
54,39.0,1.0,9.0,1968.0,3.0,5.0,Nagatino-Sadovniki,8300000
53,32.0,15.0,,,,,Vyhino-Zhulebino,2716666
42,,2.0,24.0,2014.0,1.0,1.0,Tverskoe,5482109
40,17.0,11.0,15.0,2007.0,1.0,8.0,Krjukovo,5250000
75,43.0,22.0,22.0,1984.0,3.0,9.0,Bibirevo,12550000
32,20.0,5.0,5.0,1964.0,1.0,5.0,Severnoe Izmajlovo,4400000
96,47.0,18.0,24.0,2016.0,1.0,22.0,Hovrino,12303245
64,45.0,11.0,12.0,1974.0,3.0,6.0,Otradnoe,8800000
54,35.0,3.0,9.0,1957.0,2.0,8.0,Lomonosovskoe,12250000
72,40.0,6.0,10.0,1998.0,3.0,8.0,Gol'janovo,6990000
100,63.0,22.0,22.0,1992.0,4.0,10.0,Krjukovo,11800000
33,18.0,1.0,12.0,1977.0,1.0,9.0,Ivanovskoe,5390000
44,24.0,3.0,5.0,1961.0,2.0,5.0,Preobrazhenskoe,3000000
38,18.0,3.0,17.0,2003.0,1.0,7.0,Solncevo,5900000
65,43.0,1.0,9.0,1970.0,3.0,7.0,Troparevo-Nikulino,9600000
78,,9.0,17.0,,3.0,1.0,Poselenie Vnukovskoe,8211559
59,33.0,16.0,17.0,1983.0,2.0,10.0,Ljublino,8300000
160,160.0,1.0,3.0,0.0,3.0,0.0,Poselenie Pervomajskoe,7267500
80,40.0,13.0,,,,,Strogino,13969550
41,26.0,2.0,5.0,1963.0,2.0,5.0,Presnenskoe,7500000
62,43.0,2.0,8.0,1959.0,3.0,8.0,Perovo,9000000
53,30.0,11.0,12.0,1982.0,2.0,8.0,Nagatinskij Zaton,9850000
42,1.0,13.0,17.0,2014.0,1.0,1.0,Mitino,7259324
37,19.0,11.0,16.0,1978.0,1.0,9.0,Ivanovskoe,6500000
66,43.0,6.0,12.0,1975.0,3.0,10.0,Sokolinaja Gora,10700000
38,19.0,9.0,17.0,1996.0,1.0,8.0,Brateevo,7100000
36,21.0,8.0,,,,,Gol'janovo,4800000
34,19.0,16.0,,,,,Chertanovo Severnoe,5100000
41,,11.0,1.0,2014.0,1.0,1.0,Chertanovo Severnoe,7252870
45,28.0,3.0,5.0,1965.0,2.0,5.0,Novogireevo,7500000
51,31.0,3.0,9.0,1975.0,3.0,5.0,Otradnoe,8450000
59,44.0,8.0,9.0,1970.0,3.0,6.0,Veshnjaki,5700000
45,28.0,3.0,5.0,1963.0,2.0,5.0,Losinoostrovskoe,6500000
43,30.0,3.0,5.0,1961.0,2.0,5.0,Sokolinaja Gora,6700000
37,18.0,7.0,16.0,1983.0,1.0,9.0,Solncevo,5700000
35,20.0,5.0,9.0,1976.0,1.0,6.0,Bibirevo,5500000
44,44.0,1.0,5.0,1964.0,2.0,5.0,Zjuzino,5800000
38,20.0,7.0,12.0,2003.0,1.0,8.0,Juzhnoe Butovo,6300000
78,49.0,2.0,7.0,1928.0,3.0,9.0,Danilovskoe,18420000
74,46.0,6.0,9.0,1974.0,3.0,9.0,Ajeroport,16000000
76,44.0,11.0,14.0,2011.0,3.0,12.0,Severnoe Medvedkovo,2000000
98,51.0,14.0,16.0,2006.0,3.0,12.0,Kosino-Uhtomskoe,13650000
41,21.0,14.0,14.0,1991.0,1.0,8.0,Silino,4500000
37,19.0,3.0,22.0,1983.0,1.0,10.0,Bibirevo,6700000
34,19.0,11.0,12.0,1978.0,1.0,10.0,Kuncevo,6200000
56,34.0,5.0,5.0,1958.0,2.0,7.0,Tekstil'shhiki,8300000
54,31.0,14.0,16.0,1980.0,2.0,8.0,Otradnoe,9550000
41,23.0,3.0,14.0,1994.0,1.0,8.0,Krjukovo,4500000
32,18.0,7.0,9.0,1972.0,1.0,6.0,Chertanovo Juzhnoe,5000000
31,18.0,3.0,5.0,1960.0,1.0,6.0,Presnenskoe,6300000
47,18.0,4.0,0.0,2015.0,1.0,0.0,Poselenie Voskresenskoe,4910450
34,21.0,9.0,9.0,1965.0,2.0,6.0,Golovinskoe,6700000
47,47.0,22.0,22.0,2016.0,1.0,1.0,Filevskij Park,10200547
67,39.0,2.0,4.0,1939.0,3.0,9.0,Jaroslavskoe,9000000
54,32.0,6.0,16.0,1977.0,2.0,9.0,Lianozovo,8850000
54,32.0,10.0,17.0,1999.0,2.0,9.0,Troparevo-Nikulino,12270000
52,37.0,2.0,5.0,1968.0,3.0,6.0,Troickij okrug,5200000
76,44.0,1.0,22.0,1989.0,3.0,10.0,Ostankinskoe,13000000
38,,9.0,,,,,Nekrasovka,3951780
52,20.0,6.0,9.0,2015.0,1.0,11.0,Zapadnoe Degunino,3726255
50,30.0,6.0,17.0,2000.0,2.0,8.0,Mar'ino,9000000
75,47.0,2.0,12.0,1998.0,3.0,12.0,Tekstil'shhiki,12500000
45,28.0,3.0,9.0,1970.0,2.0,5.0,Veshnjaki,6300000
70,50.0,7.0,8.0,1958.0,3.0,7.0,Lomonosovskoe,15800000
83,83.0,5.0,,,,,Poselenie Sosenskoe,8293740
51,30.0,5.0,14.0,1999.0,2.0,8.0,Ljublino,9800000
45,29.0,8.0,9.0,1971.0,2.0,6.0,Severnoe Tushino,7300000
37,34.0,16.0,16.0,1973.0,1.0,9.0,Ajeroport,6500000
47,18.0,14.0,14.0,2015.0,1.0,1.0,Poselenie Voskresenskoe,5068125
41,23.0,14.0,14.0,1974.0,2.0,5.0,Tekstil'shhiki,5500000
44,27.0,1.0,5.0,1968.0,2.0,5.0,Zjablikovo,4700000
75,49.0,5.0,9.0,1954.0,3.0,10.0,Vojkovskoe,16000000
39,20.0,4.0,14.0,1985.0,1.0,8.0,Strogino,7100000
60,33.0,3.0,17.0,1983.0,2.0,10.0,Otradnoe,10850000
51,51.0,2.0,17.0,2013.0,2.0,1.0,Nekrasovka,5516390
45,30.0,2.0,5.0,1964.0,2.0,5.0,Zjuzino,7000000
30,18.0,3.0,9.0,1973.0,1.0,1.0,Presnenskoe,1000000
39,23.0,6.0,12.0,1970.0,2.0,6.0,Perovo,5850000
76,49.0,6.0,6.0,1912.0,4.0,11.0,Presnenskoe,15500000
39,1.0,13.0,17.0,2015.0,1.0,1.0,Solncevo,4583565
41,21.0,6.0,14.0,1991.0,1.0,8.0,Severnoe Butovo,7300000
44,29.0,8.0,9.0,1971.0,2.0,6.0,Kon'kovo,7700000
81,45.0,3.0,25.0,2003.0,3.0,9.0,Troparevo-Nikulino,2000000
35,35.0,11.0,,,,,Poselenie Sosenskoe,3938000
37,19.0,13.0,16.0,1979.0,1.0,9.0,Otradnoe,6800000
48,31.0,5.0,8.0,1960.0,2.0,7.0,Hamovniki,13700000
37,37.0,3.0,19.0,2014.0,1.0,1.0,Poselenie Shherbinka,3125273
51,30.0,8.0,17.0,1997.0,2.0,8.0,Filevskij Park,11600000
55,0.0,6.0,0.0,0.0,2.0,12.0,Poselenie Sosenskoe,4725120
40,20.0,3.0,14.0,2004.0,1.0,8.0,Mozhajskoe,7400000
99,63.0,17.0,22.0,1980.0,4.0,10.0,Juzhnoe Tushino,15200000
40,22.0,3.0,14.0,1970.0,2.0,6.0,Koptevo,7200000
96,62.0,10.0,22.0,2000.0,3.0,11.0,Kuncevo,15000000
58,38.0,9.0,9.0,1971.0,3.0,5.0,Pokrovskoe Streshnevo,8100000
39,20.0,11.0,22.0,1999.0,1.0,10.0,Mar'ino,6200000
34,20.0,9.0,9.0,1966.0,1.0,6.0,Vostochnoe Izmajlovo,5300000
45,29.0,1.0,5.0,1969.0,2.0,5.0,Kon'kovo,6800000
57,,18.0,,,,,Mitino,7993299
102,50.0,10.0,17.0,2015.0,3.0,10.0,Levoberezhnoe,14819000
56,,16.0,17.0,2015.0,2.0,1.0,Tverskoe,4779983
38,38.0,10.0,17.0,2015.0,1.0,1.0,Tverskoe,3846600
36,22.0,1.0,,,,,Alekseevskoe,6100000
56,,8.0,19.0,2016.0,2.0,1.0,Nagatinskij Zaton,9612391
35,19.0,11.0,12.0,1975.0,1.0,7.0,Sokol'niki,2000000
62,46.0,7.0,9.0,1972.0,4.0,6.0,Teplyj Stan,11100000
31,18.0,1.0,5.0,1960.0,1.0,6.0,Orehovo-Borisovo Severnoe,3600000
58,39.0,9.0,9.0,1974.0,3.0,6.0,Ivanovskoe,7950000
37,37.0,8.0,17.0,0.0,1.0,0.0,Poselenie Vnukovskoe,4835861
30,,19.0,25.0,2013.0,1.0,1.0,Poselenie Sosenskoe,3519000
44,27.0,1.0,9.0,1975.0,2.0,6.0,Babushkinskoe,6300000
59,44.0,7.0,9.0,1966.0,3.0,5.0,Rjazanskij,8600000
76,45.0,1.0,5.0,1958.0,3.0,8.0,Nizhegorodskoe,9200000
33,21.0,5.0,9.0,1965.0,1.0,5.0,Gol'janovo,5400000
81,1.0,3.0,5.0,2014.0,3.0,1.0,Poselenie Filimonkovskoe,6964084
62,62.0,9.0,24.0,0.0,2.0,0.0,Poselenie Vnukovskoe,7426936
43,19.0,5.0,16.0,2004.0,1.0,8.0,Birjulevo Vostochnoe,5800000
60,33.0,13.0,17.0,1985.0,2.0,10.0,Krylatskoe,13900000
51,51.0,4.0,17.0,0.0,2.0,0.0,Solncevo,5080042
35,20.0,4.0,9.0,1971.0,1.0,6.0,Ljublino,5600000
38,24.0,4.0,9.0,1967.0,2.0,6.0,Vostochnoe Izmajlovo,6450000
15,11.0,5.0,5.0,1952.0,1.0,1.0,Vostochnoe Izmajlovo,2000000
37,37.0,5.0,1.0,2016.0,1.0,1.0,Tverskoe,3308972
38,,16.0,,,,,Nekrasovka,4015800
64,,12.0,2.0,,2.0,1.0,Poselenie Moskovskij,5566016
43,19.0,20.0,24.0,2006.0,1.0,9.0,Kosino-Uhtomskoe,6000000
50,30.0,6.0,17.0,1994.0,2.0,8.0,Otradnoe,10250000
38,18.0,9.0,14.0,1995.0,1.0,7.0,Mar'ino,6800000
37,19.0,3.0,16.0,1985.0,1.0,9.0,Orehovo-Borisovo Severnoe,5800000
47,21.0,9.0,24.0,2011.0,1.0,13.0,Birjulevo Vostochnoe,6921550
53,32.0,2.0,14.0,1995.0,2.0,9.0,Vyhino-Zhulebino,3150000
41,41.0,17.0,,,,,Poselenie Moskovskij,3738624
39,39.0,2.0,17.0,0.0,1.0,1.0,Poselenie Vnukovskoe,4968059
31,19.0,2.0,8.0,1963.0,1.0,5.0,Meshhanskoe,7400000
41,41.0,11.0,17.0,2016.0,1.0,41.0,Poselenie Sosenskoe,4114580
77,77.0,10.0,19.0,0.0,3.0,0.0,Poselenie Shherbinka,6333016
37,,15.0,17.0,2013.0,1.0,1.0,Nekrasovka,4138020
38,38.0,4.0,17.0,0.0,1.0,0.0,Poselenie Vnukovskoe,4698521
31,17.0,5.0,5.0,1966.0,1.0,5.0,Gol'janovo,4600000
30,18.0,5.0,5.0,1960.0,1.0,5.0,Severnoe Izmajlovo,5200000
57,,13.0,13.0,,2.0,1.0,Poselenie Sosenskoe,6862077
68,34.0,15.0,25.0,2014.0,2.0,11.0,Poselenie Vnukovskoe,4680000
45,45.0,20.0,,,,,Poselenie Sosenskoe,4835000
60,39.0,6.0,,,,,Vojkovskoe,9600000
50,28.0,11.0,12.0,1984.0,2.0,8.0,Obruchevskoe,11000000
35,19.0,1.0,4.0,1958.0,1.0,7.0,Jaroslavskoe,5200000
37,37.0,2.0,17.0,0.0,1.0,1.0,Poselenie Vnukovskoe,5149776
49,29.0,7.0,12.0,1975.0,2.0,9.0,Horoshevo-Mnevniki,9700000
68,50.0,5.0,9.0,1977.0,3.0,6.0,Jasenevo,10200000
57,30.0,17.0,20.0,2015.0,2.0,10.0,Poselenie Voskresenskoe,6584640
39,19.0,14.0,14.0,1973.0,1.0,9.0,Altuf'evskoe,5600000
40,20.0,12.0,14.0,2002.0,1.0,8.0,Juzhnoe Medvedkovo,7450000
30,17.0,5.0,5.0,1965.0,1.0,5.0,Shhukino,1000000
55,31.0,3.0,8.0,1937.0,2.0,6.0,Jakimanka,14500000
76,45.0,2.0,22.0,1988.0,3.0,9.0,Jasenevo,12300000
57,37.0,8.0,8.0,1959.0,2.0,9.0,Lomonosovskoe,14700000
30,18.0,7.0,9.0,1967.0,1.0,5.0,Dorogomilovo,8000000
53,28.0,10.0,16.0,1968.0,3.0,6.0,Gagarinskoe,13600000
63,62.0,4.0,17.0,1981.0,3.0,6.0,Juzhnoe Tushino,10000000
44,28.0,5.0,5.0,1969.0,2.0,5.0,Kon'kovo,6550000
38,,7.0,17.0,,1.0,1.0,Poselenie Vnukovskoe,4826245
41,26.0,5.0,5.0,1959.0,2.0,5.0,Bogorodskoe,2000000
46,18.0,16.0,16.0,2006.0,1.0,11.0,Pechatniki,5250000
39,19.0,10.0,14.0,1974.0,1.0,9.0,Ochakovo-Matveevskoe,6750000
39,22.0,10.0,12.0,1971.0,2.0,7.0,Dorogomilovo,8850000
39,23.0,6.0,12.0,1968.0,2.0,6.0,Caricyno,6400000
32,15.0,5.0,9.0,1970.0,1.0,6.0,Ochakovo-Matveevskoe,5050000
71,58.0,14.0,14.0,2015.0,2.0,1.0,Nagornoe,13349260
82,49.0,17.0,1.0,,3.0,11.0,Poselenie Voskresenskoe,8191620
77,46.0,5.0,17.0,1989.0,3.0,10.0,Horoshevskoe,16000000
46,30.0,4.0,,,,,Birjulevo Vostochnoe,6200000
43,31.0,7.0,9.0,1964.0,2.0,5.0,Kuz'minki,6400000
50,34.0,9.0,9.0,1968.0,3.0,6.0,Severnoe Tushino,9400000
77,46.0,17.0,17.0,2000.0,3.0,10.0,Mar'ino,13500000
34,22.0,4.0,9.0,1969.0,2.0,6.0,Nagornoe,6800000
37,20.0,12.0,16.0,1979.0,1.0,8.0,Zjuzino,7500000
42,20.0,10.0,14.0,1997.0,1.0,8.0,Dmitrovskoe,1000000
53,30.0,11.0,12.0,1981.0,2.0,8.0,Kapotnja,6300000
17,17.0,6.0,12.0,1980.0,1.0,8.0,Otradnoe,2500000
39,20.0,5.0,14.0,1996.0,1.0,8.0,Mar'ino,7300000
53,32.0,7.0,17.0,1999.0,2.0,9.0,Troparevo-Nikulino,14000000
64,38.0,11.0,12.0,1980.0,3.0,8.0,Strogino,13400000
39,39.0,15.0,17.0,0.0,1.0,1.0,Solncevo,4504859
33,16.0,4.0,5.0,1960.0,1.0,5.0,Bogorodskoe,5800000
54,54.0,5.0,,,,,Poselenie Desjonovskoe,4216648
117,117.0,2.0,17.0,2015.0,3.0,10.0,Poselenie Moskovskij,15043290
44,,12.0,17.0,2016.0,1.0,10.0,Poselenie Sosenskoe,4887330
32,18.0,6.0,9.0,1969.0,1.0,6.0,Pechatniki,5700000
37,22.0,7.0,9.0,1966.0,2.0,7.0,Izmajlovo,7800000
39,23.0,1.0,5.0,1960.0,2.0,5.0,Bogorodskoe,6200000
38,23.0,11.0,14.0,1978.0,2.0,6.0,Chertanovo Central'noe,6900000
53,32.0,17.0,17.0,2000.0,2.0,9.0,Akademicheskoe,12000000
64,45.0,6.0,12.0,1971.0,3.0,6.0,Fili Davydkovo,11400000
50,31.0,2.0,5.0,1935.0,2.0,5.0,Donskoe,2000000
45,30.0,2.0,5.0,1962.0,2.0,5.0,Nagornoe,6600000
42,25.0,5.0,5.0,1963.0,2.0,5.0,Marfino,6400000
49,28.0,6.0,9.0,1967.0,2.0,6.0,Matushkino,5800000
76,45.0,9.0,17.0,1986.0,3.0,10.0,Sviblovo,12800000
30,18.0,1.0,5.0,1964.0,1.0,6.0,Filevskij Park,5900000
47,47.0,11.0,1.0,2013.0,1.0,1.0,Tverskoe,4945261
55,32.0,14.0,17.0,1991.0,2.0,8.0,Donskoe,9500000
63,63.0,11.0,17.0,,2.0,1.0,Poselenie Vnukovskoe,7024023
58,37.0,3.0,7.0,1938.0,2.0,9.0,Tverskoe,12000000
67,46.0,16.0,16.0,1997.0,3.0,8.0,Veshnjaki,8800000
75,41.0,6.0,24.0,2012.0,3.0,11.0,Birjulevo Vostochnoe,10828800
83,,15.0,20.0,1.0,3.0,10.0,Mitino,8309000
37,22.0,1.0,9.0,1964.0,2.0,7.0,Metrogorodok,1000000
39,39.0,14.0,25.0,2014.0,1.0,1.0,Nekrasovka,4819000
42,28.0,9.0,9.0,1970.0,2.0,5.0,Alekseevskoe,8400000
39,1.0,17.0,25.0,2016.0,1.0,1.0,Nekrasovka,4819000
63,46.0,7.0,9.0,1973.0,4.0,5.0,Orehovo-Borisovo Severnoe,8700000
56,29.0,10.0,12.0,2007.0,2.0,8.0,Akademicheskoe,13000000
31,18.0,4.0,,,,,Moskvorech'e-Saburovo,4400000
108,81.0,4.0,6.0,1937.0,5.0,9.0,Ajeroport,18000000
73,43.0,12.0,17.0,1987.0,3.0,9.0,Chertanovo Severnoe,13750000
74,42.0,17.0,17.0,2010.0,3.0,11.0,Kuncevo,16200000
52,50.0,2.0,12.0,2014.0,2.0,0.0,Poselenie Filimonkovskoe,3393673
53,,12.0,1.0,2014.0,1.0,1.0,Poselenie Shherbinka,5491332
76,43.0,5.0,22.0,1989.0,3.0,10.0,Ostankinskoe,15200000
57,54.0,19.0,19.0,2015.0,2.0,10.0,Mitino,8383079
76,45.0,15.0,17.0,1990.0,3.0,10.0,Mar'ino,10800000
30,18.0,1.0,9.0,1972.0,1.0,5.0,Nagatino-Sadovniki,5280000
37,36.0,13.0,,,,,Zapadnoe Degunino,3274574
38,19.0,6.0,17.0,1993.0,1.0,8.0,Mitino,6050000
59,30.0,9.0,24.0,2005.0,2.0,11.0,Kotlovka,15000000
45,45.0,18.0,25.0,1.0,3.0,1.0,Poselenie Sosenskoe,5107200
31,14.0,7.0,12.0,1987.0,1.0,7.0,Tekstil'shhiki,5600000
34,19.0,15.0,21.0,1994.0,1.0,7.0,Severnoe Tushino,7500000
48,42.0,11.0,25.0,2014.0,1.0,1.0,Nekrasovka,5313000
42,28.0,9.0,9.0,1970.0,2.0,6.0,Chertanovo Central'noe,6400000
58,41.0,3.0,9.0,1975.0,3.0,6.0,Ivanovskoe,8500000
46,30.0,8.0,9.0,1976.0,2.0,5.0,Otradnoe,8600000
52,50.0,12.0,12.0,0.0,2.0,1.0,Poselenie Filimonkovskoe,3858580
37,22.0,1.0,12.0,1965.0,2.0,6.0,Kotlovka,7000000
41,,4.0,,,,,Zapadnoe Degunino,3955200
47,26.0,7.0,14.0,1971.0,2.0,7.0,Preobrazhenskoe,9200000
101,47.0,11.0,17.0,2002.0,3.0,10.0,Sokolinaja Gora,18300000
40,,4.0,12.0,,1.0,0.0,Poselenie Desjonovskoe,3941493
36,20.0,6.0,12.0,1971.0,1.0,9.0,Golovinskoe,5850000
35,19.0,16.0,16.0,1982.0,1.0,8.0,Zapadnoe Degunino,5700000
58,34.0,12.0,16.0,1981.0,2.0,10.0,Zjuzino,10100000
34,21.0,8.0,9.0,0.0,1.0,0.0,Novogireevo,6050000
55,37.0,4.0,5.0,1960.0,3.0,5.0,Akademicheskoe,9750000
72,43.0,9.0,16.0,1982.0,3.0,10.0,Nagatinskij Zaton,14300000
114,65.0,12.0,25.0,2008.0,3.0,12.0,Mitino,9000000
51,32.0,8.0,16.0,1969.0,2.0,7.0,Horoshevo-Mnevniki,1700000
36,21.0,5.0,9.0,1970.0,1.0,6.0,Timirjazevskoe,5900000
23,15.0,3.0,5.0,1968.0,1.0,3.0,Perovo,3800000
55,34.0,8.0,9.0,1959.0,2.0,9.0,Donskoe,6000000
71,,1.0,9.0,2013.0,2.0,1.0,Poselenie Sosenskoe,6448500
74,46.0,3.0,16.0,1978.0,3.0,9.0,Troparevo-Nikulino,13150000
76,44.0,7.0,15.0,1982.0,3.0,10.0,Tverskoe,15800000
45,27.0,4.0,12.0,1972.0,2.0,6.0,Kon'kovo,8600000
41,41.0,2.0,9.0,2016.0,1.0,10.0,Poselenie Vnukovskoe,5200230
34,15.0,7.0,16.0,2003.0,1.0,7.0,Juzhnoe Butovo,6200000
52,30.0,5.0,17.0,2013.0,2.0,9.0,Nekrasovka,5794680
42,23.0,1.0,5.0,1965.0,2.0,6.0,Pokrovskoe Streshnevo,6550000
80,44.0,3.0,22.0,1993.0,3.0,9.0,Mitino,13000000
60,42.0,8.0,9.0,1969.0,3.0,6.0,Chertanovo Severnoe,10450000
54,30.0,13.0,14.0,1998.0,2.0,8.0,Sviblovo,11000000
53,32.0,10.0,16.0,1980.0,2.0,9.0,Jasenevo,9000000
60,,3.0,,,,,Poselenie Sosenskoe,5717800
30,17.0,6.0,9.0,1967.0,1.0,5.0,Bogorodskoe,5700000
51,30.0,12.0,16.0,1981.0,2.0,8.0,Ostankinskoe,12200000
66,44.0,9.0,9.0,1959.0,3.0,8.0,Krylatskoe,16500000
36,22.0,2.0,12.0,1969.0,2.0,6.0,Izmajlovo,6000000
44,,25.0,,,,,Poselenie Vnukovskoe,4284622
45,28.0,3.0,5.0,1967.0,2.0,5.0,Severnoe Tushino,6600000
46,30.0,1.0,12.0,1980.0,2.0,6.0,Strogino,7000000
32,32.0,2.0,9.0,1976.0,3.0,6.0,Cheremushki,6150000
66,44.0,7.0,12.0,1967.0,3.0,9.0,Vostochnoe Izmajlovo,10800000
61,34.0,18.0,22.0,1994.0,2.0,10.0,Horoshevskoe,1000000
55,30.0,8.0,17.0,2016.0,2.0,11.0,Poselenie Desjonovskoe,4838066
45,29.0,4.0,5.0,1964.0,2.0,5.0,Golovinskoe,6400000
75,44.0,11.0,16.0,1981.0,3.0,10.0,Jasenevo,11900000
92,54.0,16.0,,,,,Teplyj Stan,21200000
35,17.0,21.0,22.0,2010.0,1.0,7.0,Altuf'evskoe,1020000
51,,2.0,,,,,Tverskoe,4175085
57,57.0,5.0,17.0,0.0,2.0,1.0,Poselenie Moskovskij,5760786
75,43.0,7.0,14.0,2008.0,3.0,10.0,Zapadnoe Degunino,12350000
85,,7.0,25.0,2015.0,3.0,1.0,Mitino,11516186
62,26.0,3.0,9.0,1910.0,1.0,18.0,Kotlovka,9200000
82,41.0,13.0,25.0,2009.0,2.0,16.0,Mitino,6000000
65,35.0,12.0,15.0,2013.0,2.0,1.0,Poselenie Voskresenskoe,6208000
32,20.0,3.0,5.0,1965.0,1.0,5.0,Koptevo,6000000
65,62.0,13.0,17.0,0.0,2.0,0.0,Poselenie Voskresenskoe,6850000
32,19.0,5.0,5.0,1959.0,1.0,4.0,Izmajlovo,5500000
63,1.0,8.0,17.0,2015.0,2.0,1.0,Poselenie Vnukovskoe,7322751
81,42.0,13.0,14.0,2006.0,3.0,12.0,Kosino-Uhtomskoe,11700000
51,1.0,3.0,1.0,1.0,1.0,1.0,Poselenie Sosenskoe,4616810
33,21.0,4.0,9.0,1964.0,1.0,5.0,Fili Davydkovo,5900000
52,,15.0,,,,,Nekrasovka,4971638
37,19.0,1.0,17.0,1993.0,1.0,8.0,Kon'kovo,5000000
43,28.0,3.0,5.0,1961.0,2.0,5.0,Bogorodskoe,1000000
38,18.0,13.0,15.0,2009.0,1.0,9.0,Juzhnoe Butovo,2000000
33,12.0,2.0,12.0,1980.0,1.0,8.0,Bibirevo,5400000
46,,7.0,17.0,2014.0,1.0,1.0,Levoberezhnoe,8648750
47,33.0,1.0,5.0,1974.0,2.0,5.0,Poselenie Shherbinka,4600000
86,56.0,2.0,14.0,1999.0,4.0,8.0,Mar'ino,12300000
47,1.0,9.0,9.0,2014.0,1.0,1.0,Zapadnoe Degunino,3181075
43,27.0,1.0,9.0,1966.0,2.0,5.0,Vojkovskoe,7200000
31,17.0,4.0,5.0,1959.0,1.0,0.0,Fili Davydkovo,6000000
74,42.0,7.0,11.0,2013.0,3.0,8.0,Krjukovo,7692100
37,22.0,1.0,12.0,1963.0,2.0,5.0,Kotlovka,6600000
58,29.0,7.0,,,,,Severnoe Medvedkovo,2000000
58,58.0,21.0,,,,,Poselenie Vnukovskoe,5213933
78,48.0,4.0,0.0,2015.0,3.0,12.0,Poselenie Voskresenskoe,8883798
76,44.0,9.0,17.0,1998.0,3.0,10.0,Severnoe Medvedkovo,13400000
39,20.0,12.0,12.0,1978.0,1.0,8.0,Chertanovo Juzhnoe,1100000
40,20.0,10.0,14.0,2001.0,1.0,8.0,Juzhnoe Butovo,6950000
42,26.0,2.0,5.0,1962.0,2.0,5.0,Severnoe Izmajlovo,5700000
30,19.0,1.0,5.0,1962.0,1.0,5.0,Koptevo,4650000
89,54.0,13.0,16.0,1996.0,4.0,10.0,Brateevo,15000000
46,30.0,3.0,5.0,1963.0,2.0,5.0,Perovo,6400000
45,30.0,,,,,,Chertanovo Juzhnoe,6900000
51,51.0,7.0,17.0,0.0,2.0,1.0,Tverskoe,6283459
82,49.0,2.0,12.0,1982.0,3.0,8.0,Bibirevo,11700000
34,19.0,5.0,9.0,1974.0,1.0,6.0,Chertanovo Juzhnoe,5900000
55,34.0,4.0,5.0,1957.0,2.0,6.0,Danilovskoe,9500000
44,44.0,3.0,,,,,Izmajlovo,6100000
38,18.0,2.0,17.0,2005.0,1.0,7.0,Severnoe Izmajlovo,7300000
36,18.0,6.0,9.0,1967.0,1.0,6.0,Kon'kovo,6500000
39,20.0,1.0,17.0,2011.0,1.0,10.0,Poselenie Shherbinka,2000000
35,18.0,4.0,9.0,1967.0,1.0,6.0,Kon'kovo,6500000
150,79.0,4.0,18.0,2004.0,4.0,12.0,Kuncevo,52000000
53,32.0,6.0,17.0,2006.0,2.0,9.0,Novo-Peredelkino,8300000
40,23.0,14.0,14.0,1970.0,2.0,6.0,Caricyno,6300000
72,32.0,10.0,17.0,2006.0,2.0,11.0,Kosino-Uhtomskoe,3100000
83,74.0,7.0,,,,,Severnoe Tushino,11454000
39,22.0,12.0,12.0,1966.0,2.0,6.0,Severnoe Izmajlovo,2000000
44,29.0,5.0,5.0,1966.0,2.0,5.0,Gol'janovo,6750000
41,23.0,2.0,14.0,1977.0,2.0,6.0,Bibirevo,1000000
73,34.0,3.0,17.0,2008.0,2.0,10.0,Poselenie Moskovskij,9000000
86,47.0,4.0,17.0,2004.0,3.0,12.0,Troickij okrug,9250000
46,27.0,2.0,5.0,1961.0,2.0,6.0,Izmajlovo,6300000
57,0.0,10.0,,,,,Poselenie Moskovskij,5049071
62,32.0,6.0,17.0,,2.0,12.0,Nekrasovka,5782752
36,20.0,3.0,3.0,1958.0,1.0,8.0,Rjazanskij,6000000
46,30.0,3.0,9.0,1970.0,2.0,6.0,Chertanovo Central'noe,7200000
67,47.0,5.0,6.0,1929.0,3.0,65.0,Presnenskoe,12400000
47,44.0,12.0,12.0,1974.0,2.0,6.0,Bibirevo,7200000
74,47.0,4.0,5.0,1932.0,3.0,8.0,Krasnosel'skoe,18000000
52,52.0,10.0,17.0,2015.0,2.0,10.0,Solncevo,5263402
36,36.0,12.0,12.0,2017.0,1.0,1.0,Nagatinskij Zaton,6272045
76,41.0,11.0,14.0,1987.0,3.0,8.0,Novokosino,10300000
27,,10.0,22.0,2015.0,1.0,1.0,Tverskoe,3273300
44,27.0,12.0,12.0,1966.0,2.0,5.0,Zjuzino,4000000
31,15.0,6.0,12.0,2009.0,1.0,9.0,Krjukovo,4370000
56,56.0,15.0,,,,,Poselenie Shherbinka,4272469
34,19.0,13.0,16.0,1993.0,1.0,9.0,Moskvorech'e-Saburovo,5800000
50,,3.0,,,,,Poselenie Sosenskoe,4671250
32,20.0,5.0,5.0,1963.0,1.0,5.0,Kuz'minki,5100000
90,38.0,1.0,2.0,2016.0,3.0,1.0,Tverskoe,5598985
80,52.0,2.0,14.0,1989.0,4.0,8.0,Otradnoe,13200000
47,30.0,2.0,12.0,1979.0,2.0,6.0,Otradnoe,4000000
43,27.0,4.0,5.0,1965.0,2.0,5.0,Caricyno,6200000
38,38.0,3.0,17.0,0.0,1.0,0.0,Poselenie Vnukovskoe,4358970
52,30.0,16.0,17.0,2003.0,2.0,9.0,Moskvorech'e-Saburovo,9600000
49,17.0,3.0,25.0,2016.0,1.0,13.0,Horoshevo-Mnevniki,11786730
57,37.0,7.0,9.0,1969.0,6.0,6.0,Vyhino-Zhulebino,8000000
32,18.0,9.0,9.0,1973.0,1.0,6.0,Orehovo-Borisovo Severnoe,5950000
31,18.0,5.0,9.0,1959.0,1.0,6.0,Zamoskvorech'e,9850000
44,27.0,3.0,9.0,1973.0,2.0,6.0,Troparevo-Nikulino,8500000
64,64.0,9.0,9.0,2014.0,2.0,0.0,Poselenie Vnukovskoe,6523520
42,28.0,2.0,5.0,1961.0,2.0,5.0,Bogorodskoe,6300000
70,42.0,9.0,9.0,1973.0,3.0,8.0,Kotlovka,12000000
84,81.0,5.0,17.0,2015.0,3.0,15.0,Nekrasovka,7783200
58,34.0,14.0,22.0,2012.0,2.0,10.0,Mozhajskoe,6000000
73,43.0,8.0,23.0,1984.0,3.0,10.0,Prospekt Vernadskogo,15400000
82,76.0,4.0,,,,,Mitino,11478845
67,,22.0,25.0,2017.0,2.0,0.0,Ramenki,10677640
50,29.0,1.0,14.0,1991.0,2.0,8.0,Severnoe Butovo,7900000
63,36.0,15.0,1.0,1.0,2.0,1.0,Poselenie Voskresenskoe,6175000
80,45.0,7.0,14.0,2001.0,3.0,12.0,Mar'ino,1000000
75,46.0,5.0,17.0,1996.0,3.0,10.0,Mitino,10100000
83,57.0,7.0,9.0,1960.0,4.0,9.0,Sokolinaja Gora,16200000
38,19.0,7.0,16.0,1978.0,1.0,8.0,Babushkinskoe,7000000
72,43.0,14.0,17.0,1984.0,3.0,9.0,Beskudnikovskoe,11400000
31,18.0,2.0,5.0,1965.0,1.0,5.0,Koptevo,5300000
30,18.0,5.0,,,,,Babushkinskoe,4900000
65,44.0,7.0,12.0,1973.0,3.0,9.0,Sokolinaja Gora,11000000
37,19.0,5.0,16.0,1983.0,1.0,10.0,Vyhino-Zhulebino,5800000
65,64.0,10.0,,,,,Shhukino,4738811
44,33.0,7.0,9.0,1963.0,2.0,5.0,Nagornoe,6950000
32,20.0,3.0,5.0,1966.0,1.0,5.0,Solncevo,4400000
51,,3.0,3.0,2014.0,2.0,1.0,Poselenie Novofedorovskoe,2987151
53,30.0,3.0,14.0,1988.0,2.0,8.0,Zapadnoe Degunino,7500000
38,19.0,10.0,14.0,2005.0,1.0,7.0,Kosino-Uhtomskoe,5500000
48,31.0,9.0,12.0,1967.0,2.0,8.0,Perovo,7250000
58,30.0,6.0,14.0,2005.0,2.0,10.0,Alekseevskoe,15000000
74,48.0,5.0,8.0,1959.0,3.0,8.0,Danilovskoe,14200000
44,44.0,9.0,25.0,2014.0,1.0,1.0,Nekrasovka,4740002
44,27.0,6.0,9.0,1978.0,2.0,6.0,Akademicheskoe,8000000
45,18.0,5.0,5.0,1965.0,2.0,5.0,Kuz'minki,3900000
45,45.0,,,,,,Golovinskoe,6000000
39,,18.0,19.0,2014.0,1.0,1.0,Nagornoe,8729570
44,28.0,1.0,5.0,1968.0,2.0,5.0,Vyhino-Zhulebino,5600000
60,30.0,16.0,,,,,Poselenie Voskresenskoe,5123312
76,45.0,3.0,17.0,1987.0,3.0,10.0,Novokosino,3000000
62,46.0,3.0,9.0,1970.0,4.0,5.0,Matushkino,6500000
51,32.0,4.0,4.0,1934.0,2.0,8.0,Hamovniki,12790000
79,79.0,9.0,1.0,,3.0,1.0,Krjukovo,8247200
61,,9.0,17.0,2015.0,2.0,10.0,Solncevo,5774085
82,54.0,8.0,8.0,1960.0,3.0,9.0,Nagornoe,12600000
35,19.0,8.0,14.0,1971.0,1.0,9.0,Birjulevo Vostochnoe,5300000
35,19.0,1.0,4.0,1961.0,1.0,8.0,Akademicheskoe,995000
56,32.0,8.0,22.0,2005.0,2.0,10.0,Juzhnoe Tushino,10650000
37,19.0,12.0,,,,,Hovrino,7150000
32,29.0,5.0,5.0,1965.0,2.0,5.0,Tverskoe,4000000
134,66.0,5.0,8.0,2012.0,3.0,19.0,Poselenie Sosenskoe,18130000
72,43.0,12.0,17.0,1992.0,3.0,10.0,Juzhnoe Tushino,10900000
55,28.0,23.0,25.0,2010.0,2.0,8.0,Beskudnikovskoe,9600000
67,46.0,13.0,16.0,1983.0,3.0,7.0,Golovinskoe,11700000
70,52.0,3.0,9.0,1970.0,3.0,5.0,Sokolinaja Gora,12400000
52,29.0,2.0,22.0,1978.0,2.0,8.0,Silino,1000000
41,20.0,10.0,14.0,1996.0,1.0,8.0,Mar'ino,6600000
66,46.0,9.0,16.0,1994.0,3.0,7.0,Birjulevo Vostochnoe,1000000
38,20.0,7.0,14.0,1990.0,1.0,8.0,Krjukovo,4450000
63,37.0,11.0,12.0,1984.0,3.0,8.0,Otradnoe,9870000
44,30.0,1.0,5.0,1962.0,2.0,5.0,Preobrazhenskoe,7300000
43,40.0,16.0,16.0,2014.0,1.0,10.0,Mitino,7173164
49,18.0,6.0,1.0,2013.0,1.0,1.0,Poselenie Voskresenskoe,4880720
76,45.0,16.0,17.0,1986.0,3.0,10.0,Brateevo,11000000
63,63.0,8.0,17.0,0.0,2.0,1.0,Poselenie Vnukovskoe,7168134
57,41.0,2.0,9.0,1969.0,3.0,5.0,Juzhnoe Tushino,1000000
39,20.0,8.0,22.0,1990.0,1.0,10.0,Veshnjaki,6480000
37,22.0,12.0,12.0,1975.0,1.0,7.0,Bibirevo,6100000
32,18.0,1.0,9.0,1979.0,1.0,6.0,Jasenevo,5150000
47,30.0,6.0,9.0,1976.0,2.0,6.0,Kuncevo,3100000
45,30.0,5.0,12.0,1982.0,2.0,6.0,Zapadnoe Degunino,6990000
62,,6.0,17.0,2014.0,2.0,1.0,Tverskoe,6962776
39,39.0,2.0,9.0,2014.0,1.0,1.0,Poselenie Filimonkovskoe,3319620
25,15.0,2.0,4.0,1959.0,1.0,4.0,Kapotnja,4200000
33,17.0,6.0,9.0,1964.0,1.0,8.0,Mozhajskoe,6500000
33,19.0,3.0,9.0,1970.0,1.0,6.0,Ivanovskoe,5000000
57,33.0,10.0,22.0,1986.0,2.0,10.0,Lomonosovskoe,15000000
35,19.0,2.0,12.0,1973.0,1.0,7.0,Chertanovo Juzhnoe,6200000
66,40.0,14.0,16.0,1981.0,3.0,8.0,Orehovo-Borisovo Juzhnoe,10600000
44,28.0,5.0,5.0,1960.0,2.0,6.0,Severnoe Izmajlovo,6300000
100,70.0,10.0,12.0,1933.0,4.0,9.0,Jakimanka,9590000
63,33.0,2.0,17.0,,2.0,12.0,Nekrasovka,5903808
64,,15.0,17.0,,2.0,1.0,Nagornoe,6592000
56,1.0,18.0,19.0,2014.0,2.0,1.0,Nagatinskij Zaton,10159562
36,16.0,13.0,14.0,2008.0,1.0,9.0,Akademicheskoe,9200000
56,56.0,1.0,3.0,2014.0,1.0,1.0,Poselenie Filimonkovskoe,4084800
64,,11.0,,,,,Nekrasovka,5711360
76,44.0,4.0,17.0,2003.0,3.0,12.0,Ljublino,11800000
58,58.0,23.0,1.0,1.0,1.0,1.0,Nekrasovka,6087300
55,36.0,8.0,9.0,1970.0,3.0,6.0,Losinoostrovskoe,2000000
52,32.0,7.0,8.0,1958.0,2.0,8.0,Horoshevskoe,11800000
81,47.0,6.0,14.0,1985.0,3.0,8.0,Brateevo,2000000
43,43.0,3.0,3.0,1.0,1.0,1.0,Poselenie Sosenskoe,4155840
40,,9.0,17.0,,1.0,1.0,Nekrasovka,4462000
56,29.0,6.0,,,,,Poselenie Voskresenskoe,4878120
56,36.0,6.0,16.0,1972.0,3.0,6.0,Troparevo-Nikulino,12900000
74,43.0,13.0,17.0,1987.0,3.0,10.0,Novokosino,11950000
52,50.0,11.0,17.0,2015.0,2.0,1.0,Poselenie Filimonkovskoe,3661580
45,24.0,2.0,16.0,1974.0,2.0,6.0,Babushkinskoe,8000000
43,27.0,1.0,5.0,1965.0,2.0,5.0,Novogireevo,5600000
42,39.0,11.0,18.0,2012.0,1.0,10.0,Poselenie Sosenskoe,2500000
75,44.0,22.0,22.0,1994.0,3.0,9.0,Krjukovo,10000000
63,39.0,5.0,9.0,1970.0,3.0,8.0,Gol'janovo,1000000
104,58.0,7.0,7.0,2000.0,3.0,11.0,Mar'ina Roshha,40000000
80,46.0,10.0,10.0,1958.0,3.0,8.0,Ostankinskoe,25100000
41,17.0,3.0,24.0,2008.0,1.0,10.0,Timirjazevskoe,7050000
43,27.0,5.0,9.0,1970.0,2.0,5.0,Losinoostrovskoe,6100000
45,28.0,6.0,12.0,1973.0,2.0,7.0,Birjulevo Vostochnoe,6450000
63,46.0,5.0,9.0,1968.0,4.0,5.0,Horoshevo-Mnevniki,11000000
53,32.0,9.0,17.0,1985.0,2.0,9.0,Juzhnoe Tushino,4300000
44,31.0,5.0,5.0,1960.0,2.0,5.0,Nizhegorodskoe,3000000
63,42.0,1.0,,,,,Butyrskoe,8300000
43,43.0,17.0,18.0,2015.0,1.0,0.0,Chertanovo Severnoe,7008120
37,36.0,3.0,25.0,2007.0,1.0,16.0,Prospekt Vernadskogo,9500000
71,43.0,11.0,25.0,1983.0,3.0,10.0,Tverskoe,13650000
37,19.0,1.0,17.0,1990.0,1.0,8.0,Novokosino,5200000
61,39.0,1.0,12.0,1984.0,3.0,8.0,Shhukino,11500000
42,17.0,19.0,25.0,0.0,1.0,13.0,Nekrasovka,5335000
52,29.0,4.0,6.0,2004.0,2.0,8.0,Staroe Krjukovo,1100000
87,87.0,11.0,,,,,Tekstil'shhiki,13699950
74,46.0,2.0,16.0,1980.0,3.0,10.0,Beskudnikovskoe,11100000
32,18.0,8.0,9.0,1975.0,1.0,6.0,Bibirevo,5500000
104,48.0,2.0,22.0,2007.0,3.0,27.0,Chertanovo Central'noe,19800000
43,29.0,3.0,5.0,1962.0,2.0,5.0,Zamoskvorech'e,11600000
38,20.0,6.0,14.0,2001.0,1.0,8.0,Juzhnoe Butovo,5650000
41,21.0,8.0,14.0,1988.0,1.0,8.0,Kosino-Uhtomskoe,6250000
61,,13.0,25.0,2014.0,2.0,10.0,Mitino,10184273
96,1.0,13.0,1.0,1.0,4.0,1.0,Mitino,12845745
62,62.0,4.0,4.0,0.0,3.0,1.0,Tverskoe,4657185
67,59.0,14.0,,,,,Severnoe Tushino,11147240
41,20.0,9.0,14.0,1984.0,1.0,8.0,Dmitrovskoe,1000000
48,29.0,6.0,12.0,1977.0,2.0,6.0,Altuf'evskoe,7100000
58,40.0,2.0,5.0,1966.0,3.0,6.0,Severnoe Tushino,7650000
37,19.0,8.0,12.0,2005.0,1.0,6.0,Kosino-Uhtomskoe,5550000
76,45.0,3.0,14.0,2005.0,3.0,12.0,Kosino-Uhtomskoe,10900000
36,17.0,8.0,16.0,2003.0,1.0,10.0,Juzhnoe Butovo,6000000
83,83.0,11.0,17.0,0.0,3.0,0.0,Poselenie Vnukovskoe,10047092
39,21.0,4.0,12.0,1974.0,1.0,8.0,Orehovo-Borisovo Severnoe,6800000
38,19.0,5.0,14.0,1974.0,1.0,9.0,Losinoostrovskoe,5650000
21,11.0,1.0,5.0,1966.0,1.0,4.0,Beskudnikovskoe,3900000
42,28.0,7.0,9.0,1970.0,2.0,5.0,Babushkinskoe,7300000
59,33.0,12.0,22.0,2000.0,2.0,10.0,Mar'ino,9200000
39,20.0,10.0,14.0,1991.0,1.0,8.0,Silino,4900000
31,19.0,5.0,5.0,1962.0,1.0,5.0,Bogorodskoe,5200000
38,19.0,9.0,16.0,1981.0,1.0,8.0,Filevskij Park,7000000
74,45.0,1.0,17.0,1989.0,3.0,10.0,Novokosino,8700000
101,101.0,8.0,25.0,2014.0,3.0,1.0,Pokrovskoe Streshnevo,18759000
82,45.0,16.0,25.0,2002.0,3.0,9.0,Troparevo-Nikulino,17100000
74,,17.0,,,,,Poselenie Moskovskij,6096003
74,40.0,2.0,17.0,2013.0,3.0,11.0,Poselenie Moskovskij,6344145
76,,24.0,24.0,,3.0,0.0,Nagornoe,14487884
33,20.0,2.0,9.0,1970.0,1.0,5.0,Nagatino-Sadovniki,1250000
142,142.0,4.0,6.0,2013.0,2.0,10.0,Troickij okrug,5680000
37,,3.0,17.0,2015.0,1.0,10.0,Poselenie Vnukovskoe,4780013
59,,25.0,25.0,2014.0,2.0,1.0,Nekrasovka,6087300
74,,9.0,9.0,2014.0,3.0,12.0,Nekrasovka,7575700
65,37.0,3.0,22.0,2008.0,2.0,11.0,Chertanovo Central'noe,12600000
39,17.0,13.0,17.0,2008.0,1.0,8.0,Izmajlovo,4700000
42,20.0,7.0,14.0,1992.0,1.0,8.0,Juzhnoe Medvedkovo,6400000
32,19.0,3.0,5.0,1962.0,1.0,5.0,Nizhegorodskoe,5250000
87,51.0,14.0,14.0,2003.0,3.0,11.0,Ochakovo-Matveevskoe,13750000
74,43.0,2.0,17.0,2011.0,3.0,12.0,Marfino,17360000
45,28.0,1.0,5.0,1960.0,2.0,6.0,Bogorodskoe,5400000
31,17.0,7.0,8.0,1960.0,1.0,6.0,Ajeroport,7500000
44,29.0,4.0,5.0,1960.0,2.0,6.0,Gagarinskoe,8500000
40,,12.0,17.0,,1.0,1.0,Poselenie Moskovskij,3683320
45,29.0,6.0,9.0,1971.0,2.0,6.0,Teplyj Stan,8050000
112,69.0,13.0,17.0,1990.0,4.0,11.0,Orehovo-Borisovo Severnoe,19550000
63,,15.0,17.0,,2.0,1.0,Poselenie Vnukovskoe,6950542
35,19.0,1.0,12.0,1966.0,1.0,9.0,Zjuzino,1000000
33,19.0,4.0,9.0,1977.0,1.0,6.0,Orehovo-Borisovo Juzhnoe,6350000
52,51.0,9.0,17.0,2014.0,2.0,1.0,Tverskoe,4412844
41,25.0,4.0,5.0,1965.0,2.0,5.0,Poselenie Mosrentgen,2000000
78,77.0,10.0,18.0,2016.0,3.0,1.0,Nagatinskij Zaton,11729199
76,54.0,2.0,9.0,1959.0,3.0,7.0,Danilovskoe,13540000
59,44.0,7.0,9.0,1974.0,3.0,5.0,Ochakovo-Matveevskoe,8500000
46,30.0,10.0,12.0,1980.0,2.0,2.0,Strogino,7300000
41,23.0,11.0,12.0,1967.0,1.0,7.0,Vostochnoe Izmajlovo,7200000
40,38.0,2.0,17.0,2014.0,1.0,1.0,Nekrasovka,4400000
40,25.0,5.0,5.0,1962.0,2.0,5.0,Nizhegorodskoe,6300000
60,60.0,3.0,19.0,2014.0,2.0,13.0,Tverskoe,4677336
41,16.0,8.0,14.0,2017.0,1.0,11.0,Poselenie Sosenskoe,3988880
37,19.0,14.0,,,,,Lefortovo,5250000
60,,20.0,25.0,2016.0,2.0,12.0,Nekrasovka,6645600
51,30.0,5.0,12.0,1976.0,2.0,9.0,Losinoostrovskoe,9250000
77,45.0,12.0,14.0,2008.0,3.0,10.0,Severnoe Medvedkovo,8000000
44,27.0,5.0,9.0,1977.0,2.0,5.0,Severnoe Butovo,6900000
37,18.0,8.0,14.0,2006.0,1.0,7.0,Severnoe Izmajlovo,6800000
89,89.0,3.0,12.0,0.0,3.0,1.0,Poselenie Sosenskoe,7099350
45,30.0,5.0,5.0,1964.0,2.0,5.0,Caricyno,2000000
34,21.0,4.0,9.0,1964.0,1.0,6.0,Basmannoe,7790000
37,20.0,12.0,12.0,1965.0,2.0,6.0,Ramenki,9450000
79,,2.0,17.0,,3.0,1.0,Nekrasovka,7528752
45,30.0,2.0,5.0,1962.0,2.0,5.0,Cheremushki,1000000
76,45.0,14.0,17.0,1986.0,3.0,10.0,Solncevo,9500000
63,43.0,7.0,9.0,1970.0,3.0,6.0,Meshhanskoe,12000000
46,31.0,5.0,5.0,1962.0,2.0,5.0,Cheremushki,7200000
47,30.0,8.0,12.0,1978.0,2.0,6.0,Juzhnoe Medvedkovo,8200000
76,44.0,18.0,22.0,1998.0,3.0,10.0,Mar'ino,11400000
38,38.0,19.0,19.0,2015.0,1.0,1.0,Nagatinskij Zaton,7658450
53,31.0,12.0,16.0,1987.0,2.0,7.0,Cheremushki,1000000
32,18.0,7.0,9.0,1968.0,1.0,6.0,Severnoe Medvedkovo,6200000
77,42.0,6.0,14.0,1999.0,3.0,13.0,Mitino,10800000
63,,12.0,1.0,2013.0,2.0,1.0,Nekrasovka,5903808
50,29.0,1.0,14.0,1992.0,2.0,8.0,Mitino,7700000
68,46.0,8.0,16.0,1977.0,3.0,7.0,Mar'ina Roshha,8100000
51,32.0,3.0,12.0,1974.0,2.0,9.0,Pechatniki,8300000
40,25.0,3.0,19.0,1967.0,2.0,6.0,Prospekt Vernadskogo,3000000
32,18.0,5.0,9.0,1972.0,1.0,6.0,Koptevo,5400000
72,45.0,5.0,17.0,1999.0,3.0,9.0,Koptevo,11900000
57,34.0,3.0,4.0,1959.0,2.0,8.0,Ljublino,9000000
32,19.0,2.0,9.0,1976.0,1.0,6.0,Cheremushki,6300000
54,32.0,4.0,17.0,1989.0,2.0,9.0,Solncevo,7000000
59,40.0,9.0,9.0,1967.0,3.0,6.0,Savelki,6500000
81,1.0,11.0,25.0,2014.0,3.0,1.0,Poselenie Sosenskoe,6715800
57,33.0,4.0,5.0,1959.0,3.0,7.0,Rjazanskij,8000000
53,30.0,2.0,12.0,1984.0,2.0,8.0,Gol'janovo,7000000
45,30.0,5.0,,,,,Cheremushki,7100000
73,44.0,6.0,10.0,2002.0,3.0,9.0,Sokolinaja Gora,13500000
59,34.0,3.0,9.0,1954.0,2.0,8.0,Kon'kovo,13300000
56,33.0,12.0,15.0,1981.0,2.0,9.0,Ajeroport,15500000
132,75.0,5.0,17.0,1996.0,3.0,13.0,Ramenki,33500000
77,77.0,2.0,17.0,0.0,3.0,0.0,Poselenie Vnukovskoe,8128143
45,30.0,5.0,5.0,1963.0,2.0,5.0,Kuz'minki,5500000
57,33.0,10.0,11.0,1999.0,2.0,10.0,Brateevo,9400000
44,27.0,7.0,9.0,1975.0,2.0,6.0,Chertanovo Central'noe,7200000
38,,8.0,0.0,,1.0,0.0,Poselenie Desjonovskoe,4021422
72,,6.0,1.0,,2.0,1.0,Poselenie Sosenskoe,6508800
46,21.0,28.0,30.0,2012.0,1.0,11.0,Bogorodskoe,5428800
63,63.0,7.0,17.0,0.0,2.0,0.0,Poselenie Vnukovskoe,7466352
39,,8.0,17.0,,1.0,1.0,Poselenie Moskovskij,3837249
32,18.0,5.0,9.0,1978.0,1.0,6.0,Jasenevo,6150000
42,26.0,3.0,5.0,1963.0,2.0,5.0,Kuz'minki,6000000
48,19.0,6.0,30.0,2012.0,1.0,10.0,Bogorodskoe,5879800
75,75.0,19.0,19.0,2016.0,2.0,1.0,Krylatskoe,11330400
31,20.0,1.0,5.0,1967.0,1.0,5.0,Severnoe Tushino,4900000
42,42.0,5.0,15.0,2015.0,1.0,10.0,Poselenie Sosenskoe,3702090
43,28.0,4.0,9.0,1966.0,2.0,5.0,Vyhino-Zhulebino,6500000
52,30.0,12.0,12.0,1977.0,2.0,8.0,Vostochnoe Degunino,8100000
38,19.0,10.0,14.0,1972.0,1.0,9.0,Jaroslavskoe,5800000
74,74.0,1.0,15.0,2014.0,1.0,1.0,Izmajlovo,13452460
51,51.0,3.0,12.0,2016.0,1.0,10.0,Poselenie Sosenskoe,4487560
57,42.0,3.0,9.0,1968.0,3.0,5.0,Savelovskoe,1000000
57,37.0,8.0,9.0,1974.0,3.0,6.0,Bibirevo,8600000
62,39.0,1.0,12.0,1979.0,3.0,8.0,Taganskoe,5000000
72,42.0,4.0,10.0,1999.0,3.0,10.0,Juzhnoe Butovo,8930000
37,19.0,16.0,17.0,1991.0,1.0,7.0,Severnoe Butovo,6000000
65,,4.0,17.0,0.0,3.0,1.0,Poselenie Filimonkovskoe,4446269
43,29.0,4.0,5.0,1961.0,2.0,5.0,Lefortovo,6800000
42,1.0,4.0,1.0,1.0,1.0,1.0,Tverskoe,4410000
33,19.0,5.0,9.0,1963.0,1.0,7.0,Zjuzino,5900000
33,18.0,6.0,9.0,1974.0,1.0,7.0,Zapadnoe Degunino,5200000
49,33.0,8.0,9.0,1976.0,3.0,6.0,Jasenevo,7950000
60,35.0,16.0,18.0,1972.0,2.0,8.0,Obruchevskoe,12500000
47,47.0,22.0,25.0,2015.0,1.0,1.0,Filevskij Park,10418391
35,14.0,5.0,16.0,2002.0,1.0,9.0,Juzhnoe Butovo,5850000
42,,9.0,1.0,,1.0,1.0,Poselenie Sosenskoe,3486000
63,,6.0,17.0,,2.0,1.0,Poselenie Vnukovskoe,7129834
38,18.0,3.0,16.0,1974.0,1.0,10.0,Danilovskoe,8000000
64,64.0,7.0,19.0,1.0,2.0,0.0,Poselenie Shherbinka,5067120
31,19.0,7.0,9.0,1963.0,1.0,5.0,Nagornoe,6300000
60,34.0,13.0,17.0,1999.0,2.0,10.0,Ljublino,8550000
39,38.0,19.0,24.0,2014.0,1.0,1.0,Nagornoe,8757220
39,19.0,4.0,14.0,1971.0,1.0,8.0,Alekseevskoe,990000
56,30.0,6.0,7.0,1996.0,2.0,11.0,Vyhino-Zhulebino,9500000
41,17.0,17.0,24.0,2008.0,1.0,10.0,Beskudnikovskoe,7500000
64,39.0,7.0,12.0,1984.0,3.0,8.0,Ljublino,9600000
53,30.0,5.0,12.0,1988.0,2.0,8.0,Tekstil'shhiki,8400000
39,23.0,11.0,,,,,Savelovskoe,7500000
53,,2.0,4.0,1.0,2.0,1.0,Orehovo-Borisovo Severnoe,3978103
63,63.0,3.0,,,,,Nekrasovka,6426541
35,19.0,12.0,,,,,Vyhino-Zhulebino,990000
59,58.0,19.0,22.0,2015.0,2.0,1.0,Nagornoe,10904527
34,20.0,7.0,8.0,1981.0,1.0,6.0,Ljublino,5600000
36,19.0,1.0,5.0,1959.0,1.0,7.0,Fili Davydkovo,6850000
32,20.0,4.0,5.0,1965.0,1.0,5.0,Zjuzino,5600000
58,43.0,7.0,9.0,1977.0,3.0,6.0,Jasenevo,8600000
59,34.0,15.0,17.0,1990.0,2.0,10.0,Ramenki,13000000
74,74.0,12.0,13.0,2016.0,3.0,10.0,Poselenie Shherbinka,6136864
72,44.0,3.0,3.0,1956.0,3.0,7.0,Vojkovskoe,13050000
58,34.0,1.0,16.0,1981.0,2.0,10.0,Mar'ino,3000000
56,35.0,1.0,8.0,1961.0,2.0,9.0,Nagornoe,8800000
57,38.0,1.0,9.0,1973.0,3.0,6.0,Orehovo-Borisovo Severnoe,8600000
61,31.0,2.0,17.0,2014.0,2.0,12.0,Poselenie Vnukovskoe,3300000
57,35.0,2.0,9.0,1960.0,2.0,8.0,Basmannoe,12300000
51,24.0,7.0,14.0,1971.0,2.0,7.0,Preobrazhenskoe,9150000
58,41.0,6.0,,,,,Kon'kovo,4500000
31,18.0,2.0,1.0,1950.0,2.0,3.0,Basmannoe,7750000
79,,7.0,17.0,,3.0,1.0,Poselenie Vnukovskoe,7644305
78,46.0,8.0,16.0,1977.0,3.0,10.0,Kurkino,2000000
38,19.0,4.0,16.0,1981.0,1.0,9.0,Nagatinskij Zaton,7400000
41,30.0,3.0,5.0,1963.0,2.0,5.0,Nagatino-Sadovniki,6600000
56,56.0,6.0,22.0,2016.0,2.0,1.0,Poselenie Shherbinka,4617686
51,30.0,3.0,12.0,1976.0,2.0,8.0,Otradnoe,990000
74,50.0,6.0,17.0,2014.0,3.0,10.0,Nekrasovka,7263300
77,46.0,7.0,16.0,1979.0,3.0,10.0,Troparevo-Nikulino,13300000
36,19.0,7.0,16.0,1984.0,1.0,9.0,Vyhino-Zhulebino,6000000
70,40.0,18.0,25.0,2017.0,3.0,10.0,Sviblovo,11237875
59,41.0,4.0,5.0,1968.0,3.0,5.0,Bogorodskoe,8350000
32,20.0,2.0,5.0,1965.0,1.0,5.0,Timirjazevskoe,2000000
78,45.0,22.0,,,,,Moskvorech'e-Saburovo,10350000
90,62.0,2.0,17.0,1994.0,4.0,10.0,Severnoe Butovo,12900000
44,31.0,8.0,9.0,1963.0,2.0,5.0,Horoshevo-Mnevniki,990000
57,57.0,12.0,12.0,2014.0,2.0,57.0,Poselenie Shherbinka,4986203
82,82.0,6.0,6.0,2014.0,3.0,1.0,Krjukovo,8352700
60,,8.0,,,,,Poselenie Voskresenskoe,5140640
59,58.0,16.0,25.0,2014.0,2.0,1.0,Nekrasovka,6146400
29,29.0,7.0,9.0,2015.0,1.0,1.0,Poselenie Filimonkovskoe,2222110
41,26.0,4.0,5.0,1966.0,2.0,5.0,Juzhnoe Tushino,6750000
38,,10.0,,,,,Nekrasovka,3951780
167,167.0,1.0,2.0,2016.0,3.0,1.0,Tverskoe,7115197
37,23.0,6.0,12.0,1972.0,2.0,5.0,Nagatinskij Zaton,7100000
44,18.0,11.0,11.0,2014.0,1.0,1.0,Poselenie Voskresenskoe,4927650
44,,14.0,14.0,2014.0,1.0,1.0,Poselenie Voskresenskoe,4983720
50,30.0,5.0,10.0,1996.0,2.0,8.0,Novokosino,3000000
153,153.0,2.0,10.0,2015.0,4.0,1.0,Presnenskoe,41303380
45,29.0,5.0,9.0,1969.0,2.0,5.0,Vyhino-Zhulebino,2000000
40,38.0,2.0,9.0,2015.0,1.0,1.0,Poselenie Desjonovskoe,3761653
32,17.0,6.0,9.0,1968.0,1.0,7.0,Rjazanskij,6000000
42,28.0,4.0,12.0,1970.0,2.0,5.0,Filevskij Park,9000000
32,21.0,5.0,9.0,1963.0,1.0,5.0,Cheremushki,5850000
134,,1.0,2.0,,3.0,1.0,Poselenie Rogovskoe,5350000
41,18.0,15.0,24.0,2006.0,1.0,10.0,Kosino-Uhtomskoe,3000000
85,85.0,17.0,25.0,2016.0,3.0,10.0,Mitino,11386434
58,41.0,8.0,9.0,1971.0,3.0,6.0,Chertanovo Juzhnoe,6000000
41,21.0,5.0,12.0,1995.0,1.0,8.0,Mar'ino,6100000
67,67.0,3.0,3.0,0.0,3.0,0.0,Poselenie Novofedorovskoe,3624480
61,32.0,4.0,14.0,2000.0,2.0,12.0,Mar'ino,9930000
75,45.0,13.0,17.0,1993.0,3.0,10.0,Mitino,10000000
74,41.0,11.0,37.0,2010.0,3.0,9.0,Horoshevskoe,10200000
43,19.0,3.0,17.0,2006.0,1.0,8.0,Fili Davydkovo,1000000
63,60.0,17.0,22.0,2014.0,2.0,1.0,Nagornoe,12141337
108,,8.0,16.0,2015.0,3.0,1.0,Alekseevskoe,34645000
107,58.0,8.0,10.0,1995.0,3.0,20.0,Sokol'niki,45440000
33,19.0,7.0,9.0,1968.0,1.0,6.0,Troparevo-Nikulino,6700000
43,,18.0,22.0,2014.0,1.0,1.0,Tverskoe,5473469
54,32.0,10.0,17.0,2008.0,2.0,9.0,Marfino,2000000
71,50.0,4.0,9.0,1960.0,3.0,7.0,Begovoe,11600000
44,28.0,3.0,9.0,1976.0,2.0,5.0,Zjablikovo,7000000
46,,4.0,0.0,,1.0,0.0,Poselenie Vnukovskoe,6094854
66,45.0,1.0,9.0,1975.0,3.0,5.0,Orehovo-Borisovo Juzhnoe,1200000
105,59.0,6.0,16.0,1994.0,3.0,12.0,Fili Davydkovo,20850000
32,17.0,3.0,9.0,1968.0,1.0,7.0,Kotlovka,5650000
38,22.0,3.0,9.0,1963.0,2.0,7.0,Bogorodskoe,1500000
35,19.0,14.0,14.0,1970.0,1.0,9.0,Hovrino,7200000
46,27.0,4.0,9.0,1972.0,2.0,6.0,Ivanovskoe,7350000
42,21.0,9.0,14.0,1989.0,1.0,8.0,Mar'ino,6300000
57,57.0,14.0,15.0,2015.0,2.0,10.0,Poselenie Shherbinka,4997535
42,19.0,15.0,17.0,2008.0,1.0,8.0,Juzhnoe Butovo,998000
34,18.0,8.0,16.0,1983.0,1.0,9.0,Solncevo,2000000
112,112.0,3.0,3.0,0.0,0.0,0.0,Zapadnoe Degunino,7600002
35,19.0,12.0,12.0,1972.0,1.0,10.0,Preobrazhenskoe,5700000
42,1.0,11.0,18.0,2015.0,1.0,1.0,Krjukovo,4536000
42,25.0,3.0,5.0,1960.0,2.0,5.0,Izmajlovo,7400000
40,,17.0,17.0,0.0,1.0,1.0,Poselenie Vnukovskoe,5597085
38,20.0,4.0,10.0,2001.0,1.0,8.0,Matushkino,3000000
38,19.0,16.0,17.0,1996.0,1.0,8.0,Donskoe,7612000
33,14.0,13.0,24.0,1998.0,1.0,10.0,Vyhino-Zhulebino,5600000
78,47.0,14.0,,,,,Marfino,5745000
36,19.0,8.0,12.0,1968.0,1.0,9.0,Nagatinskij Zaton,6600000
31,18.0,2.0,8.0,1961.0,1.0,5.0,Danilovskoe,6100000
44,27.0,4.0,9.0,,2.0,5.0,Orehovo-Borisovo Severnoe,6400000
73,53.0,2.0,5.0,1965.0,3.0,8.0,Marfino,11000000
45,45.0,2.0,3.0,0.0,1.0,1.0,Zapadnoe Degunino,4095000
151,,15.0,1.0,2015.0,4.0,1.0,Ajeroport,71249624
122,70.0,3.0,12.0,2007.0,4.0,12.0,Kurkino,27000000
62,32.0,4.0,17.0,2015.0,2.0,12.0,Nekrasovka,6520500
64,,6.0,17.0,1.0,2.0,1.0,Poselenie Vnukovskoe,6403240
38,22.0,4.0,12.0,1968.0,2.0,7.0,Babushkinskoe,7000000
45,29.0,2.0,,,,,Zjablikovo,7100000
64,1.0,3.0,1.0,1.0,2.0,1.0,Krjukovo,6311200
215,134.0,10.0,10.0,2003.0,6.0,7.0,Savelki,23000000
61,61.0,17.0,,,,,Pokrovskoe Streshnevo,7698600
27,26.0,7.0,9.0,2014.0,1.0,0.0,Poselenie Filimonkovskoe,2305805
47,27.0,6.0,12.0,2009.0,2.0,7.0,Krjukovo,6000000
39,17.0,12.0,14.0,2008.0,1.0,8.0,Staroe Krjukovo,5100000
62,45.0,10.0,12.0,1977.0,3.0,6.0,Orehovo-Borisovo Juzhnoe,8600000
56,38.0,4.0,12.0,2009.0,2.0,25.0,Poselenie Mosrentgen,6000000
70,50.0,1.0,5.0,1958.0,3.0,7.0,Sokolinaja Gora,9900000
39,38.0,22.0,25.0,2014.0,1.0,1.0,Nekrasovka,4740000
44,29.0,7.0,9.0,1969.0,2.0,6.0,Severnoe Tushino,7400000
38,19.0,3.0,,,,,Zapadnoe Degunino,6100000
44,27.0,7.0,12.0,1972.0,2.0,6.0,Chertanovo Juzhnoe,8000000
36,20.0,4.0,12.0,1970.0,1.0,10.0,Rjazanskij,5750000
32,19.0,1.0,9.0,1970.0,1.0,6.0,Chertanovo Severnoe,5450000
64,44.0,8.0,12.0,1965.0,3.0,9.0,Kotlovka,11400000
62,40.0,16.0,17.0,2015.0,2.0,10.0,Nekrasovka,6614400
34,31.0,23.0,24.0,2014.0,1.0,0.0,Mitino,7048122
66,44.0,11.0,12.0,1973.0,3.0,9.0,Savelovskoe,7000000
49,31.0,10.0,12.0,1971.0,2.0,9.0,Golovinskoe,6100000
73,48.0,12.0,14.0,1972.0,3.0,9.0,Golovinskoe,13000000
32,21.0,5.0,9.0,1963.0,1.0,5.0,Rostokino,6400000
68,43.0,8.0,12.0,1973.0,3.0,11.0,Pechatniki,11800000
45,18.0,7.0,,,,,Poselenie Voskresenskoe,4352340
106,106.0,4.0,1.0,1.0,1.0,1.0,Levoberezhnoe,17813624
90,60.0,4.0,5.0,1952.0,3.0,9.0,Butyrskoe,15000000
34,15.0,14.0,14.0,2003.0,1.0,7.0,Ljublino,1000000
41,20.0,4.0,12.0,1990.0,1.0,8.0,Pokrovskoe Streshnevo,7300000
51,51.0,3.0,,,,,Nekrasovka,4914602
54,31.0,10.0,14.0,1996.0,2.0,8.0,Mar'ino,9130000
29,18.0,1.0,5.0,1961.0,1.0,5.0,Ljublino,4650000
55,35.0,3.0,8.0,1960.0,2.0,7.0,Krasnosel'skoe,9850000
60,34.0,2.0,17.0,1989.0,2.0,10.0,Brateevo,7750000
60,37.0,8.0,9.0,1969.0,3.0,6.0,Vostochnoe Izmajlovo,10300000
77,50.0,3.0,5.0,1957.0,3.0,8.0,Ajeroport,11700000
36,18.0,11.0,12.0,1974.0,1.0,6.0,Bibirevo,5950000
43,43.0,5.0,,,,,Krjukovo,4501100
38,18.0,8.0,17.0,1987.0,1.0,8.0,Novokosino,1000000
49,22.0,17.0,17.0,1973.0,2.0,6.0,Nagatino-Sadovniki,10000000
33,19.0,5.0,9.0,1969.0,1.0,6.0,Timirjazevskoe,6200000
81,44.0,1.0,16.0,1979.0,3.0,10.0,Teplyj Stan,12500000
56,56.0,6.0,20.0,2013.0,2.0,1.0,Chertanovo Central'noe,9864900
60,30.0,,,,,,Poselenie Voskresenskoe,4967360
37,19.0,13.0,16.0,1979.0,1.0,8.0,Otradnoe,6250000
38,18.0,3.0,12.0,2006.0,1.0,9.0,Juzhnoe Butovo,5800000
50,34.0,1.0,9.0,1974.0,3.0,5.0,Zapadnoe Degunino,6900000
44,28.0,9.0,9.0,1973.0,2.0,5.0,Ivanovskoe,3000000
49,34.0,3.0,9.0,1976.0,3.0,5.0,Gol'janovo,8200000
50,34.0,3.0,9.0,1974.0,2.0,6.0,Staroe Krjukovo,1000000
37,18.0,6.0,16.0,1998.0,1.0,7.0,Shhukino,2000000
44,30.0,2.0,5.0,1961.0,2.0,5.0,Kotlovka,6500000
44,28.0,7.0,9.0,1965.0,2.0,7.0,Akademicheskoe,8490000
39,19.0,12.0,14.0,1992.0,1.0,8.0,Krjukovo,4750000
65,65.0,6.0,1.0,1.0,3.0,1.0,Poselenie Sosenskoe,7426930
37,16.0,14.0,18.0,2006.0,1.0,8.0,Mozhajskoe,7400000
60,34.0,14.0,25.0,2010.0,2.0,10.0,Otradnoe,5925570
30,,20.0,25.0,1.0,1.0,1.0,Poselenie Sosenskoe,3519000
71,49.0,5.0,9.0,1960.0,3.0,7.0,Lomonosovskoe,16750000
50,27.0,1.0,10.0,1976.0,2.0,8.0,Hamovniki,8000000
62,33.0,3.0,0.0,3.0,2.0,0.0,Poselenie Krasnopahorskoe,3759912
64,60.0,13.0,17.0,2015.0,2.0,10.0,Nekrasovka,6656000
31,15.0,10.0,12.0,1971.0,1.0,6.0,Chertanovo Juzhnoe,4900000
51,1.0,4.0,17.0,1.0,2.0,1.0,Tverskoe,6074821
37,37.0,13.0,17.0,2014.0,1.0,1.0,Tverskoe,4252965
63,63.0,13.0,17.0,0.0,2.0,0.0,Poselenie Vnukovskoe,6907232
48,44.0,4.0,9.0,2015.0,1.0,1.0,Zapadnoe Degunino,3535520
54,28.0,3.0,14.0,2007.0,2.0,9.0,Matushkino,1000000
59,44.0,1.0,9.0,1966.0,3.0,6.0,Jakimanka,13000000
55,55.0,16.0,,,,,Poselenie Sosenskoe,5486450
76,45.0,7.0,17.0,1998.0,3.0,10.0,Cheremushki,15000000
38,1.0,16.0,17.0,2015.0,1.0,1.0,Poselenie Vnukovskoe,5810343
52,28.0,14.0,16.0,1991.0,2.0,10.0,Severnoe Medvedkovo,9300000
83,57.0,3.0,9.0,1957.0,4.0,9.0,Gagarinskoe,26000000
92,32.0,3.0,17.0,2006.0,2.0,11.0,Kosino-Uhtomskoe,2000000
59,44.0,9.0,9.0,1972.0,3.0,5.0,Chertanovo Juzhnoe,7800000
37,19.0,3.0,16.0,1979.0,1.0,9.0,Kon'kovo,6000000
104,54.0,2.0,2.0,2015.0,3.0,20.0,Poselenie Pervomajskoe,8024346
37,19.0,15.0,,,,,Perovo,6000000
31,17.0,3.0,5.0,1972.0,1.0,5.0,Pechatniki,4400000
73,38.0,9.0,12.0,2014.0,2.0,12.0,Poselenie Rjazanovskoe,2755137
47,30.0,12.0,12.0,1977.0,2.0,6.0,Zjablikovo,2000000
38,17.0,12.0,17.0,2001.0,1.0,9.0,Troickij okrug,4000000
53,,2.0,,,,,Poselenie Sosenskoe,4234060
78,53.0,2.0,8.0,1956.0,3.0,8.0,Alekseevskoe,18250000
30,18.0,4.0,5.0,1973.0,1.0,5.0,Lefortovo,5310000
52,,14.0,1.0,2013.0,2.0,1.0,Nekrasovka,5580410
27,27.0,5.0,12.0,1.0,1.0,1.0,Poselenie Filimonkovskoe,2061954
74,43.0,9.0,17.0,2012.0,3.0,12.0,Poselenie Vnukovskoe,4200000
32,19.0,1.0,9.0,1969.0,1.0,6.0,Chertanovo Severnoe,1000000
73,37.0,6.0,12.0,2012.0,2.0,11.0,Izmajlovo,8195250
87,54.0,4.0,14.0,1998.0,4.0,11.0,Kuncevo,19700000
34,19.0,1.0,12.0,1968.0,1.0,9.0,Gol'janovo,5600000
77,77.0,12.0,19.0,2014.0,3.0,1.0,Poselenie Shherbinka,6027810
59,41.0,3.0,5.0,1966.0,3.0,6.0,Caricyno,2000000
51,,4.0,,,,,Poselenie Pervomajskoe,3228750
91,54.0,5.0,12.0,1999.0,4.0,10.0,Vostochnoe Degunino,15500000
53,30.0,8.0,14.0,1989.0,2.0,8.0,Krjukovo,6300000
57,32.0,3.0,16.0,1980.0,2.0,10.0,Vostochnoe Degunino,7900000
63,36.0,3.0,17.0,2014.0,2.0,1.0,Poselenie Voskresenskoe,6510800
40,20.0,4.0,8.0,2003.0,1.0,8.0,Ljublino,5850000
98,55.0,12.0,15.0,2004.0,3.0,13.0,Kurkino,14850000
56,31.0,9.0,14.0,1972.0,2.0,9.0,Nagatinskij Zaton,9350000
79,,2.0,1.0,2014.0,3.0,1.0,Mitino,10438478
85,44.0,16.0,22.0,1987.0,3.0,10.0,Silino,10150000
55,33.0,4.0,9.0,1974.0,2.0,8.0,Dorogomilovo,13350000
60,60.0,5.0,17.0,2014.0,2.0,1.0,Poselenie Desjonovskoe,5115357
37,19.0,5.0,,,,,Krjukovo,4150000
48,31.0,3.0,12.0,1967.0,2.0,8.0,Babushkinskoe,2000000
73,44.0,12.0,16.0,1980.0,3.0,10.0,Jasenevo,15000000
61,,14.0,,,,,Poselenie Voskresenskoe,4882890
67,43.0,10.0,16.0,1991.0,3.0,8.0,Severnoe Medvedkovo,11200000
79,41.0,6.0,,,,,Poselenie Voskresenskoe,6780400
38,38.0,11.0,20.0,2014.0,1.0,10.0,Poselenie Desjonovskoe,3769167
38,20.0,2.0,12.0,1982.0,1.0,8.0,Filevskij Park,6200000
167,,2.0,2.0,0.0,3.0,0.0,Poselenie Rogovskoe,7923741
47,30.0,6.0,9.0,1969.0,2.0,6.0,Sviblovo,4800000
36,17.0,10.0,17.0,2004.0,1.0,10.0,Ljublino,6200000
38,37.0,2.0,17.0,2014.0,1.0,1.0,Nekrasovka,4107950
75,,9.0,,,,,Nekrasovka,7067808
70,40.0,5.0,6.0,1933.0,3.0,15.0,Perovo,11700000
24,13.0,2.0,9.0,1972.0,1.0,5.0,Veshnjaki,4700000
63,44.0,11.0,12.0,1973.0,3.0,6.0,Zjuzino,9500000
67,44.0,13.0,14.0,1976.0,3.0,9.0,Ivanovskoe,8500000
30,17.0,2.0,5.0,1969.0,1.0,5.0,Presnenskoe,6400000
78,51.0,2.0,8.0,1959.0,3.0,10.0,Nagatino-Sadovniki,12300000
67,67.0,3.0,4.0,2014.0,2.0,1.0,Tverskoe,5710756
61,61.0,7.0,20.0,0.0,2.0,0.0,Poselenie Vnukovskoe,6823425
64,64.0,7.0,17.0,2014.0,2.0,1.0,Poselenie Vnukovskoe,6212864
43,26.0,4.0,5.0,1958.0,2.0,6.0,Fili Davydkovo,8200000
51,30.0,17.0,17.0,1987.0,2.0,8.0,Orehovo-Borisovo Juzhnoe,8300000
54,21.0,3.0,19.0,2002.0,1.0,13.0,Koptevo,9750000
38,19.0,15.0,17.0,2007.0,1.0,7.0,Solncevo,6400000
77,51.0,11.0,28.0,2009.0,2.0,18.0,Izmajlovo,7979480
48,32.0,6.0,14.0,1970.0,2.0,8.0,Koptevo,6300000
34,,1.0,1.0,2014.0,1.0,1.0,Poselenie Novofedorovskoe,1702558
54,30.0,6.0,14.0,2003.0,2.0,11.0,Juzhnoportovoe,12700000
31,18.0,8.0,,,,,Vostochnoe Izmajlovo,4800000
51,30.0,2.0,14.0,1994.0,2.0,8.0,Krjukovo,5800000
31,19.0,2.0,5.0,1960.0,1.0,5.0,Pokrovskoe Streshnevo,5410000
69,33.0,5.0,33.0,2011.0,2.0,13.0,Nagatino-Sadovniki,8765000
30,19.0,4.0,,,,,Butyrskoe,6900000
80,50.0,9.0,24.0,2017.0,3.0,12.0,Nagatinskij Zaton,12351546
51,34.0,9.0,9.0,1973.0,3.0,6.0,Severnoe Izmajlovo,8400000
35,14.0,4.0,14.0,2002.0,1.0,10.0,Mar'ino,6000000
35,19.0,12.0,12.0,1967.0,1.0,9.0,Horoshevskoe,7600000
34,20.0,2.0,9.0,1971.0,2.0,6.0,Novogireevo,5400000
38,22.0,5.0,,,,,Metrogorodok,5100000
44,,12.0,16.0,,1.0,14.0,Poselenie Sosenskoe,3612400
68,47.0,3.0,8.0,1957.0,3.0,7.0,Dorogomilovo,17100000
65,43.0,10.0,12.0,1974.0,3.0,7.0,Mar'ina Roshha,13500000
74,40.0,7.0,15.0,2012.0,2.0,12.0,Birjulevo Vostochnoe,6866860
50,29.0,11.0,12.0,1973.0,2.0,7.0,Teplyj Stan,7500000
32,18.0,1.0,9.0,1976.0,1.0,6.0,Cheremushki,6100000
58,32.0,19.0,22.0,1992.0,2.0,8.0,Pechatniki,6000000
29,14.0,3.0,5.0,1964.0,1.0,5.0,Bogorodskoe,5300000
32,18.0,1.0,9.0,1975.0,1.0,5.0,Chertanovo Central'noe,4900000
42,28.0,1.0,5.0,1964.0,2.0,5.0,Juzhnoe Tushino,6330000
38,19.0,9.0,17.0,2005.0,1.0,7.0,Hovrino,1000000
44,42.0,3.0,4.0,2014.0,1.0,1.0,Poselenie Desjonovskoe,4373448
44,27.0,1.0,4.0,1934.0,2.0,6.0,Donskoe,6300000
44,24.0,3.0,5.0,1961.0,2.0,5.0,Vnukovo,4500000
62,40.0,1.0,12.0,1984.0,2.0,8.0,Obruchevskoe,10350000
76,37.0,20.0,30.0,2010.0,2.0,14.0,Zjuzino,16010549
35,20.0,5.0,,,,,Rjazanskij,5600000
78,78.0,3.0,22.0,,3.0,1.0,Nagornoe,17542040
76,45.0,3.0,17.0,2005.0,3.0,12.0,Taganskoe,19000000
54,28.0,4.0,17.0,2008.0,2.0,9.0,Nekrasovka,3000000
54,28.0,8.0,14.0,2007.0,2.0,9.0,Krjukovo,6950000
30,18.0,3.0,5.0,1962.0,1.0,5.0,Cheremushki,5700000
87,47.0,23.0,24.0,2003.0,3.0,11.0,Juzhnoe Butovo,13700000
71,43.0,11.0,17.0,2006.0,3.0,9.0,Krjukovo,8850000
38,23.0,7.0,14.0,1968.0,2.0,6.0,Savelki,5400000
51,28.0,21.0,22.0,1983.0,2.0,8.0,Nagatinskij Zaton,9250000
59,43.0,5.0,9.0,1972.0,3.0,6.0,Veshnjaki,7400000
37,22.0,1.0,9.0,1966.0,2.0,7.0,Donskoe,6500000
45,30.0,4.0,5.0,1964.0,2.0,5.0,Zjuzino,6500000
68,,8.0,,,,,Poselenie Sosenskoe,5770800
32,21.0,9.0,9.0,1967.0,1.0,5.0,Lefortovo,5635000
65,63.0,2.0,17.0,2014.0,2.0,1.0,Zapadnoe Degunino,5065844
42,19.0,12.0,17.0,2007.0,1.0,8.0,Kosino-Uhtomskoe,5500000
29,15.0,2.0,5.0,1967.0,1.0,5.0,Ljublino,5100000
38,20.0,11.0,14.0,2014.0,1.0,10.0,Nekrasovka,4850000
62,38.0,2.0,9.0,1977.0,3.0,8.0,Orehovo-Borisovo Juzhnoe,8600000
96,96.0,12.0,17.0,2016.0,3.0,10.0,Levoberezhnoe,16098800
31,17.0,3.0,5.0,1967.0,1.0,5.0,Bogorodskoe,4800000
34,15.0,9.0,14.0,2013.0,1.0,7.0,Poselenie Desjonovskoe,3075224
64,61.0,5.0,9.0,1969.0,3.0,8.0,Sviblovo,10500000
50,29.0,4.0,14.0,1984.0,2.0,7.0,Dmitrovskoe,7450000
53,32.0,14.0,17.0,2000.0,2.0,9.0,Ramenki,3000000
40,25.0,5.0,,,,,Kuz'minki,5400000
118,69.0,8.0,26.0,2004.0,4.0,11.0,Koptevo,1000000
41,25.0,1.0,5.0,1962.0,2.0,5.0,Kotlovka,990000
33,18.0,1.0,5.0,1958.0,1.0,6.0,Presnenskoe,5000000
60,40.0,8.0,9.0,1970.0,3.0,6.0,Kon'kovo,11450000
99,65.0,3.0,4.0,1956.0,4.0,9.0,Basmannoe,25700000
20,12.0,3.0,9.0,1973.0,1.0,3.0,Bogorodskoe,4000000
78,47.0,15.0,17.0,2002.0,3.0,10.0,Troparevo-Nikulino,17500000
44,44.0,1.0,9.0,1967.0,2.0,5.0,Horoshevo-Mnevniki,6650000
64,38.0,8.0,12.0,1984.0,3.0,8.0,Otradnoe,1000000
58,32.0,11.0,22.0,2002.0,2.0,10.0,Koptevo,11800000
52,30.0,13.0,14.0,2003.0,2.0,9.0,Ljublino,8800000
88,,7.0,,,,,Poselenie Sosenskoe,6756400
60,34.0,15.0,17.0,1987.0,2.0,10.0,Novokosino,8700000
32,19.0,5.0,9.0,1969.0,1.0,6.0,Pechatniki,5600000
54,33.0,3.0,4.0,1950.0,3.0,8.0,Vostochnoe Izmajlovo,8100000
32,19.0,7.0,9.0,1961.0,1.0,5.0,Horoshevo-Mnevniki,5850000
99,64.0,15.0,22.0,1993.0,4.0,9.0,Orehovo-Borisovo Severnoe,21000000
38,22.0,6.0,9.0,1964.0,2.0,7.0,Kuncevo,6750000
41,19.0,8.0,14.0,2006.0,1.0,8.0,Kosino-Uhtomskoe,6420000
63,44.0,7.0,9.0,1967.0,3.0,5.0,Severnoe Tushino,9200000
78,78.0,2.0,17.0,2002.0,3.0,10.0,Hovrino,12500000
38,19.0,7.0,17.0,2013.0,1.0,7.0,Poselenie Vnukovskoe,1963500
59,41.0,2.0,5.0,1961.0,3.0,5.0,Timirjazevskoe,8550000
47,30.0,8.0,12.0,1978.0,2.0,7.0,Troickij okrug,5900000
1,1.0,17.0,1.0,1.0,1.0,1.0,Poselenie Desjonovskoe,3793778
42,17.0,15.0,22.0,2001.0,1.0,10.0,Mar'ino,7000000
42,26.0,3.0,5.0,1964.0,2.0,5.0,Vnukovo,4900000
44,25.0,2.0,5.0,1961.0,2.0,5.0,Izmajlovo,2200000
45,30.0,3.0,5.0,1963.0,2.0,5.0,Zjuzino,6800000
40,28.0,5.0,5.0,1962.0,2.0,5.0,Rjazanskij,5500000
52,33.0,7.0,9.0,1965.0,2.0,6.0,Koptevo,9650000
77,45.0,15.0,17.0,1989.0,3.0,10.0,Moskvorech'e-Saburovo,11550000
62,62.0,13.0,17.0,2015.0,2.0,10.0,Poselenie Vnukovskoe,7293268
56,40.0,9.0,9.0,1967.0,3.0,5.0,Nagornoe,11700000
44,16.0,13.0,18.0,2014.0,1.0,1.0,Poselenie Voskresenskoe,4983720
60,60.0,18.0,25.0,0.0,2.0,1.0,Poselenie Moskovskij,5976504
41,20.0,7.0,10.0,2005.0,1.0,9.0,Savelki,5350000
79,,2.0,12.0,2013.0,2.0,1.0,Tverskoe,7069390
52,0.0,11.0,17.0,0.0,2.0,0.0,Poselenie Vnukovskoe,6185375
55,30.0,9.0,14.0,1997.0,2.0,11.0,Krjukovo,8000000
37,,3.0,,,,,Strogino,6591000
67,32.0,3.0,11.0,1955.0,2.0,8.0,Hamovniki,23500000
127,123.0,10.0,17.0,2016.0,3.0,12.0,Danilovskoe,28176568
79,51.0,2.0,5.0,1957.0,3.0,8.0,Losinoostrovskoe,2000000
35,14.0,2.0,14.0,2001.0,1.0,9.0,Juzhnoe Butovo,6000000
78,41.0,8.0,11.0,2013.0,3.0,9.0,Krjukovo,7712600
49,46.0,9.0,9.0,0.0,1.0,10.0,Zapadnoe Degunino,3743000
72,40.0,12.0,,,,,Poselenie Voskresenskoe,6654530
67,,1.0,4.0,1.0,3.0,1.0,Orehovo-Borisovo Severnoe,4148503
37,22.0,3.0,9.0,1966.0,2.0,7.0,Perovo,5500000
61,39.0,11.0,16.0,1982.0,2.0,7.0,Brateevo,2000000
47,,13.0,,,,,Poselenie Sosenskoe,4072582
60,32.0,3.0,17.0,2012.0,2.0,12.0,Poselenie Sosenskoe,2235600
49,,3.0,0.0,,1.0,0.0,Ochakovo-Matveevskoe,5899672
59,43.0,2.0,9.0,1974.0,2.0,6.0,Teplyj Stan,9000000
58,32.0,4.0,17.0,1995.0,2.0,10.0,Brateevo,8350000
44,28.0,5.0,5.0,1965.0,2.0,5.0,Perovo,990000
37,19.0,16.0,16.0,1989.0,1.0,9.0,Nekrasovka,4650000
77,,11.0,17.0,2015.0,2.0,1.0,Poselenie Sosenskoe,6691300
75,75.0,23.0,1.0,2015.0,2.0,1.0,Mitino,14964120
39,25.0,3.0,5.0,1975.0,2.0,5.0,Silino,5270000
29,18.0,1.0,5.0,1960.0,1.0,5.0,Basmannoe,6050000
72,28.0,17.0,,,,,Zjablikovo,3400000
49,34.0,5.0,9.0,1972.0,2.0,6.0,Ivanovskoe,6900000
60,60.0,22.0,,,,,Poselenie Vnukovskoe,5446938
30,18.0,2.0,,,,,Koptevo,4650000
59,,17.0,0.0,,2.0,0.0,Nagornoe,11932867
41,21.0,7.0,14.0,1992.0,1.0,8.0,Novo-Peredelkino,5600000
62,45.0,1.0,12.0,1973.0,3.0,6.0,Birjulevo Zapadnoe,6500000
52,50.0,5.0,9.0,2015.0,2.0,1.0,Poselenie Filimonkovskoe,3900797
54,32.0,5.0,17.0,1989.0,2.0,9.0,Taganskoe,12300000
35,21.0,1.0,9.0,1978.0,1.0,6.0,Orehovo-Borisovo Juzhnoe,5400000
65,64.0,11.0,17.0,0.0,3.0,1.0,Poselenie Filimonkovskoe,4789757
58,32.0,6.0,17.0,2012.0,2.0,10.0,Vostochnoe Izmajlovo,10200000
51,,5.0,0.0,0.0,2.0,0.0,Nekrasovka,5115198
75,,13.0,17.0,2016.0,3.0,10.0,Poselenie Vnukovskoe,8810471
85,1.0,5.0,1.0,2015.0,2.0,1.0,Danilovskoe,21726080
72,39.0,5.0,8.0,1946.0,3.0,9.0,Begovoe,15300000
31,19.0,3.0,5.0,1962.0,1.0,5.0,Cheremushki,6650000
37,22.0,3.0,9.0,1964.0,2.0,7.0,Lomonosovskoe,2000000
39,20.0,10.0,14.0,1986.0,1.0,8.0,Silino,4950000
75,41.0,7.0,14.0,1987.0,3.0,8.0,Novokosino,10400000
32,16.0,7.0,12.0,1973.0,1.0,7.0,Ivanovskoe,5300000
100,61.0,5.0,17.0,2003.0,4.0,10.0,Juzhnoe Butovo,13990000
38,19.0,10.0,,,,,Mitino,6150000
41,,9.0,,,,,Poselenie Moskovskij,4058255
59,44.0,6.0,9.0,1967.0,3.0,5.0,Severnoe Tushino,10050000
53,,7.0,1.0,1.0,1.0,1.0,Poselenie Moskovskij,7001645
35,19.0,12.0,12.0,1970.0,1.0,9.0,Nizhegorodskoe,6950000
36,24.0,4.0,8.0,1961.0,1.0,5.0,Nagatino-Sadovniki,4400000
58,42.0,5.0,9.0,1974.0,3.0,5.0,Bogorodskoe,9100000
76,49.0,5.0,5.0,1956.0,3.0,10.0,Perovo,11100000
64,44.0,4.0,9.0,1969.0,3.0,7.0,Chertanovo Severnoe,9300000
47,42.0,4.0,9.0,1.0,1.0,1.0,Poselenie Pervomajskoe,3318635
37,19.0,17.0,17.0,2004.0,1.0,6.0,Koptevo,7000000
32,18.0,6.0,9.0,1979.0,1.0,6.0,Strogino,3000000
45,28.0,5.0,9.0,1969.0,2.0,6.0,Kon'kovo,8100000
37,22.0,3.0,14.0,1976.0,2.0,5.0,Veshnjaki,6500000
30,18.0,6.0,9.0,1972.0,1.0,5.0,Juzhnoe Tushino,5380000
82,82.0,5.0,0.0,0.0,2.0,0.0,Zapadnoe Degunino,5803268
59,33.0,,,,,,Babushkinskoe,9500000
44,28.0,2.0,12.0,1968.0,2.0,5.0,Meshhanskoe,8800000
63,,17.0,,,,,Poselenie Vnukovskoe,4754493
56,31.0,4.0,5.0,1959.0,2.0,8.0,Tekstil'shhiki,8400000
57,35.0,4.0,5.0,1957.0,2.0,6.0,Mar'ina Roshha,10000000
80,35.0,20.0,23.0,2007.0,2.0,12.0,Chertanovo Central'noe,15600000
62,46.0,2.0,9.0,1968.0,4.0,5.0,Severnoe Medvedkovo,9500000
55,36.0,1.0,5.0,1961.0,3.0,5.0,Vostochnoe Izmajlovo,7400000
38,38.0,2.0,17.0,0.0,1.0,0.0,Poselenie Vnukovskoe,4601851
51,33.0,3.0,9.0,1969.0,3.0,6.0,Chertanovo Severnoe,7700000
45,42.0,22.0,22.0,1980.0,1.0,12.0,Silino,5525000
58,44.0,3.0,9.0,1971.0,3.0,6.0,Chertanovo Juzhnoe,7700000
65,64.0,9.0,9.0,2015.0,3.0,1.0,Poselenie Filimonkovskoe,4446269
37,19.0,10.0,16.0,1989.0,1.0,9.0,Zapadnoe Degunino,6250000
43,29.0,1.0,5.0,1962.0,2.0,5.0,Otradnoe,1800000
58,,19.0,,,,,Poselenie Vnukovskoe,5213933
38,17.0,3.0,14.0,1975.0,1.0,8.0,Jaroslavskoe,5970000
41,20.0,7.0,12.0,1998.0,1.0,8.0,Vyhino-Zhulebino,5800000
35,17.0,4.0,9.0,1967.0,1.0,9.0,Izmajlovo,7100000
31,19.0,2.0,5.0,1962.0,1.0,6.0,Alekseevskoe,5500000
41,17.0,16.0,25.0,2013.0,1.0,10.0,Nekrasovka,3250000
61,29.0,12.0,15.0,2013.0,2.0,1.0,Tverskoe,5618265
51,30.0,9.0,16.0,1984.0,2.0,8.0,Akademicheskoe,9800000
54,32.0,4.0,17.0,1990.0,2.0,9.0,Novo-Peredelkino,1000000
35,19.0,9.0,12.0,1965.0,1.0,10.0,Novogireevo,6150000
35,,5.0,,,,,Tverskoe,3112727
34,18.0,11.0,12.0,1974.0,1.0,6.0,Orehovo-Borisovo Severnoe,5600000
56,36.0,9.0,25.0,2004.0,2.0,8.0,Shhukino,5500000
34,,4.0,12.0,,1.0,1.0,Poselenie Filimonkovskoe,2638436
56,,19.0,19.0,2016.0,2.0,1.0,Nagatinskij Zaton,9159212
56,38.0,8.0,9.0,1975.0,3.0,6.0,Otradnoe,7880000
40,17.0,8.0,8.0,2009.0,1.0,9.0,Juzhnoe Butovo,5500000
42,21.0,1.0,,,,,Taganskoe,7175000
59,59.0,9.0,17.0,2015.0,2.0,1.0,Poselenie Sosenskoe,6537064
82,60.0,2.0,9.0,1938.0,3.0,4.0,Lefortovo,3000000
39,23.0,8.0,12.0,1969.0,2.0,6.0,Caricyno,2000000
51,30.0,3.0,4.0,1917.0,2.0,8.0,Meshhanskoe,3000000
44,43.0,13.0,21.0,2015.0,1.0,10.0,Ramenki,10567950
45,30.0,3.0,5.0,1962.0,2.0,5.0,Prospekt Vernadskogo,8200000
35,19.0,10.0,12.0,1977.0,1.0,7.0,Pechatniki,2000000
71,,10.0,17.0,,2.0,1.0,Poselenie Sosenskoe,5924560
60,44.0,8.0,9.0,1968.0,3.0,5.0,Gol'janovo,8500000
58,,6.0,,,,,Ochakovo-Matveevskoe,11491200
45,30.0,3.0,5.0,1961.0,2.0,5.0,Kotlovka,7100000
82,46.0,3.0,9.0,1974.0,3.0,9.0,Jaroslavskoe,11500000
57,,6.0,19.0,1.0,2.0,1.0,Poselenie Shherbinka,4507981
61,37.0,7.0,9.0,1975.0,3.0,8.0,Vojkovskoe,10850000
112,68.0,6.0,24.0,2003.0,4.0,10.0,Kon'kovo,22000000
37,22.0,1.0,9.0,1964.0,2.0,6.0,Prospekt Vernadskogo,6400000
51,31.0,9.0,17.0,1994.0,2.0,8.0,Mitino,1000000
43,28.0,3.0,5.0,1960.0,2.0,5.0,Tekstil'shhiki,6650000
41,26.0,3.0,5.0,1961.0,2.0,5.0,Donskoe,6450000
54,35.0,8.0,9.0,1973.0,3.0,6.0,Troickij okrug,5500000
50,50.0,4.0,10.0,0.0,1.0,1.0,Poselenie Moskovskij,6219517
49,49.0,6.0,12.0,2016.0,1.0,14.0,Poselenie Sosenskoe,5088200
63,33.0,6.0,14.0,2005.0,2.0,12.0,Kosino-Uhtomskoe,9200000
123,123.0,22.0,1.0,2012.0,4.0,1.0,Strogino,26233930
43,31.0,2.0,5.0,1961.0,2.0,5.0,Horoshevo-Mnevniki,7250000
37,19.0,5.0,17.0,2011.0,1.0,7.0,Poselenie Moskovskij,2548200
32,18.0,6.0,9.0,1970.0,1.0,6.0,Mar'ina Roshha,7000000
62,32.0,9.0,25.0,2015.0,2.0,13.0,Nekrasovka,6552000
52,28.0,17.0,,,,,Pokrovskoe Streshnevo,9350000
37,19.0,14.0,17.0,1983.0,1.0,7.0,Kuncevo,7600000
40,21.0,9.0,,,,,Mar'ino,5150000
37,,6.0,17.0,2014.0,1.0,1.0,Tverskoe,4650000
58,42.0,6.0,9.0,1966.0,3.0,5.0,Kotlovka,9500000
46,,5.0,20.0,2014.0,1.0,1.0,Poselenie Vnukovskoe,6226448
33,17.0,1.0,12.0,1967.0,1.0,9.0,Lefortovo,1000000
51,51.0,3.0,3.0,0.0,2.0,1.0,Poselenie Novofedorovskoe,2987151
32,20.0,3.0,5.0,1962.0,1.0,5.0,Kuz'minki,5100000
77,46.0,16.0,17.0,2005.0,3.0,10.0,Levoberezhnoe,11900000
80,52.0,4.0,5.0,1956.0,3.0,7.0,Perovo,12300000
44,28.0,3.0,9.0,1972.0,2.0,6.0,Teplyj Stan,8000000
38,,13.0,1.0,2014.0,1.0,1.0,Poselenie Desjonovskoe,3598268
44,28.0,4.0,5.0,1959.0,2.0,5.0,Sokolinaja Gora,9350000
43,,14.0,22.0,,1.0,1.0,Tverskoe,4821758
78,55.0,9.0,9.0,1953.0,3.0,6.0,Vojkovskoe,13700000
45,29.0,5.0,9.0,1969.0,2.0,6.0,Kon'kovo,2000000
39,37.0,1.0,4.0,2014.0,1.0,1.0,Zapadnoe Degunino,3244190
33,20.0,5.0,5.0,1964.0,1.0,5.0,Zjuzino,5000000
37,19.0,4.0,17.0,1976.0,1.0,9.0,Tekstil'shhiki,7000000
46,30.0,3.0,12.0,1972.0,2.0,6.0,Chertanovo Severnoe,7100000
45,26.0,10.0,12.0,1965.0,2.0,5.0,Kuz'minki,7000000
40,40.0,3.0,17.0,0.0,1.0,0.0,Solncevo,3826680
34,19.0,3.0,12.0,1987.0,1.0,8.0,Troickij okrug,3720000
43,28.0,5.0,5.0,1965.0,2.0,5.0,Ochakovo-Matveevskoe,6700000
59,33.0,20.0,22.0,1990.0,2.0,10.0,Veshnjaki,10000000
37,22.0,2.0,13.0,1965.0,2.0,7.0,Gagarinskoe,8500000
38,34.0,3.0,,,,,Severnoe Medvedkovo,2900000
24,12.0,3.0,5.0,1967.0,1.0,5.0,Preobrazhenskoe,5050000
76,45.0,5.0,5.0,1915.0,2.0,14.0,Basmannoe,15200000
43,28.0,2.0,5.0,1960.0,2.0,6.0,Severnoe Izmajlovo,7000000
47,30.0,1.0,9.0,1968.0,2.0,6.0,Caricyno,6400000
62,62.0,16.0,1.0,2013.0,2.0,1.0,Chertanovo Severnoe,10284187
45,,3.0,3.0,,1.0,1.0,Zapadnoe Degunino,4190972
54,31.0,16.0,16.0,1980.0,2.0,8.0,Otradnoe,9800000
30,18.0,5.0,5.0,1961.0,1.0,6.0,Dmitrovskoe,4000000
30,17.0,3.0,5.0,1959.0,1.0,6.0,Horoshevo-Mnevniki,6100000
60,42.0,11.0,12.0,1966.0,3.0,6.0,Zjablikovo,8500000
31,19.0,5.0,5.0,1963.0,1.0,5.0,Metrogorodok,4400000
61,38.0,7.0,9.0,1975.0,3.0,7.0,Teplyj Stan,10100000
39,18.0,3.0,18.0,2012.0,1.0,9.0,Poselenie Sosenskoe,5990000
29,18.0,1.0,5.0,1963.0,1.0,5.0,Juzhnoportovoe,1000000
51,34.0,2.0,7.0,1961.0,2.0,8.0,Ostankinskoe,13500000
66,46.0,10.0,12.0,1974.0,3.0,6.0,Perovo,1000000
43,39.0,15.0,25.0,2016.0,1.0,1.0,Mitino,7122929
42,42.0,10.0,16.0,2015.0,1.0,10.0,Poselenie Sosenskoe,3993990
56,33.0,22.0,22.0,1984.0,2.0,9.0,Bibirevo,9200000
63,,9.0,17.0,0.0,2.0,1.0,Poselenie Vnukovskoe,7191049
86,43.0,8.0,14.0,2007.0,2.0,16.0,Poselenie Rjazanovskoe,8500000
32,18.0,7.0,9.0,1962.0,1.0,6.0,Pechatniki,5500000
60,42.0,7.0,9.0,1967.0,3.0,6.0,Ochakovo-Matveevskoe,8900000
44,29.0,3.0,5.0,1963.0,2.0,5.0,Nagornoe,3000000
26,,25.0,25.0,2015.0,1.0,1.0,Mitino,6128966
62,46.0,3.0,9.0,1971.0,4.0,5.0,Babushkinskoe,2000000
45,27.0,2.0,9.0,1974.0,2.0,6.0,Orehovo-Borisovo Juzhnoe,7500000
37,37.0,19.0,13.0,2015.0,1.0,1.0,Poselenie Shherbinka,3164406
99,52.0,5.0,16.0,2006.0,3.0,12.0,Kosino-Uhtomskoe,3000000
74,43.0,4.0,5.0,1957.0,3.0,7.0,Shhukino,13650000
39,,4.0,4.0,,1.0,0.0,Poselenie Filimonkovskoe,3130400
26,15.0,7.0,9.0,1974.0,1.0,6.0,Chertanovo Juzhnoe,5050000
82,78.0,6.0,,,,,Otradnoe,11112750
101,65.0,17.0,22.0,1995.0,4.0,10.0,Mitino,1000000
34,19.0,7.0,16.0,1978.0,1.0,9.0,Rjazanskij,5700000
31,21.0,1.0,9.0,1967.0,1.0,5.0,Kuz'minki,5200000
64,,10.0,1.0,1.0,2.0,1.0,Nekrasovka,6080000
58,32.0,12.0,16.0,1995.0,2.0,10.0,Vyhino-Zhulebino,8700000
36,,1.0,17.0,1.0,1.0,1.0,Solncevo,3358000
47,31.0,11.0,14.0,1972.0,2.0,9.0,Birjulevo Vostochnoe,6200000
38,19.0,6.0,16.0,1982.0,1.0,8.0,Vyhino-Zhulebino,5660000
70,45.0,12.0,,,,,Veshnjaki,7000000
74,43.0,3.0,17.0,1997.0,3.0,10.0,Zjablikovo,14100000
53,28.0,16.0,16.0,1998.0,2.0,11.0,Ochakovo-Matveevskoe,1000000
43,23.0,12.0,14.0,1977.0,2.0,6.0,Koptevo,6400000
61,61.0,10.0,20.0,0.0,2.0,1.0,Poselenie Vnukovskoe,7557853
30,18.0,4.0,5.0,1960.0,1.0,5.0,Pokrovskoe Streshnevo,6050000
35,21.0,2.0,9.0,1963.0,2.0,7.0,Pokrovskoe Streshnevo,5650000
38,19.0,12.0,12.0,2005.0,1.0,7.0,Kosino-Uhtomskoe,1000000
32,20.0,5.0,5.0,1965.0,1.0,5.0,Preobrazhenskoe,5400000
54,29.0,2.0,22.0,1991.0,2.0,8.0,Silino,2000000
61,,7.0,7.0,2014.0,2.0,1.0,Poselenie Vnukovskoe,6341036
52,30.0,2.0,12.0,1978.0,2.0,8.0,Jaroslavskoe,7600000
32,20.0,2.0,2.0,1964.0,1.0,5.0,Novogireevo,990000
60,60.0,5.0,18.0,2014.0,2.0,1.0,Chertanovo Severnoe,9977550
76,45.0,7.0,17.0,1987.0,3.0,10.0,Fili Davydkovo,14100000
53,32.0,10.0,16.0,1978.0,2.0,9.0,Jasenevo,9900000
67,67.0,3.0,3.0,0.0,3.0,0.0,Poselenie Novofedorovskoe,3561990
54,27.0,2.0,,,,,Poselenie Filimonkovskoe,3258170
62,45.0,11.0,12.0,1978.0,3.0,6.0,Orehovo-Borisovo Juzhnoe,8800000
43,17.0,13.0,21.0,2011.0,1.0,12.0,Jakimanka,3000000
72,43.0,17.0,17.0,1985.0,3.0,9.0,Brateevo,5200000
76,76.0,6.0,14.0,2015.0,3.0,11.0,Poselenie Sosenskoe,6051400
32,20.0,3.0,5.0,1961.0,1.0,5.0,Severnoe Izmajlovo,5500000
56,35.0,8.0,14.0,2008.0,2.0,8.0,Nekrasovka,7800000
46,26.0,7.0,9.0,1972.0,2.0,6.0,Ivanovskoe,6400000
40,20.0,14.0,,,,,Mar'ino,5800000
82,,23.0,1.0,1.0,3.0,1.0,Mitino,11984594
58,37.0,3.0,9.0,1974.0,3.0,5.0,Bibirevo,2000000
34,19.0,2.0,,,,,Babushkinskoe,2000000
56,33.0,1.0,6.0,1956.0,1.0,10.0,Horoshevskoe,10800000
78,51.0,5.0,5.0,1956.0,3.0,8.0,Akademicheskoe,15000000
54,54.0,2.0,3.0,,2.0,1.0,Poselenie Novofedorovskoe,3058307
44,23.0,7.0,14.0,1970.0,2.0,8.0,Savelki,6500000
84,,10.0,17.0,,3.0,0.0,Solncevo,8408811
49,29.0,14.0,14.0,1953.0,2.0,7.0,Meshhanskoe,13800000
55,33.0,1.0,8.0,1960.0,2.0,9.0,Dorogomilovo,11600000
79,41.0,5.0,17.0,2013.0,3.0,2013.0,Poselenie Voskresenskoe,7281225
41,27.0,1.0,5.0,1967.0,2.0,5.0,Ljublino,5950000
58,35.0,5.0,7.0,1956.0,2.0,8.0,Koptevo,10200000
54,33.0,5.0,5.0,1952.0,3.0,7.0,Ajeroport,10800000
33,19.0,6.0,9.0,1969.0,1.0,6.0,Nagatino-Sadovniki,6000000
50,30.0,6.0,17.0,1985.0,2.0,8.0,Ramenki,11400000
51,30.0,12.0,12.0,1972.0,2.0,9.0,Vyhino-Zhulebino,6600000
38,19.0,15.0,17.0,1992.0,1.0,8.0,Severnoe Butovo,6100000
47,29.0,6.0,16.0,2013.0,2.0,8.0,Poselenie Shherbinka,5800000
37,,9.0,16.0,2015.0,1.0,1.0,Nagatinskij Zaton,6264739
74,50.0,6.0,12.0,1990.0,3.0,9.0,Krjukovo,8100000
56,31.0,6.0,,,,,Krylatskoe,11900000
54,30.0,5.0,12.0,1983.0,2.0,8.0,Otradnoe,9200000
64,45.0,5.0,12.0,1978.0,3.0,6.0,Juzhnoe Medvedkovo,10450000
46,44.0,4.0,25.0,2014.0,1.0,1.0,Tverskoe,4840500
74,74.0,7.0,7.0,1.0,1.0,1.0,Krjukovo,7751950
31,21.0,9.0,9.0,1963.0,1.0,5.0,Izmajlovo,4500000
26,10.0,6.0,9.0,1970.0,1.0,10.0,Ochakovo-Matveevskoe,4500000
64,,2.0,17.0,2016.0,2.0,1.0,Poselenie Moskovskij,6289886
43,18.0,16.0,17.0,2013.0,1.0,8.0,Poselenie Moskovskij,3000000
76,40.0,22.0,22.0,2015.0,3.0,10.0,Mitino,12408375
32,21.0,8.0,9.0,1965.0,1.0,5.0,Koptevo,5520000
58,33.0,13.0,20.0,2012.0,2.0,10.0,Donskoe,6200000
58,32.0,11.0,17.0,2008.0,2.0,12.0,Levoberezhnoe,10000000
38,21.0,3.0,12.0,1966.0,2.0,7.0,Gol'janovo,6000000
35,18.0,5.0,14.0,1977.0,1.0,7.0,Izmajlovo,7900000
60,60.0,5.0,14.0,2014.0,2.0,1.0,Nekrasovka,6272000
43,19.0,14.0,17.0,2008.0,1.0,8.0,Juzhnoe Butovo,5400000
56,56.0,2.0,0.0,2016.0,2.0,0.0,Nagornoe,12722148
61,61.0,8.0,,,,,Poselenie Vnukovskoe,4687997
38,22.0,3.0,9.0,1965.0,2.0,7.0,Rjazanskij,6180000
86,56.0,2.0,12.0,1958.0,3.0,9.0,Ivanovskoe,11400000
79,74.0,,,,,,Poselenie Voskresenskoe,6225640
35,19.0,7.0,12.0,1972.0,1.0,7.0,Orehovo-Borisovo Juzhnoe,5550000
53,32.0,3.0,,,,,Nagatinskij Zaton,9200000
43,40.0,11.0,12.0,1974.0,1.0,13.0,Koptevo,6300000
78,,1.0,3.0,2015.0,3.0,10.0,Poselenie Filimonkovskoe,6344862
96,56.0,18.0,20.0,2005.0,3.0,10.0,Kurkino,16000000
38,19.0,10.0,22.0,1998.0,1.0,9.0,Juzhnoe Tushino,6600000
38,38.0,7.0,,,,,Poselenie Moskovskij,2995939
51,30.0,14.0,14.0,1980.0,2.0,8.0,Brateevo,1000000
78,78.0,11.0,17.0,0.0,3.0,0.0,Poselenie Vnukovskoe,8169810
51,27.0,3.0,3.0,2016.0,2.0,10.0,Poselenie Novofedorovskoe,2949976
63,34.0,9.0,17.0,2002.0,2.0,12.0,Juzhnoe Medvedkovo,11900000
82,1.0,15.0,24.0,2014.0,2.0,1.0,Presnenskoe,25779390
44,27.0,8.0,9.0,1968.0,2.0,4.0,Pokrovskoe Streshnevo,8000000
67,41.0,4.0,5.0,1960.0,3.0,10.0,Bogorodskoe,12750000
81,81.0,1.0,3.0,0.0,3.0,0.0,Poselenie Filimonkovskoe,6836443
39,20.0,11.0,18.0,1993.0,1.0,10.0,Vyhino-Zhulebino,6400000
30,17.0,3.0,5.0,1961.0,1.0,5.0,Sokolinaja Gora,5050000
53,40.0,6.0,21.0,2014.0,3.0,8.0,Obruchevskoe,19571840
53,29.0,20.0,40.0,2010.0,2.0,8.0,Horoshevo-Mnevniki,6900000
35,19.0,17.0,22.0,1986.0,1.0,9.0,Strogino,2000000
33,32.0,8.0,12.0,1971.0,1.0,9.0,Lefortovo,6700000
32,19.0,2.0,5.0,1962.0,1.0,5.0,Vostochnoe Izmajlovo,5800000
42,26.0,3.0,5.0,1960.0,2.0,5.0,Shhukino,7380000
68,45.0,3.0,9.0,1973.0,3.0,7.0,Nagatinskij Zaton,12300000
39,23.0,7.0,14.0,1971.0,2.0,6.0,Vostochnoe Izmajlovo,1000000
61,37.0,17.0,20.0,2011.0,2.0,10.0,Donskoe,7700000
63,37.0,12.0,14.0,1988.0,3.0,8.0,Teplyj Stan,11500000
77,1.0,8.0,17.0,1.0,3.0,1.0,Poselenie Vnukovskoe,8361708
43,,4.0,1.0,1.0,1.0,1.0,Krjukovo,4498010
39,,19.0,22.0,2013.0,1.0,1.0,Nagornoe,7939570
41,20.0,13.0,14.0,1987.0,1.0,8.0,Solncevo,5550000
58,33.0,13.0,22.0,2002.0,2.0,10.0,Zapadnoe Degunino,10000000
32,18.0,4.0,4.0,1963.0,1.0,6.0,Poselenie Desjonovskoe,3130000
33,17.0,10.0,12.0,1968.0,1.0,9.0,Savelovskoe,7350000
42,26.0,3.0,,,,,Preobrazhenskoe,6550000
57,30.0,16.0,22.0,2009.0,2.0,9.0,Otradnoe,10400000
41,18.0,4.0,6.0,1928.0,1.0,9.0,Sokol'niki,8104000
38,20.0,2.0,14.0,1993.0,1.0,8.0,Severnoe Butovo,5650000
38,20.0,2.0,14.0,2001.0,1.0,8.0,Rjazanskij,5800000
73,40.0,6.0,10.0,2015.0,2.0,1.0,Levoberezhnoe,12356400
63,63.0,3.0,12.0,2016.0,2.0,13.0,Poselenie Sosenskoe,5190600
66,,16.0,22.0,,2.0,1.0,Ramenki,10769760
61,33.0,14.0,16.0,2004.0,2.0,11.0,Birjulevo Vostochnoe,8000000
32,17.0,5.0,9.0,1968.0,1.0,7.0,Sokolinaja Gora,5500000
42,0.0,8.0,0.0,0.0,1.0,0.0,Poselenie Sosenskoe,4088370
43,29.0,5.0,5.0,1961.0,2.0,5.0,Metrogorodok,5550000
39,18.0,13.0,17.0,2012.0,1.0,9.0,Poselenie Sosenskoe,4175000
57,41.0,2.0,5.0,1965.0,3.0,5.0,Gol'janovo,7585247
54,28.0,14.0,16.0,2009.0,2.0,9.0,Juzhnoe Butovo,6350000
71,43.0,17.0,17.0,1994.0,3.0,9.0,Juzhnoe Butovo,9600000
38,20.0,3.0,14.0,1999.0,1.0,8.0,Tekstil'shhiki,6300000
78,78.0,3.0,17.0,2015.0,2.0,0.0,Ochakovo-Matveevskoe,8048368
36,22.0,7.0,9.0,1963.0,2.0,7.0,Juzhnoe Tushino,6650000
50,33.0,7.0,12.0,1979.0,2.0,6.0,Orehovo-Borisovo Juzhnoe,7400000
61,61.0,17.0,22.0,2015.0,2.0,0.0,Poselenie Vnukovskoe,6958188
42,29.0,3.0,5.0,1960.0,2.0,5.0,Nagornoe,8150000
36,14.0,2.0,12.0,1997.0,1.0,11.0,Brateevo,6250000
45,28.0,1.0,5.0,1965.0,2.0,5.0,Zjuzino,6200000
55,32.0,10.0,17.0,1995.0,2.0,9.0,Mar'ino,9000000
65,43.0,13.0,13.0,1977.0,3.0,8.0,Juzhnoportovoe,8500000
78,45.0,6.0,17.0,2003.0,3.0,10.0,Sviblovo,16000000
74,44.0,5.0,17.0,1989.0,3.0,10.0,Donskoe,14025000
58,38.0,7.0,9.0,1973.0,3.0,6.0,Ivanovskoe,7800000
27,26.0,6.0,6.0,2015.0,1.0,0.0,Poselenie Filimonkovskoe,2298338
78,45.0,10.0,,,,,Teplyj Stan,13800000
50,50.0,4.0,4.0,2017.0,1.0,1.0,Poselenie Moskovskij,6320357
32,16.0,1.0,15.0,1978.0,1.0,5.0,Krasnosel'skoe,5950000
60,1.0,8.0,18.0,1.0,2.0,1.0,Krjukovo,6512400
53,32.0,3.0,12.0,1992.0,2.0,9.0,Vyhino-Zhulebino,8000000
63,63.0,2.0,17.0,0.0,2.0,0.0,Solncevo,5760568
43,26.0,3.0,5.0,1959.0,2.0,6.0,Horoshevo-Mnevniki,7650000
38,19.0,4.0,16.0,1978.0,1.0,9.0,Jasenevo,6450000
32,21.0,2.0,9.0,1963.0,1.0,5.0,Cheremushki,6500000
39,22.0,11.0,12.0,1969.0,2.0,7.0,Nagatino-Sadovniki,7700000
64,45.0,11.0,12.0,1974.0,3.0,6.0,Zjuzino,2000000
85,47.0,11.0,17.0,2008.0,3.0,11.0,Juzhnoe Tushino,3000000
74,53.0,3.0,5.0,1959.0,3.0,8.0,Basmannoe,11200000
53,29.0,2.0,12.0,1979.0,2.0,8.0,Mar'ino,7500000
35,19.0,12.0,12.0,1973.0,1.0,10.0,Veshnjaki,5900000
21,13.0,8.0,,,,,Meshhanskoe,3300000
107,64.0,17.0,23.0,2008.0,4.0,11.0,Rjazanskij,16400000
38,19.0,7.0,12.0,2003.0,1.0,10.0,Juzhnoe Butovo,6100000
57,30.0,8.0,8.0,2004.0,2.0,11.0,Ljublino,7370000
52,30.0,5.0,12.0,1987.0,2.0,8.0,Ljublino,8200000
59,45.0,4.0,9.0,1966.0,3.0,5.0,Koptevo,9200000
17,17.0,12.0,,,,,Chertanovo Juzhnoe,2700000
43,29.0,3.0,9.0,1966.0,2.0,5.0,Tekstil'shhiki,7050000
134,134.0,1.0,1.0,0.0,3.0,0.0,Poselenie Rogovskoe,5798496
65,30.0,1.0,,,,,Poselenie Voskresenskoe,5252520
61,61.0,2.0,17.0,0.0,2.0,0.0,Poselenie Vnukovskoe,5796498
63,46.0,10.0,16.0,1978.0,3.0,7.0,Ochakovo-Matveevskoe,9550000
35,19.0,5.0,12.0,1967.0,1.0,9.0,Kotlovka,6100000
39,25.0,2.0,5.0,1964.0,2.0,5.0,Taganskoe,3000000
56,34.0,2.0,5.0,1954.0,2.0,6.0,Shhukino,9000000
34,19.0,6.0,12.0,1973.0,1.0,10.0,Veshnjaki,5000000
41,20.0,2.0,14.0,2007.0,1.0,11.0,Staroe Krjukovo,5800000
72,49.0,3.0,5.0,1955.0,3.0,8.0,Savelovskoe,12900000
101,1.0,11.0,1.0,1.0,3.0,1.0,Krjukovo,10170000
51,30.0,17.0,17.0,1985.0,2.0,8.0,Ramenki,12000000
37,19.0,15.0,16.0,1985.0,1.0,10.0,Golovinskoe,6000000
37,,3.0,3.0,0.0,1.0,1.0,Poselenie Novofedorovskoe,2394300
72,42.0,19.0,21.0,1991.0,3.0,8.0,Pechatniki,10700000
69,48.0,2.0,4.0,1950.0,3.0,7.0,Tekstil'shhiki,9100000
78,75.0,4.0,17.0,2014.0,3.0,1.0,Nekrasovka,7722400
38,19.0,15.0,17.0,1990.0,1.0,8.0,Juzhnoportovoe,7000000
54,32.0,11.0,16.0,1979.0,2.0,9.0,Jasenevo,7000000
154,108.0,14.0,18.0,2006.0,4.0,5.0,Horoshevskoe,50000000
